PubMed_ID,GeneID,estrato,tax_id
28765952,23411,Q1_Super_Populares,9606
23669636,6622,Q1_Super_Populares,9606
15802968,1234,Q1_Super_Populares,9606
33813478,406991,Q1_Super_Populares,9606
35563538,23435,Q1_Super_Populares,9606
11398114,1234,Q1_Super_Populares,9606
18037739,4879,Q1_Super_Populares,9606
17244614,3162,Q1_Super_Populares,9606
20532504,5243,Q1_Super_Populares,9606
34994576,673,Q1_Super_Populares,9606
25086254,596,Q1_Super_Populares,9606
1756856,183,Q1_Super_Populares,9606
20972462,999,Q1_Super_Populares,9606
25983111,7450,Q1_Super_Populares,9606
23867349,6696,Q1_Super_Populares,9606
16153003,4233,Q1_Super_Populares,9606
21444672,6774,Q1_Super_Populares,9606
12941811,367,Q1_Super_Populares,9606
22083549,79068,Q1_Super_Populares,9606
29588308,3791,Q1_Super_Populares,9606
17661909,3119,Q1_Super_Populares,9606
33446896,3815,Q1_Super_Populares,9606
32816951,5133,Q1_Super_Populares,9606
24371373,3146,Q1_Super_Populares,9606
34293399,2475,Q1_Super_Populares,9606
25310146,3553,Q1_Super_Populares,9606
22590959,23411,Q1_Super_Populares,9606
19167252,1312,Q1_Super_Populares,9606
27595159,3383,Q1_Super_Populares,9606
19597184,4609,Q1_Super_Populares,9606
25814554,6714,Q1_Super_Populares,9606
26350099,4780,Q1_Super_Populares,9606
18528966,4879,Q1_Super_Populares,9606
17704059,3688,Q1_Super_Populares,9606
18175243,3791,Q1_Super_Populares,9606
24694986,183,Q1_Super_Populares,9606
19916862,5054,Q1_Super_Populares,9606
26126526,4318,Q1_Super_Populares,9606
36994474,4780,Q1_Super_Populares,9606
18721466,3119,Q1_Super_Populares,9606
16724696,4292,Q1_Super_Populares,9606
21191630,3791,Q1_Super_Populares,9606
31727962,367,Q1_Super_Populares,9606
24008518,7157,Q1_Super_Populares,9606
20678555,1813,Q1_Super_Populares,9606
19138820,1956,Q1_Super_Populares,9606
37392490,7852,Q1_Super_Populares,9606
31209784,351,Q1_Super_Populares,9606
15713910,3383,Q1_Super_Populares,9606
17437619,2944,Q1_Super_Populares,9606
23359812,1493,Q1_Super_Populares,9606
21400500,50943,Q1_Super_Populares,9606
19167832,367,Q1_Super_Populares,9606
26931569,4137,Q1_Super_Populares,9606
19755524,1499,Q1_Super_Populares,9606
24189400,8878,Q1_Super_Populares,9606
24927568,4000,Q1_Super_Populares,9606
26551706,4780,Q1_Super_Populares,9606
14727255,7450,Q1_Super_Populares,9606
25088788,3458,Q1_Super_Populares,9606
23230665,3952,Q1_Super_Populares,9606
19608668,1499,Q1_Super_Populares,9606
30573668,581,Q1_Super_Populares,9606
28351623,3480,Q1_Super_Populares,9606
26181201,6622,Q1_Super_Populares,9606
24142575,2033,Q1_Super_Populares,9606
23787408,110806262,Q1_Super_Populares,9606
26109559,1027,Q1_Super_Populares,9606
32064896,6622,Q1_Super_Populares,9606
25730908,1956,Q1_Super_Populares,9606
34060368,3791,Q1_Super_Populares,9606
25735793,1499,Q1_Super_Populares,9606
11044375,7097,Q1_Super_Populares,9606
19254255,3123,Q1_Super_Populares,9606
12086670,596,Q1_Super_Populares,9606
37055579,5970,Q1_Super_Populares,9606
34721756,6696,Q1_Super_Populares,9606
24233813,3557,Q1_Super_Populares,9606
28602977,6774,Q1_Super_Populares,9606
33030848,29126,Q1_Super_Populares,9606
37749552,6387,Q1_Super_Populares,9606
20158519,6714,Q1_Super_Populares,9606
19037107,3690,Q1_Super_Populares,9606
19712061,120892,Q1_Super_Populares,9606
37776850,1493,Q1_Super_Populares,9606
22126575,4524,Q1_Super_Populares,9606
28559539,348,Q1_Super_Populares,9606
17172814,7015,Q1_Super_Populares,9606
30586202,1813,Q1_Super_Populares,9606
26438079,5243,Q1_Super_Populares,9606
19188749,5743,Q1_Super_Populares,9606
10842192,5743,Q1_Super_Populares,9606
30021006,6622,Q1_Super_Populares,9606
20221873,5444,Q1_Super_Populares,9606
28346478,4846,Q1_Super_Populares,9606
18495130,7097,Q1_Super_Populares,9606
26203933,6696,Q1_Super_Populares,9606
24804827,3606,Q1_Super_Populares,9606
23236014,110806262,Q1_Super_Populares,9606
33811702,142,Q1_Super_Populares,9606
12631667,2944,Q1_Super_Populares,9606
23562910,3725,Q1_Super_Populares,9606
26928204,5599,Q1_Super_Populares,9606
20820192,672,Q1_Super_Populares,9606
22085486,1234,Q1_Super_Populares,9606
16044857,7099,Q1_Super_Populares,9606
27027444,672,Q1_Super_Populares,9606
12036871,7450,Q1_Super_Populares,9606
18816594,4609,Q1_Super_Populares,9606
14680975,5468,Q1_Super_Populares,9606
20211062,960,Q1_Super_Populares,9606
19942375,5054,Q1_Super_Populares,9606
14504875,2153,Q1_Super_Populares,9606
11016625,672,Q1_Super_Populares,9606
35167908,4879,Q1_Super_Populares,9606
11239517,3119,Q1_Super_Populares,9606
26552750,6387,Q1_Super_Populares,9606
12370403,7124,Q1_Super_Populares,9606
12966525,6532,Q1_Super_Populares,9606
37486536,5728,Q1_Super_Populares,9606
10885567,3105,Q1_Super_Populares,9606
22707636,2932,Q1_Super_Populares,9606
14534709,3146,Q1_Super_Populares,9606
20870462,351,Q1_Super_Populares,9606
15592292,355,Q1_Super_Populares,9606
31983437,351,Q1_Super_Populares,9606
30905898,406991,Q1_Super_Populares,9606
29148541,4609,Q1_Super_Populares,9606
28065597,3065,Q1_Super_Populares,9606
28416608,5970,Q1_Super_Populares,9606
19112107,3576,Q1_Super_Populares,9606
22262859,672,Q1_Super_Populares,9606
22361813,6622,Q1_Super_Populares,9606
19015275,10413,Q1_Super_Populares,9606
32356560,5133,Q1_Super_Populares,9606
20513078,29126,Q1_Super_Populares,9606
25338662,2153,Q1_Super_Populares,9606
23924900,1080,Q1_Super_Populares,9606
17875573,3586,Q1_Super_Populares,9606
17207024,3565,Q1_Super_Populares,9606
17570509,2147,Q1_Super_Populares,9606
26656590,4846,Q1_Super_Populares,9606
25348056,2944,Q1_Super_Populares,9606
18683754,4292,Q1_Super_Populares,9606
27294127,2952,Q1_Super_Populares,9606
12853948,3569,Q1_Super_Populares,9606
26494593,3106,Q1_Super_Populares,9606
8892658,154,Q1_Super_Populares,9606
25692299,3309,Q1_Super_Populares,9606
21945955,207,Q1_Super_Populares,9606
22844442,836,Q1_Super_Populares,9606
27423588,332,Q1_Super_Populares,9606
31430977,5444,Q1_Super_Populares,9606
20588308,6772,Q1_Super_Populares,9606
15641051,3553,Q1_Super_Populares,9606
39191344,1432,Q1_Super_Populares,9606
14986816,3552,Q1_Super_Populares,9606
24280143,387,Q1_Super_Populares,9606
20981111,5444,Q1_Super_Populares,9606
18259216,5925,Q1_Super_Populares,9606
19020547,4869,Q1_Super_Populares,9606
31357837,3480,Q1_Super_Populares,9606
27507606,7097,Q1_Super_Populares,9606
12750767,3630,Q1_Super_Populares,9606
18045059,3717,Q1_Super_Populares,9606
27012186,3065,Q1_Super_Populares,9606
11878934,983,Q1_Super_Populares,9606
33683519,324,Q1_Super_Populares,9606
26979993,4869,Q1_Super_Populares,9606
26401760,627,Q1_Super_Populares,9606
19913121,324,Q1_Super_Populares,9606
22673112,3958,Q1_Super_Populares,9606
20933336,627,Q1_Super_Populares,9606
29679564,29126,Q1_Super_Populares,9606
28319085,675,Q1_Super_Populares,9606
20204306,2475,Q1_Super_Populares,9606
21544081,79068,Q1_Super_Populares,9606
19264130,4137,Q1_Super_Populares,9606
33995361,3586,Q1_Super_Populares,9606
18018472,4288,Q1_Super_Populares,9606
12524082,5054,Q1_Super_Populares,9606
30796164,351,Q1_Super_Populares,9606
37661113,3065,Q1_Super_Populares,9606
7607642,183,Q1_Super_Populares,9606
37395027,4000,Q1_Super_Populares,9606
15845362,5594,Q1_Super_Populares,9606
32375042,120892,Q1_Super_Populares,9606
25643203,6532,Q1_Super_Populares,9606
19075016,23411,Q1_Super_Populares,9606
19953622,2952,Q1_Super_Populares,9606
21674042,3106,Q1_Super_Populares,9606
29362425,5879,Q1_Super_Populares,9606
16907768,3553,Q1_Super_Populares,9606
9425125,5970,Q1_Super_Populares,9606
31661551,4313,Q1_Super_Populares,9606
21736951,2950,Q1_Super_Populares,9606
36435608,2099,Q1_Super_Populares,9606
36546586,4193,Q1_Super_Populares,9606
15033463,2952,Q1_Super_Populares,9606
21181166,7124,Q1_Super_Populares,9606
38368381,6667,Q1_Super_Populares,9606
25620704,3107,Q1_Super_Populares,9606
13678532,3162,Q1_Super_Populares,9606
20599762,7040,Q1_Super_Populares,9606
24236118,4879,Q1_Super_Populares,9606
19226262,9370,Q1_Super_Populares,9606
28256105,1557,Q1_Super_Populares,9606
39218978,114548,Q1_Super_Populares,9606
20604950,1029,Q1_Super_Populares,9606
32457219,23435,Q1_Super_Populares,9606
29253086,120892,Q1_Super_Populares,9606
12376362,4313,Q1_Super_Populares,9606
25425967,3552,Q1_Super_Populares,9606
36737794,3383,Q1_Super_Populares,9606
32157215,7157,Q1_Super_Populares,9606
12858534,3091,Q1_Super_Populares,9606
30853520,7097,Q1_Super_Populares,9606
16009381,1543,Q1_Super_Populares,9606
16547804,3576,Q1_Super_Populares,9606
22734943,1499,Q1_Super_Populares,9606
15563891,348,Q1_Super_Populares,9606
23221871,627,Q1_Super_Populares,9606
24917023,3606,Q1_Super_Populares,9606
9465039,3077,Q1_Super_Populares,9606
21097678,1432,Q1_Super_Populares,9606
21206905,1432,Q1_Super_Populares,9606
22447520,4233,Q1_Super_Populares,9606
26073399,335,Q1_Super_Populares,9606
32285172,7040,Q1_Super_Populares,9606
18042361,7450,Q1_Super_Populares,9606
12415614,64127,Q1_Super_Populares,9606
20935614,4524,Q1_Super_Populares,9606
17682054,2908,Q1_Super_Populares,9606
22140263,2932,Q1_Super_Populares,9606
19243543,3123,Q1_Super_Populares,9606
16477012,3553,Q1_Super_Populares,9606
21444121,1956,Q1_Super_Populares,9606
17334320,2153,Q1_Super_Populares,9606
33075048,5468,Q1_Super_Populares,9606
24721839,3815,Q1_Super_Populares,9606
20377868,6696,Q1_Super_Populares,9606
18719673,3630,Q1_Super_Populares,9606
21475975,387,Q1_Super_Populares,9606
23472054,5925,Q1_Super_Populares,9606
26662389,4524,Q1_Super_Populares,9606
18075462,4846,Q1_Super_Populares,9606
18713823,7422,Q1_Super_Populares,9606
18443805,2952,Q1_Super_Populares,9606
34839558,5925,Q1_Super_Populares,9606
36172747,1493,Q1_Super_Populares,9606
33531586,2146,Q1_Super_Populares,9606
20971508,960,Q1_Super_Populares,9606
21136273,3162,Q1_Super_Populares,9606
29509190,3107,Q1_Super_Populares,9606
15995945,6532,Q1_Super_Populares,9606
29862445,2475,Q1_Super_Populares,9606
25684485,2950,Q1_Super_Populares,9606
23784844,6647,Q1_Super_Populares,9606
35236823,3091,Q1_Super_Populares,9606
17304884,3106,Q1_Super_Populares,9606
15848527,7040,Q1_Super_Populares,9606
16923217,2950,Q1_Super_Populares,9606
29356224,3553,Q1_Super_Populares,9606
29267651,2952,Q1_Super_Populares,9606
31708372,3815,Q1_Super_Populares,9606
12810720,2908,Q1_Super_Populares,9606
22828925,5595,Q1_Super_Populares,9606
20301468,4000,Q1_Super_Populares,9606
33742100,355,Q1_Super_Populares,9606
11895912,4292,Q1_Super_Populares,9606
37916628,1565,Q1_Super_Populares,9606
14671208,50943,Q1_Super_Populares,9606
26635038,6772,Q1_Super_Populares,9606
35619132,5290,Q1_Super_Populares,9606
12167656,5743,Q1_Super_Populares,9606
18539162,7316,Q1_Super_Populares,9606
17637462,7515,Q1_Super_Populares,9606
20392877,595,Q1_Super_Populares,9606
37326977,3576,Q1_Super_Populares,9606
30115631,999,Q1_Super_Populares,9606
20920548,110806262,Q1_Super_Populares,9606
12388552,7852,Q1_Super_Populares,9606
27249767,1493,Q1_Super_Populares,9606
25538040,5290,Q1_Super_Populares,9606
33502650,5970,Q1_Super_Populares,9606
15598682,387,Q1_Super_Populares,9606
11978563,3123,Q1_Super_Populares,9606
19184427,7157,Q1_Super_Populares,9606
18987997,5747,Q1_Super_Populares,9606
20485444,2908,Q1_Super_Populares,9606
22301914,5444,Q1_Super_Populares,9606
19479998,6347,Q1_Super_Populares,9606
12855573,6772,Q1_Super_Populares,9606
29779167,2932,Q1_Super_Populares,9606
32417757,4312,Q1_Super_Populares,9606
21928234,1401,Q1_Super_Populares,9606
30266980,3576,Q1_Super_Populares,9606
29024602,3309,Q1_Super_Populares,9606
18806268,3320,Q1_Super_Populares,9606
34638586,5728,Q1_Super_Populares,9606
12459519,348,Q1_Super_Populares,9606
29903026,3458,Q1_Super_Populares,9606
35145272,595,Q1_Super_Populares,9606
20532959,5444,Q1_Super_Populares,9606
27468582,2950,Q1_Super_Populares,9606
19660434,6387,Q1_Super_Populares,9606
19845758,50943,Q1_Super_Populares,9606
18266953,5594,Q1_Super_Populares,9606
23573235,596,Q1_Super_Populares,9606
22011446,2064,Q1_Super_Populares,9606
21123564,3952,Q1_Super_Populares,9606
32769117,351,Q1_Super_Populares,9606
22499302,6696,Q1_Super_Populares,9606
20142237,836,Q1_Super_Populares,9606
29277264,1432,Q1_Super_Populares,9606
16786764,3123,Q1_Super_Populares,9606
32382012,3146,Q1_Super_Populares,9606
24647635,2100,Q1_Super_Populares,9606
27967213,114548,Q1_Super_Populares,9606
12748184,387,Q1_Super_Populares,9606
15166010,4088,Q1_Super_Populares,9606
17702745,387,Q1_Super_Populares,9606
9840288,3107,Q1_Super_Populares,9606
15748844,351,Q1_Super_Populares,9606
21623265,4233,Q1_Super_Populares,9606
3022150,5243,Q1_Super_Populares,9606
33348207,2099,Q1_Super_Populares,9606
16915393,5444,Q1_Super_Populares,9606
22629130,4879,Q1_Super_Populares,9606
25192544,2033,Q1_Super_Populares,9606
24255178,324,Q1_Super_Populares,9606
7600101,3958,Q1_Super_Populares,9606
14555820,6387,Q1_Super_Populares,9606
32415260,59272,Q1_Super_Populares,9606
29654697,4609,Q1_Super_Populares,9606
18923427,7515,Q1_Super_Populares,9606
32541093,10413,Q1_Super_Populares,9606
30021884,6647,Q1_Super_Populares,9606
15496409,7097,Q1_Super_Populares,9606
27992423,1636,Q1_Super_Populares,9606
33545068,4233,Q1_Super_Populares,9606
26365350,4088,Q1_Super_Populares,9606
36512647,4313,Q1_Super_Populares,9606
33530501,3605,Q1_Super_Populares,9606
19059448,6532,Q1_Super_Populares,9606
15169570,5925,Q1_Super_Populares,9606
35078819,4233,Q1_Super_Populares,9606
23653000,6387,Q1_Super_Populares,9606
22986536,4851,Q1_Super_Populares,9606
30797824,3107,Q1_Super_Populares,9606
15179406,5243,Q1_Super_Populares,9606
24886358,332,Q1_Super_Populares,9606
30257941,2100,Q1_Super_Populares,9606
28164497,1543,Q1_Super_Populares,9606
11953881,7852,Q1_Super_Populares,9606
30419336,675,Q1_Super_Populares,9606
19411071,2064,Q1_Super_Populares,9606
17306151,2147,Q1_Super_Populares,9606
30774747,332,Q1_Super_Populares,9606
28938488,672,Q1_Super_Populares,9606
20301609,4000,Q1_Super_Populares,9606
37171185,3479,Q1_Super_Populares,9606
20062916,7450,Q1_Super_Populares,9606
18674658,3586,Q1_Super_Populares,9606
32820146,596,Q1_Super_Populares,9606
19275584,836,Q1_Super_Populares,9606
27863385,207,Q1_Super_Populares,9606
26440368,2147,Q1_Super_Populares,9606
11826754,1493,Q1_Super_Populares,9606
27154418,79068,Q1_Super_Populares,9606
18597093,7422,Q1_Super_Populares,9606
31980649,4000,Q1_Super_Populares,9606
30257460,4137,Q1_Super_Populares,9606
18218989,1401,Q1_Super_Populares,9606
26154535,1636,Q1_Super_Populares,9606
17449720,4846,Q1_Super_Populares,9606
23568005,595,Q1_Super_Populares,9606
19933216,2944,Q1_Super_Populares,9606
34941945,1499,Q1_Super_Populares,9606
16395669,2950,Q1_Super_Populares,9606
11807408,1813,Q1_Super_Populares,9606
24271034,367,Q1_Super_Populares,9606
15688415,4790,Q1_Super_Populares,9606
14694183,3458,Q1_Super_Populares,9606
29742291,5133,Q1_Super_Populares,9606
32897953,4288,Q1_Super_Populares,9606
23656924,4879,Q1_Super_Populares,9606
32359123,4846,Q1_Super_Populares,9606
17575262,5594,Q1_Super_Populares,9606
28956745,5468,Q1_Super_Populares,9606
16414014,1543,Q1_Super_Populares,9606
16712842,7316,Q1_Super_Populares,9606
15821810,2153,Q1_Super_Populares,9606
11259576,3065,Q1_Super_Populares,9606
32916992,120892,Q1_Super_Populares,9606
29950413,6774,Q1_Super_Populares,9606
12075579,5468,Q1_Super_Populares,9606
15858598,3458,Q1_Super_Populares,9606
23559006,2932,Q1_Super_Populares,9606
10651488,1080,Q1_Super_Populares,9606
25033841,4869,Q1_Super_Populares,9606
30808881,3106,Q1_Super_Populares,9606
17969487,1636,Q1_Super_Populares,9606
32412125,367,Q1_Super_Populares,9606
27368002,1956,Q1_Super_Populares,9606
20541434,3952,Q1_Super_Populares,9606
26315483,10413,Q1_Super_Populares,9606
17392368,3458,Q1_Super_Populares,9606
14526083,6647,Q1_Super_Populares,9606
18588978,2932,Q1_Super_Populares,9606
25051498,3458,Q1_Super_Populares,9606
21330910,1234,Q1_Super_Populares,9606
29358618,2146,Q1_Super_Populares,9606
20802378,3557,Q1_Super_Populares,9606
12915460,675,Q1_Super_Populares,9606
37816710,23411,Q1_Super_Populares,9606
26348925,3480,Q1_Super_Populares,9606
17160992,3690,Q1_Super_Populares,9606
28269754,5290,Q1_Super_Populares,9606
25306918,7316,Q1_Super_Populares,9606
19888426,64127,Q1_Super_Populares,9606
21169230,348,Q1_Super_Populares,9606
36678277,6532,Q1_Super_Populares,9606
31318609,3605,Q1_Super_Populares,9606
12417054,183,Q1_Super_Populares,9606
20524403,1026,Q1_Super_Populares,9606
25299052,7099,Q1_Super_Populares,9606
21524306,5599,Q1_Super_Populares,9606
25975956,960,Q1_Super_Populares,9606
16649250,1029,Q1_Super_Populares,9606
18789554,1956,Q1_Super_Populares,9606
20823837,3119,Q1_Super_Populares,9606
27885704,64127,Q1_Super_Populares,9606
19403568,2099,Q1_Super_Populares,9606
20658730,596,Q1_Super_Populares,9606
20458532,675,Q1_Super_Populares,9606
24924396,3958,Q1_Super_Populares,9606
16076904,3688,Q1_Super_Populares,9606
20693905,5468,Q1_Super_Populares,9606
11913978,7421,Q1_Super_Populares,9606
25820929,6387,Q1_Super_Populares,9606
22022391,6772,Q1_Super_Populares,9606
11229461,3106,Q1_Super_Populares,9606
23677639,999,Q1_Super_Populares,9606
21320563,7097,Q1_Super_Populares,9606
16035619,3690,Q1_Super_Populares,9606
21061795,596,Q1_Super_Populares,9606
27535224,472,Q1_Super_Populares,9606
35059842,355,Q1_Super_Populares,9606
15569594,3576,Q1_Super_Populares,9606
16160620,1813,Q1_Super_Populares,9606
33226740,3815,Q1_Super_Populares,9606
22163344,920,Q1_Super_Populares,9606
11787859,581,Q1_Super_Populares,9606
23284937,3688,Q1_Super_Populares,9606
1695900,2147,Q1_Super_Populares,9606
16980336,348,Q1_Super_Populares,9606
16971956,3586,Q1_Super_Populares,9606
29373608,3576,Q1_Super_Populares,9606
20637736,6532,Q1_Super_Populares,9606
28416193,3952,Q1_Super_Populares,9606
24953558,7040,Q1_Super_Populares,9606
20578216,2099,Q1_Super_Populares,9606
12914571,4524,Q1_Super_Populares,9606
24915949,3479,Q1_Super_Populares,9606
15889231,9370,Q1_Super_Populares,9606
25245053,207,Q1_Super_Populares,9606
28561677,29126,Q1_Super_Populares,9606
19578686,627,Q1_Super_Populares,9606
23867821,5290,Q1_Super_Populares,9606
17314097,4790,Q1_Super_Populares,9606
18160396,324,Q1_Super_Populares,9606
19565552,3106,Q1_Super_Populares,9606
12050583,3119,Q1_Super_Populares,9606
20447705,3077,Q1_Super_Populares,9606
11469465,3119,Q1_Super_Populares,9606
23164639,2950,Q1_Super_Populares,9606
22580443,4313,Q1_Super_Populares,9606
32544536,2100,Q1_Super_Populares,9606
14693408,154,Q1_Super_Populares,9606
18941937,4524,Q1_Super_Populares,9606
27394002,3091,Q1_Super_Populares,9606
24967401,5290,Q1_Super_Populares,9606
30704758,4318,Q1_Super_Populares,9606
22883195,857,Q1_Super_Populares,9606
39358380,3309,Q1_Super_Populares,9606
33543443,5728,Q1_Super_Populares,9606
18805107,1401,Q1_Super_Populares,9606
20072139,1493,Q1_Super_Populares,9606
17106238,1029,Q1_Super_Populares,9606
26543556,672,Q1_Super_Populares,9606
11140838,3630,Q1_Super_Populares,9606
20876529,7852,Q1_Super_Populares,9606
26530498,2932,Q1_Super_Populares,9606
25381333,1565,Q1_Super_Populares,9606
32188625,7450,Q1_Super_Populares,9606
26560848,1312,Q1_Super_Populares,9606
33097595,472,Q1_Super_Populares,9606
27693464,3383,Q1_Super_Populares,9606
16286511,154,Q1_Super_Populares,9606
27068509,3958,Q1_Super_Populares,9606
32310186,120892,Q1_Super_Populares,9606
27077983,627,Q1_Super_Populares,9606
26393682,3845,Q1_Super_Populares,9606
23133622,7316,Q1_Super_Populares,9606
33644029,3309,Q1_Super_Populares,9606
12964021,2153,Q1_Super_Populares,9606
34256773,29126,Q1_Super_Populares,9606
21262832,3815,Q1_Super_Populares,9606
18489822,1401,Q1_Super_Populares,9606
21244504,4318,Q1_Super_Populares,9606
25556445,3480,Q1_Super_Populares,9606
20457620,5970,Q1_Super_Populares,9606
27058219,2147,Q1_Super_Populares,9606
20041156,120892,Q1_Super_Populares,9606
29120858,6696,Q1_Super_Populares,9606
24145278,920,Q1_Super_Populares,9606
37909722,207,Q1_Super_Populares,9606
12052755,4193,Q1_Super_Populares,9606
23814118,5054,Q1_Super_Populares,9606
20838991,1557,Q1_Super_Populares,9606
19443353,5054,Q1_Super_Populares,9606
20061380,7040,Q1_Super_Populares,9606
18085494,3552,Q1_Super_Populares,9606
32921413,5468,Q1_Super_Populares,9606
29133922,5594,Q1_Super_Populares,9606
27282980,4790,Q1_Super_Populares,9606
16164743,4846,Q1_Super_Populares,9606
30297360,367,Q1_Super_Populares,9606
20623181,4780,Q1_Super_Populares,9606
12952980,335,Q1_Super_Populares,9606
28383562,142,Q1_Super_Populares,9606
21832283,7422,Q1_Super_Populares,9606
33117339,3606,Q1_Super_Populares,9606
16835890,1027,Q1_Super_Populares,9606
24606688,1234,Q1_Super_Populares,9606
15539430,595,Q1_Super_Populares,9606
26330555,8878,Q1_Super_Populares,9606
31160578,983,Q1_Super_Populares,9606
27855376,4088,Q1_Super_Populares,9606
15718424,183,Q1_Super_Populares,9606
38117590,3105,Q1_Super_Populares,9606
22209294,5290,Q1_Super_Populares,9606
7951252,6647,Q1_Super_Populares,9606
32109558,79068,Q1_Super_Populares,9606
39617063,2033,Q1_Super_Populares,9606
38594840,3845,Q1_Super_Populares,9606
7683646,3479,Q1_Super_Populares,9606
19921474,4318,Q1_Super_Populares,9606
20228199,3605,Q1_Super_Populares,9606
20452981,7157,Q1_Super_Populares,9606
29887526,3309,Q1_Super_Populares,9606
15667866,2944,Q1_Super_Populares,9606
23543084,7515,Q1_Super_Populares,9606
15811326,1029,Q1_Super_Populares,9606
27192561,6774,Q1_Super_Populares,9606
25920026,5468,Q1_Super_Populares,9606
23033269,3605,Q1_Super_Populares,9606
19659809,177,Q1_Super_Populares,9606
27354275,7422,Q1_Super_Populares,9606
23509992,4288,Q1_Super_Populares,9606
12226742,4846,Q1_Super_Populares,9606
16388492,3565,Q1_Super_Populares,9606
24818561,3107,Q1_Super_Populares,9606
22631655,4288,Q1_Super_Populares,9606
24130607,110806262,Q1_Super_Populares,9606
25000517,7015,Q1_Super_Populares,9606
18815279,2033,Q1_Super_Populares,9606
21049023,3123,Q1_Super_Populares,9606
16775389,1565,Q1_Super_Populares,9606
21802305,3106,Q1_Super_Populares,9606
18317569,351,Q1_Super_Populares,9606
23270673,1401,Q1_Super_Populares,9606
22268729,3320,Q1_Super_Populares,9606
20596673,7015,Q1_Super_Populares,9606
17164408,3479,Q1_Super_Populares,9606
20709600,50943,Q1_Super_Populares,9606
24906341,7515,Q1_Super_Populares,9606
26096306,2146,Q1_Super_Populares,9606
21135555,627,Q1_Super_Populares,9606
27561780,627,Q1_Super_Populares,9606
26840943,3479,Q1_Super_Populares,9606
20686604,154,Q1_Super_Populares,9606
20127031,6714,Q1_Super_Populares,9606
25464604,3690,Q1_Super_Populares,9606
33966039,2146,Q1_Super_Populares,9606
37419429,406991,Q1_Super_Populares,9606
29763840,3565,Q1_Super_Populares,9606
26973196,4313,Q1_Super_Populares,9606
20072153,1387,Q1_Super_Populares,9606
30069026,114548,Q1_Super_Populares,9606
10898498,3107,Q1_Super_Populares,9606
27880917,1432,Q1_Super_Populares,9606
30902832,2064,Q1_Super_Populares,9606
28351619,3091,Q1_Super_Populares,9606
23158993,50943,Q1_Super_Populares,9606
7839353,3107,Q1_Super_Populares,9606
18667348,627,Q1_Super_Populares,9606
23276885,351,Q1_Super_Populares,9606
21861665,1557,Q1_Super_Populares,9606
18552362,7421,Q1_Super_Populares,9606
31111520,1029,Q1_Super_Populares,9606
19860911,3552,Q1_Super_Populares,9606
16246845,3630,Q1_Super_Populares,9606
17963598,29126,Q1_Super_Populares,9606
24019906,960,Q1_Super_Populares,9606
15535843,387,Q1_Super_Populares,9606
19235843,3690,Q1_Super_Populares,9606
19338576,23435,Q1_Super_Populares,9606
20693286,5595,Q1_Super_Populares,9606
29495952,3815,Q1_Super_Populares,9606
19152241,3606,Q1_Super_Populares,9606
21590492,5747,Q1_Super_Populares,9606
9632782,4193,Q1_Super_Populares,9606
30593723,2146,Q1_Super_Populares,9606
12186939,3725,Q1_Super_Populares,9606
25228699,120892,Q1_Super_Populares,9606
24148764,2064,Q1_Super_Populares,9606
10640275,3065,Q1_Super_Populares,9606
18175066,183,Q1_Super_Populares,9606
19351365,4288,Q1_Super_Populares,9606
15569979,2100,Q1_Super_Populares,9606
22631677,355,Q1_Super_Populares,9606
25996949,7316,Q1_Super_Populares,9606
38093209,3383,Q1_Super_Populares,9606
40355756,581,Q1_Super_Populares,9606
25854163,6774,Q1_Super_Populares,9606
10488148,3725,Q1_Super_Populares,9606
27680698,627,Q1_Super_Populares,9606
19051206,3630,Q1_Super_Populares,9606
26671754,1080,Q1_Super_Populares,9606
24739951,581,Q1_Super_Populares,9606
14676821,5243,Q1_Super_Populares,9606
14612430,7124,Q1_Super_Populares,9606
15699505,3630,Q1_Super_Populares,9606
37858201,5970,Q1_Super_Populares,9606
21948293,7421,Q1_Super_Populares,9606
25059824,1387,Q1_Super_Populares,9606
38779680,5054,Q1_Super_Populares,9606
32770964,3162,Q1_Super_Populares,9606
26669670,3106,Q1_Super_Populares,9606
23494669,332,Q1_Super_Populares,9606
20438716,2033,Q1_Super_Populares,9606
12950120,183,Q1_Super_Populares,9606
24522376,207,Q1_Super_Populares,9606
27113703,1543,Q1_Super_Populares,9606
17724596,7099,Q1_Super_Populares,9606
7694806,3105,Q1_Super_Populares,9606
34576008,10413,Q1_Super_Populares,9606
15908432,3309,Q1_Super_Populares,9606
20978324,332,Q1_Super_Populares,9606
9184207,7852,Q1_Super_Populares,9606
30784360,4790,Q1_Super_Populares,9606
27573352,595,Q1_Super_Populares,9606
24975964,7099,Q1_Super_Populares,9606
25505069,8878,Q1_Super_Populares,9606
27846285,335,Q1_Super_Populares,9606
24043886,6347,Q1_Super_Populares,9606
23514615,920,Q1_Super_Populares,9606
15831281,332,Q1_Super_Populares,9606
21811155,9370,Q1_Super_Populares,9606
17846855,7124,Q1_Super_Populares,9606
31320454,1234,Q1_Super_Populares,9606
15869582,836,Q1_Super_Populares,9606
11942414,4790,Q1_Super_Populares,9606
15060161,1499,Q1_Super_Populares,9606
41249152,6774,Q1_Super_Populares,9606
19349390,3569,Q1_Super_Populares,9606
27781293,4524,Q1_Super_Populares,9606
37379210,7157,Q1_Super_Populares,9606
27544800,596,Q1_Super_Populares,9606
15188025,1027,Q1_Super_Populares,9606
15853903,3105,Q1_Super_Populares,9606
14758530,3557,Q1_Super_Populares,9606
38015538,3569,Q1_Super_Populares,9606
17362351,3569,Q1_Super_Populares,9606
19750329,1543,Q1_Super_Populares,9606
38159247,4193,Q1_Super_Populares,9606
22964853,3320,Q1_Super_Populares,9606
19337385,114548,Q1_Super_Populares,9606
19074461,4137,Q1_Super_Populares,9606
29072241,2944,Q1_Super_Populares,9606
9449720,581,Q1_Super_Populares,9606
10480607,7450,Q1_Super_Populares,9606
18959821,5594,Q1_Super_Populares,9606
15241418,4088,Q1_Super_Populares,9606
15054398,2153,Q1_Super_Populares,9606
24449884,1499,Q1_Super_Populares,9606
23180530,7316,Q1_Super_Populares,9606
30585729,4288,Q1_Super_Populares,9606
27813552,4846,Q1_Super_Populares,9606
28629373,5133,Q1_Super_Populares,9606
24964035,4088,Q1_Super_Populares,9606
19453261,5595,Q1_Super_Populares,9606
12722176,1813,Q1_Super_Populares,9606
16359991,3952,Q1_Super_Populares,9606
19359599,3688,Q1_Super_Populares,9606
33771483,29126,Q1_Super_Populares,9606
21938741,1026,Q1_Super_Populares,9606
12556231,183,Q1_Super_Populares,9606
25222780,3958,Q1_Super_Populares,9606
18388244,6714,Q1_Super_Populares,9606
20185929,177,Q1_Super_Populares,9606
26748875,2147,Q1_Super_Populares,9606
18021343,1557,Q1_Super_Populares,9606
31370204,7422,Q1_Super_Populares,9606
24904546,3107,Q1_Super_Populares,9606
24127926,5970,Q1_Super_Populares,9606
36807750,5925,Q1_Super_Populares,9606
36139147,2908,Q1_Super_Populares,9606
21824286,472,Q1_Super_Populares,9606
22675930,4318,Q1_Super_Populares,9606
31150457,1956,Q1_Super_Populares,9606
36593255,207,Q1_Super_Populares,9606
28514442,7515,Q1_Super_Populares,9606
22967500,3630,Q1_Super_Populares,9606
25882767,9370,Q1_Super_Populares,9606
12356205,1234,Q1_Super_Populares,9606
22650962,1234,Q1_Super_Populares,9606
22035595,9370,Q1_Super_Populares,9606
19094431,7316,Q1_Super_Populares,9606
27909050,4851,Q1_Super_Populares,9606
27220321,3725,Q1_Super_Populares,9606
25592970,1499,Q1_Super_Populares,9606
23542036,5243,Q1_Super_Populares,9606
22984553,675,Q1_Super_Populares,9606
23253087,1026,Q1_Super_Populares,9606
11956078,1029,Q1_Super_Populares,9606
15948239,3952,Q1_Super_Populares,9606
23086478,4851,Q1_Super_Populares,9606
22747686,5054,Q1_Super_Populares,9606
28957360,7099,Q1_Super_Populares,9606
24036936,4879,Q1_Super_Populares,9606
24497847,348,Q1_Super_Populares,9606
22619175,2475,Q1_Super_Populares,9606
7651399,324,Q1_Super_Populares,9606
18042801,7015,Q1_Super_Populares,9606
19679070,348,Q1_Super_Populares,9606
27736875,4851,Q1_Super_Populares,9606
14630914,4088,Q1_Super_Populares,9606
9722660,3146,Q1_Super_Populares,9606
12761501,5970,Q1_Super_Populares,9606
16446977,64127,Q1_Super_Populares,9606
30018336,6772,Q1_Super_Populares,9606
31038410,672,Q1_Super_Populares,9606
23157824,3845,Q1_Super_Populares,9606
18237245,595,Q1_Super_Populares,9606
17141222,6714,Q1_Super_Populares,9606
12673844,3383,Q1_Super_Populares,9606
36510980,2064,Q1_Super_Populares,9606
12609713,332,Q1_Super_Populares,9606
26490262,4000,Q1_Super_Populares,9606
19284577,177,Q1_Super_Populares,9606
12807436,6622,Q1_Super_Populares,9606
25888059,79068,Q1_Super_Populares,9606
12080444,5468,Q1_Super_Populares,9606
18155264,3105,Q1_Super_Populares,9606
27863403,673,Q1_Super_Populares,9606
34860163,1080,Q1_Super_Populares,9606
12566177,348,Q1_Super_Populares,9606
29032501,3091,Q1_Super_Populares,9606
38364252,1499,Q1_Super_Populares,9606
30628725,5747,Q1_Super_Populares,9606
15760907,2475,Q1_Super_Populares,9606
12135330,1636,Q1_Super_Populares,9606
22378045,6667,Q1_Super_Populares,9606
24030461,4780,Q1_Super_Populares,9606
19889638,207,Q1_Super_Populares,9606
26321697,673,Q1_Super_Populares,9606
31018945,7450,Q1_Super_Populares,9606
18547262,595,Q1_Super_Populares,9606
19826003,1387,Q1_Super_Populares,9606
9660747,2033,Q1_Super_Populares,9606
30894540,2033,Q1_Super_Populares,9606
27986563,5728,Q1_Super_Populares,9606
22044563,3480,Q1_Super_Populares,9606
12761493,5925,Q1_Super_Populares,9606
16199891,183,Q1_Super_Populares,9606
27030318,6667,Q1_Super_Populares,9606
27320800,177,Q1_Super_Populares,9606
41611887,7515,Q1_Super_Populares,9606
23097380,4233,Q1_Super_Populares,9606
19091404,595,Q1_Super_Populares,9606
33060727,3958,Q1_Super_Populares,9606
37907567,675,Q1_Super_Populares,9606
1672777,4879,Q1_Super_Populares,9606
19834793,3119,Q1_Super_Populares,9606
32646478,6647,Q1_Super_Populares,9606
20080624,472,Q1_Super_Populares,9606
24702826,335,Q1_Super_Populares,9606
24354620,857,Q1_Super_Populares,9606
29992318,2146,Q1_Super_Populares,9606
17927716,3105,Q1_Super_Populares,9606
14653306,110806262,Q1_Super_Populares,9606
20723587,1543,Q1_Super_Populares,9606
20932315,2033,Q1_Super_Populares,9606
27736845,4780,Q1_Super_Populares,9606
17335808,3091,Q1_Super_Populares,9606
23644699,4312,Q1_Super_Populares,9606
8054685,5747,Q1_Super_Populares,9606
24745156,1026,Q1_Super_Populares,9606
25344320,1499,Q1_Super_Populares,9606
37554278,5747,Q1_Super_Populares,9606
15562208,9370,Q1_Super_Populares,9606
28475016,367,Q1_Super_Populares,9606
19082441,4288,Q1_Super_Populares,9606
16271941,7422,Q1_Super_Populares,9606
28242758,2146,Q1_Super_Populares,9606
12482669,5595,Q1_Super_Populares,9606
19109192,3586,Q1_Super_Populares,9606
35235311,983,Q1_Super_Populares,9606
26420348,4318,Q1_Super_Populares,9606
28402926,6387,Q1_Super_Populares,9606
17603900,2952,Q1_Super_Populares,9606
19267073,4524,Q1_Super_Populares,9606
32350255,4193,Q1_Super_Populares,9606
27502297,3605,Q1_Super_Populares,9606
21194879,5728,Q1_Super_Populares,9606
9443979,1387,Q1_Super_Populares,9606
22644781,6774,Q1_Super_Populares,9606
11087859,7316,Q1_Super_Populares,9606
1351056,2064,Q1_Super_Populares,9606
19594441,4790,Q1_Super_Populares,9606
14999081,4137,Q1_Super_Populares,9606
23244138,6696,Q1_Super_Populares,9606
23541532,23435,Q1_Super_Populares,9606
16893896,3077,Q1_Super_Populares,9606
22344298,4088,Q1_Super_Populares,9606
31798581,3565,Q1_Super_Populares,9606
22068554,3123,Q1_Super_Populares,9606
25311665,6772,Q1_Super_Populares,9606
33757513,7422,Q1_Super_Populares,9606
21816818,7515,Q1_Super_Populares,9606
24963148,6347,Q1_Super_Populares,9606
26344197,4000,Q1_Super_Populares,9606
6308458,335,Q1_Super_Populares,9606
34927784,7852,Q1_Super_Populares,9606
21035110,3552,Q1_Super_Populares,9606
25665057,4313,Q1_Super_Populares,9606
24078094,1027,Q1_Super_Populares,9606
17189706,5599,Q1_Super_Populares,9606
24842904,4193,Q1_Super_Populares,9606
29256070,836,Q1_Super_Populares,9606
25147336,3791,Q1_Super_Populares,9606
24489103,5970,Q1_Super_Populares,9606
26908058,7421,Q1_Super_Populares,9606
25184681,4292,Q1_Super_Populares,9606
36239545,4288,Q1_Super_Populares,9606
12687213,3586,Q1_Super_Populares,9606
22389297,50943,Q1_Super_Populares,9606
23011509,672,Q1_Super_Populares,9606
39162859,6622,Q1_Super_Populares,9606
19076218,355,Q1_Super_Populares,9606
27364547,7097,Q1_Super_Populares,9606
38446251,406991,Q1_Super_Populares,9606
15104566,7421,Q1_Super_Populares,9606
15537704,5728,Q1_Super_Populares,9606
21741444,207,Q1_Super_Populares,9606
1388288,983,Q1_Super_Populares,9606
26385789,114548,Q1_Super_Populares,9606
37312615,406991,Q1_Super_Populares,9606
20437058,3479,Q1_Super_Populares,9606
33414168,4292,Q1_Super_Populares,9606
29150654,2908,Q1_Super_Populares,9606
28797712,2100,Q1_Super_Populares,9606
34830158,23411,Q1_Super_Populares,9606
21673190,3309,Q1_Super_Populares,9606
30504723,960,Q1_Super_Populares,9606
17215244,3309,Q1_Super_Populares,9606
25840495,64127,Q1_Super_Populares,9606
23333300,6774,Q1_Super_Populares,9606
37336816,5133,Q1_Super_Populares,9606
21675959,7157,Q1_Super_Populares,9606
11122213,3565,Q1_Super_Populares,9606
20304822,3725,Q1_Super_Populares,9606
12428239,3106,Q1_Super_Populares,9606
25458044,7124,Q1_Super_Populares,9606
32546241,3480,Q1_Super_Populares,9606
19621391,5743,Q1_Super_Populares,9606
21667253,4851,Q1_Super_Populares,9606
19904250,1557,Q1_Super_Populares,9606
22311343,3479,Q1_Super_Populares,9606
20827430,2950,Q1_Super_Populares,9606
24302768,3146,Q1_Super_Populares,9606
25310198,7852,Q1_Super_Populares,9606
34385357,4000,Q1_Super_Populares,9606
20595916,3557,Q1_Super_Populares,9606
27756891,4609,Q1_Super_Populares,9606
32135277,3606,Q1_Super_Populares,9606
9924018,6714,Q1_Super_Populares,9606
37968472,5290,Q1_Super_Populares,9606
27094578,3688,Q1_Super_Populares,9606
20018238,1234,Q1_Super_Populares,9606
35621728,4869,Q1_Super_Populares,9606
15572666,1026,Q1_Super_Populares,9606
16166518,59272,Q1_Super_Populares,9606
26927720,5133,Q1_Super_Populares,9606
22455686,3553,Q1_Super_Populares,9606
21316605,6667,Q1_Super_Populares,9606
11875499,581,Q1_Super_Populares,9606
24267414,79068,Q1_Super_Populares,9606
19568851,110806262,Q1_Super_Populares,9606
32463592,207,Q1_Super_Populares,9606
24732340,4879,Q1_Super_Populares,9606
23077289,4780,Q1_Super_Populares,9606
34271894,5133,Q1_Super_Populares,9606
26852906,1312,Q1_Super_Populares,9606
23962558,6774,Q1_Super_Populares,9606
19474754,1312,Q1_Super_Populares,9606
23185298,2932,Q1_Super_Populares,9606
17786964,7421,Q1_Super_Populares,9606
16204701,2908,Q1_Super_Populares,9606
24816252,1557,Q1_Super_Populares,9606
32636443,23411,Q1_Super_Populares,9606
28400509,3845,Q1_Super_Populares,9606
38441376,1432,Q1_Super_Populares,9606
25687825,4780,Q1_Super_Populares,9606
20869334,472,Q1_Super_Populares,9606
32296183,5595,Q1_Super_Populares,9606
12181570,5879,Q1_Super_Populares,9606
22290228,5728,Q1_Super_Populares,9606
25461680,355,Q1_Super_Populares,9606
32283711,59272,Q1_Super_Populares,9606
34081760,1956,Q1_Super_Populares,9606
24994675,3690,Q1_Super_Populares,9606
33436551,3091,Q1_Super_Populares,9606
38104911,3146,Q1_Super_Populares,9606
25451254,335,Q1_Super_Populares,9606
16781717,335,Q1_Super_Populares,9606
33737203,4312,Q1_Super_Populares,9606
32795556,114548,Q1_Super_Populares,9606
36640339,472,Q1_Super_Populares,9606
20399384,3557,Q1_Super_Populares,9606
27015844,335,Q1_Super_Populares,9606
11487538,1543,Q1_Super_Populares,9606
25624455,3717,Q1_Super_Populares,9606
16638855,5747,Q1_Super_Populares,9606
25010932,7124,Q1_Super_Populares,9606
12782302,3576,Q1_Super_Populares,9606
19843326,675,Q1_Super_Populares,9606
15863794,6532,Q1_Super_Populares,9606
31213647,7015,Q1_Super_Populares,9606
12881616,1080,Q1_Super_Populares,9606
8756624,1026,Q1_Super_Populares,9606
19959759,3952,Q1_Super_Populares,9606
20438394,3690,Q1_Super_Populares,9606
15115913,1565,Q1_Super_Populares,9606
21915265,1401,Q1_Super_Populares,9606
23293110,3791,Q1_Super_Populares,9606
36271031,10413,Q1_Super_Populares,9606
24824777,5925,Q1_Super_Populares,9606
35504883,960,Q1_Super_Populares,9606
31240317,2908,Q1_Super_Populares,9606
24700253,4851,Q1_Super_Populares,9606
34270831,406991,Q1_Super_Populares,9606
18790046,6647,Q1_Super_Populares,9606
30471768,5743,Q1_Super_Populares,9606
8889548,3958,Q1_Super_Populares,9606
24107629,857,Q1_Super_Populares,9606
12477932,675,Q1_Super_Populares,9606
33355370,5594,Q1_Super_Populares,9606
16155381,4318,Q1_Super_Populares,9606
25512514,920,Q1_Super_Populares,9606
34265288,3091,Q1_Super_Populares,9606
17719742,64127,Q1_Super_Populares,9606
29111166,857,Q1_Super_Populares,9606
14671106,5595,Q1_Super_Populares,9606
19029633,2147,Q1_Super_Populares,9606
9361003,836,Q1_Super_Populares,9606
25600648,6696,Q1_Super_Populares,9606
28492540,7015,Q1_Super_Populares,9606
26937962,2944,Q1_Super_Populares,9606
11751905,3688,Q1_Super_Populares,9606
26457672,6714,Q1_Super_Populares,9606
22628023,3586,Q1_Super_Populares,9606
31609157,1493,Q1_Super_Populares,9606
28798204,3479,Q1_Super_Populares,9606
20578265,1493,Q1_Super_Populares,9606
26172389,857,Q1_Super_Populares,9606
21242961,1026,Q1_Super_Populares,9606
31629819,23411,Q1_Super_Populares,9606
12525641,983,Q1_Super_Populares,9606
39079530,8878,Q1_Super_Populares,9606
22533435,6622,Q1_Super_Populares,9606
34780565,3569,Q1_Super_Populares,9606
25810340,4088,Q1_Super_Populares,9606
27136911,2100,Q1_Super_Populares,9606
9605856,110806262,Q1_Super_Populares,9606
33625078,3077,Q1_Super_Populares,9606
21485219,4318,Q1_Super_Populares,9606
36073783,4292,Q1_Super_Populares,9606
9485454,2950,Q1_Super_Populares,9606
26521100,1557,Q1_Super_Populares,9606
21245296,3077,Q1_Super_Populares,9606
22213089,472,Q1_Super_Populares,9606
16782382,5743,Q1_Super_Populares,9606
22673037,3569,Q1_Super_Populares,9606
34091499,672,Q1_Super_Populares,9606
29648472,3606,Q1_Super_Populares,9606
20602615,348,Q1_Super_Populares,9606
23097335,406992,Q2_Medios,9606
19619285,4976,Q2_Medios,9606
22425648,9021,Q2_Medios,9606
24209998,89780,Q2_Medios,9606
22329450,7134,Q2_Medios,9606
31037158,10481,Q2_Medios,9606
18767156,11051,Q2_Medios,9606
31970886,3219,Q2_Medios,9606
21120950,1373,Q2_Medios,9606
26982743,624,Q2_Medios,9606
38320423,25937,Q2_Medios,9606
10982185,3718,Q2_Medios,9606
25857925,407021,Q2_Medios,9606
14743429,4155,Q2_Medios,9606
15937220,11051,Q2_Medios,9606
24806827,8013,Q2_Medios,9606
15454735,1548,Q2_Medios,9606
12486717,231,Q2_Medios,9606
27339399,8651,Q2_Medios,9606
24101588,27350,Q2_Medios,9606
35247231,8398,Q2_Medios,9606
24315737,5889,Q2_Medios,9606
15145077,2890,Q2_Medios,9606
15635413,10992,Q2_Medios,9606
21636898,8362,Q2_Medios,9606
28042712,6288,Q2_Medios,9606
11801648,959,Q2_Medios,9606
32132543,406995,Q2_Medios,9606
27878304,5607,Q2_Medios,9606
25954029,773,Q2_Medios,9606
18079182,121504,Q2_Medios,9606
7545960,720,Q2_Medios,9606
25008994,64581,Q2_Medios,9606
10438593,1025,Q2_Medios,9606
25319929,3284,Q2_Medios,9606
12200441,79661,Q2_Medios,9606
23601003,3115,Q2_Medios,9606
16875975,4881,Q2_Medios,9606
7514426,3799,Q2_Medios,9606
23618859,3491,Q2_Medios,9606
26945479,406936,Q2_Medios,9606
33853758,5917,Q2_Medios,9606
9527489,54732,Q2_Medios,9606
30089592,6524,Q2_Medios,9606
26521940,8431,Q2_Medios,9606
29568890,406980,Q2_Medios,9606
19345260,3440,Q2_Medios,9606
15634332,442908,Q2_Medios,9606
19177501,7508,Q2_Medios,9606
23444369,5317,Q2_Medios,9606
23663121,5979,Q2_Medios,9606
29276125,22974,Q2_Medios,9606
20303269,9113,Q2_Medios,9606
23254740,7248,Q2_Medios,9606
25903336,64682,Q2_Medios,9606
12163475,5291,Q2_Medios,9606
26885983,10111,Q2_Medios,9606
35676246,5710,Q2_Medios,9606
27229929,969,Q2_Medios,9606
16396496,1509,Q2_Medios,9606
18622264,3359,Q2_Medios,9606
18781179,8828,Q2_Medios,9606
29604056,6997,Q2_Medios,9606
12624546,4830,Q2_Medios,9606
35069550,1994,Q2_Medios,9606
32822567,5789,Q2_Medios,9606
37522198,966,Q2_Medios,9606
2308864,8788,Q2_Medios,9606
28267437,64798,Q2_Medios,9606
37768355,8697,Q2_Medios,9606
25154740,3902,Q2_Medios,9606
18287540,4704,Q2_Medios,9606
29227529,9768,Q2_Medios,9606
16775029,116085,Q2_Medios,9606
18301763,55503,Q2_Medios,9606
17609271,1874,Q2_Medios,9606
33436039,8324,Q2_Medios,9606
32892482,60468,Q2_Medios,9606
34333527,8795,Q2_Medios,9606
18619034,9588,Q2_Medios,9606
22647351,27161,Q2_Medios,9606
17293877,25842,Q2_Medios,9606
12388095,6541,Q2_Medios,9606
36655039,6657,Q2_Medios,9606
9780231,5055,Q2_Medios,9606
26109721,1385,Q2_Medios,9606
27926873,353,Q2_Medios,9606
10225950,7283,Q2_Medios,9606
30724771,5058,Q2_Medios,9606
9393856,598,Q2_Medios,9606
30578397,2658,Q2_Medios,9606
29233503,3170,Q2_Medios,9606
21832278,3454,Q2_Medios,9606
18955490,4316,Q2_Medios,9606
34127318,356,Q2_Medios,9606
11831930,889,Q2_Medios,9606
36233342,26064,Q2_Medios,9606
1582408,5577,Q2_Medios,9606
33798911,406917,Q2_Medios,9606
26147638,8000,Q2_Medios,9606
35338135,4691,Q2_Medios,9606
29748388,1063,Q2_Medios,9606
31286834,406908,Q2_Medios,9606
40437099,4905,Q2_Medios,9606
34428304,6045,Q2_Medios,9606
30073324,8314,Q2_Medios,9606
28738408,115004,Q2_Medios,9606
28675297,178,Q2_Medios,9606
19157142,5328,Q2_Medios,9606
25632008,83737,Q2_Medios,9606
36891052,341,Q2_Medios,9606
26700805,6607,Q2_Medios,9606
15548692,51741,Q2_Medios,9606
12486001,84790,Q2_Medios,9606
33578531,1143,Q2_Medios,9606
36841324,25942,Q2_Medios,9606
10353252,9439,Q2_Medios,9606
12557231,63976,Q2_Medios,9606
29931229,3516,Q2_Medios,9606
18275081,8106,Q2_Medios,9606
19859911,7182,Q2_Medios,9606
8626802,2294,Q2_Medios,9606
12576441,2208,Q2_Medios,9606
16757480,6303,Q2_Medios,9606
32532810,23657,Q2_Medios,9606
22884369,3399,Q2_Medios,9606
33990570,5525,Q2_Medios,9606
19596686,6189,Q2_Medios,9606
26760575,1650,Q2_Medios,9606
32847038,643,Q2_Medios,9606
10852966,1796,Q2_Medios,9606
20056178,2268,Q2_Medios,9606
17199078,6340,Q2_Medios,9606
12377943,6351,Q2_Medios,9606
20018869,23365,Q2_Medios,9606
19706884,6957,Q2_Medios,9606
16333843,6439,Q2_Medios,9606
21498727,8840,Q2_Medios,9606
27537387,10406,Q2_Medios,9606
30699057,55170,Q2_Medios,9606
21410658,3126,Q2_Medios,9606
33970409,5451,Q2_Medios,9606
31235784,84152,Q2_Medios,9606
15302589,4149,Q2_Medios,9606
21320024,80854,Q2_Medios,9606
28165497,7476,Q2_Medios,9606
20375790,397,Q2_Medios,9606
18592002,4763,Q2_Medios,9606
22479496,3559,Q2_Medios,9606
16573520,150684,Q2_Medios,9606
26059563,80204,Q2_Medios,9606
16139856,161,Q2_Medios,9606
17603487,6892,Q2_Medios,9606
20592285,4012,Q2_Medios,9606
32814769,4670,Q2_Medios,9606
34637032,1118,Q2_Medios,9606
2760061,197,Q2_Medios,9606
32753499,5537,Q2_Medios,9606
34564849,50506,Q2_Medios,9606
22974333,990,Q2_Medios,9606
24098115,60489,Q2_Medios,9606
9709714,37,Q2_Medios,9606
29850896,80198,Q2_Medios,9606
30709905,4218,Q2_Medios,9606
7929844,6915,Q2_Medios,9606
21611203,1211,Q2_Medios,9606
12173049,7071,Q2_Medios,9606
19033397,169026,Q2_Medios,9606
19875891,3803,Q2_Medios,9606
29104064,5034,Q2_Medios,9606
19000170,4985,Q2_Medios,9606
19885602,7471,Q2_Medios,9606
25220500,890,Q2_Medios,9606
20975235,4607,Q2_Medios,9606
37541622,7476,Q2_Medios,9606
21148561,9682,Q2_Medios,9606
22204662,4340,Q2_Medios,9606
17363767,2052,Q2_Medios,9606
30382595,84876,Q2_Medios,9606
24097068,5981,Q2_Medios,9606
21880146,10232,Q2_Medios,9606
25383660,1062,Q2_Medios,9606
31601979,1786,Q2_Medios,9606
25365549,79813,Q2_Medios,9606
1646080,3625,Q2_Medios,9606
15987717,2935,Q2_Medios,9606
15199127,11201,Q2_Medios,9606
9326653,4299,Q2_Medios,9606
30377053,50616,Q2_Medios,9606
21738396,1462,Q2_Medios,9606
26634653,8013,Q2_Medios,9606
17554300,23274,Q2_Medios,9606
21685874,8358,Q2_Medios,9606
15714521,2720,Q2_Medios,9606
11179213,7879,Q2_Medios,9606
34768932,4440,Q2_Medios,9606
22619278,5292,Q2_Medios,9606
11970955,3827,Q2_Medios,9606
15928844,6037,Q2_Medios,9606
23204109,5579,Q2_Medios,9606
34511128,29881,Q2_Medios,9606
12649372,6564,Q2_Medios,9606
20444686,2717,Q2_Medios,9606
37100772,26986,Q2_Medios,9606
20853600,384,Q2_Medios,9606
19894072,121278,Q2_Medios,9606
21393245,330,Q2_Medios,9606
34031488,28234,Q2_Medios,9606
19636416,29904,Q2_Medios,9606
16690207,10848,Q2_Medios,9606
37990490,6317,Q2_Medios,9606
32582986,1139,Q2_Medios,9606
17966612,3976,Q2_Medios,9606
27540978,406907,Q2_Medios,9606
23794184,386653,Q2_Medios,9606
23975336,6523,Q2_Medios,9606
10022855,8349,Q2_Medios,9606
12691958,5029,Q2_Medios,9606
32873229,407008,Q2_Medios,9606
23079033,2693,Q2_Medios,9606
25526472,7516,Q2_Medios,9606
31341054,406915,Q2_Medios,9606
22882268,54984,Q2_Medios,9606
9230071,9367,Q2_Medios,9606
17948896,2913,Q2_Medios,9606
15175163,5436,Q2_Medios,9606
27486773,407040,Q2_Medios,9606
27185865,203068,Q2_Medios,9606
3053166,909,Q2_Medios,9606
20546165,10019,Q2_Medios,9606
25303370,50616,Q2_Medios,9606
10696239,439,Q2_Medios,9606
23329754,9965,Q2_Medios,9606
27501781,56244,Q2_Medios,9606
32338599,930,Q2_Medios,9606
23364988,55353,Q2_Medios,9606
30711569,55384,Q2_Medios,9606
23028483,3122,Q2_Medios,9606
37479690,5160,Q2_Medios,9606
38146125,58191,Q2_Medios,9606
26803106,51548,Q2_Medios,9606
27609643,9948,Q2_Medios,9606
21792676,4744,Q2_Medios,9606
23621219,10013,Q2_Medios,9606
12356918,88,Q2_Medios,9606
25485488,109580095,Q2_Medios,9606
26977024,6197,Q2_Medios,9606
35460250,3554,Q2_Medios,9606
1374067,3856,Q2_Medios,9606
17696781,10401,Q2_Medios,9606
11257441,6272,Q2_Medios,9606
27771704,6446,Q2_Medios,9606
37170124,5978,Q2_Medios,9606
18803666,5818,Q2_Medios,9606
15718407,488,Q2_Medios,9606
21454535,4154,Q2_Medios,9606
11809713,4323,Q2_Medios,9606
39238192,563,Q2_Medios,9606
38831335,23327,Q2_Medios,9606
30410068,7375,Q2_Medios,9606
19538983,57412,Q2_Medios,9606
18296681,6648,Q2_Medios,9606
21368691,2026,Q2_Medios,9606
26341115,6367,Q2_Medios,9606
33616086,2213,Q2_Medios,9606
27171391,551,Q2_Medios,9606
20037211,1806,Q2_Medios,9606
16027165,1973,Q2_Medios,9606
34319830,2660,Q2_Medios,9606
10675619,6838,Q2_Medios,9606
26407101,5175,Q2_Medios,9606
25758468,5788,Q2_Medios,9606
9038232,3595,Q2_Medios,9606
10224125,4301,Q2_Medios,9606
8943276,2688,Q2_Medios,9606
22725681,1317,Q2_Medios,9606
26487755,7004,Q2_Medios,9606
32205441,11284,Q2_Medios,9606
22076164,111099027,Q2_Medios,9606
26451046,8829,Q2_Medios,9606
27517149,23642,Q2_Medios,9606
10683148,8775,Q2_Medios,9606
11106764,5310,Q2_Medios,9606
3816496,4942,Q2_Medios,9606
19229105,5071,Q2_Medios,9606
39085368,406976,Q2_Medios,9606
24453475,5694,Q2_Medios,9606
11590181,2804,Q2_Medios,9606
24204859,282617,Q2_Medios,9606
12482854,51144,Q2_Medios,9606
35140242,8405,Q2_Medios,9606
24574362,81,Q2_Medios,9606
29407292,112744,Q2_Medios,9606
22369660,79184,Q2_Medios,9606
11230124,317,Q2_Medios,9606
39147351,1459,Q2_Medios,9606
9521426,5053,Q2_Medios,9606
21404621,10956,Q2_Medios,9606
18088600,9294,Q2_Medios,9606
18937829,1806,Q2_Medios,9606
12228247,2022,Q2_Medios,9606
18837961,3290,Q2_Medios,9606
12234138,6556,Q2_Medios,9606
30045065,5979,Q2_Medios,9606
12169206,2272,Q2_Medios,9606
23901138,27161,Q2_Medios,9606
27129302,9768,Q2_Medios,9606
18445023,4091,Q2_Medios,9606
29401586,5887,Q2_Medios,9606
19112833,185,Q2_Medios,9606
32970737,3624,Q2_Medios,9606
15926113,11132,Q2_Medios,9606
19332728,7372,Q2_Medios,9606
11776032,5156,Q2_Medios,9606
31425729,7042,Q2_Medios,9606
24457600,64783,Q2_Medios,9606
20388487,53615,Q2_Medios,9606
21381877,2321,Q2_Medios,9606
7635475,7094,Q2_Medios,9606
27131314,407021,Q2_Medios,9606
9311822,902,Q2_Medios,9606
23333058,406952,Q2_Medios,9606
18385516,26003,Q2_Medios,9606
9835627,6564,Q2_Medios,9606
33618749,5581,Q2_Medios,9606
16598308,2260,Q2_Medios,9606
26254225,3082,Q2_Medios,9606
28988713,5015,Q2_Medios,9606
36526897,55165,Q2_Medios,9606
24583396,1514,Q2_Medios,9606
10026200,801,Q2_Medios,9606
39522233,6949,Q2_Medios,9606
35676659,808,Q2_Medios,9606
20214763,6556,Q2_Medios,9606
19672300,1649,Q2_Medios,9606
12690205,10061,Q2_Medios,9606
24695378,54901,Q2_Medios,9606
19118547,23243,Q2_Medios,9606
16355270,23022,Q2_Medios,9606
28865365,406911,Q2_Medios,9606
27075829,255738,Q2_Medios,9606
23687340,1441,Q2_Medios,9606
9789045,2175,Q2_Medios,9606
27103069,4218,Q2_Medios,9606
24766303,51196,Q2_Medios,9606
41086943,55681,Q2_Medios,9606
10380976,5368,Q2_Medios,9606
35025009,3655,Q2_Medios,9606
16517613,133,Q2_Medios,9606
20016521,1906,Q2_Medios,9606
32614237,406933,Q2_Medios,9606
22547907,1903,Q2_Medios,9606
18353079,3595,Q2_Medios,9606
12782964,12,Q2_Medios,9606
14722620,2348,Q2_Medios,9606
14505569,27243,Q2_Medios,9606
12763866,6645,Q2_Medios,9606
38896446,10221,Q2_Medios,9606
28826039,145264,Q2_Medios,9606
22844406,3217,Q2_Medios,9606
28724915,64750,Q2_Medios,9606
37442413,200315,Q2_Medios,9606
7896837,3932,Q2_Medios,9606
32900848,975,Q2_Medios,9606
23775149,3481,Q2_Medios,9606
8664909,3423,Q2_Medios,9606
21501828,2621,Q2_Medios,9606
16495483,9844,Q2_Medios,9606
19299407,1071,Q2_Medios,9606
23266622,3811,Q2_Medios,9606
18592168,7804,Q2_Medios,9606
29065392,7520,Q2_Medios,9606
35261819,100507056,Q2_Medios,9606
30895599,387715,Q2_Medios,9606
14677049,5465,Q2_Medios,9606
8440685,633,Q2_Medios,9606
17192875,7049,Q2_Medios,9606
34694182,4048,Q2_Medios,9606
27590927,5198,Q2_Medios,9606
23956198,2290,Q2_Medios,9606
22026458,2719,Q2_Medios,9606
19549922,2852,Q2_Medios,9606
22493371,3357,Q2_Medios,9606
15130582,8815,Q2_Medios,9606
28678816,3798,Q2_Medios,9606
20514075,3094,Q2_Medios,9606
37558718,51465,Q2_Medios,9606
9122265,1180,Q2_Medios,9606
25434496,4477,Q2_Medios,9606
21910833,250,Q2_Medios,9606
18284209,2962,Q2_Medios,9606
34971753,728,Q2_Medios,9606
31932471,5585,Q2_Medios,9606
29353204,994,Q2_Medios,9606
29561707,54617,Q2_Medios,9606
22928666,384,Q2_Medios,9606
27153538,3015,Q2_Medios,9606
12391162,10253,Q2_Medios,9606
17015733,721,Q2_Medios,9606
25287602,959,Q2_Medios,9606
36408368,5929,Q2_Medios,9606
25657325,4926,Q2_Medios,9606
20052552,3135,Q2_Medios,9606
20080080,7941,Q2_Medios,9606
22666436,4891,Q2_Medios,9606
34510400,406904,Q2_Medios,9606
26169395,11047,Q2_Medios,9606
23699174,3276,Q2_Medios,9606
36159777,10346,Q2_Medios,9606
24849286,30849,Q2_Medios,9606
16368742,59341,Q2_Medios,9606
23166521,8106,Q2_Medios,9606
36168627,1373,Q2_Medios,9606
14618632,7161,Q2_Medios,9606
12893243,5587,Q2_Medios,9606
23325686,7430,Q2_Medios,9606
19415485,4582,Q2_Medios,9606
23000965,6181,Q2_Medios,9606
23487342,5786,Q2_Medios,9606
7529318,3872,Q2_Medios,9606
30419948,57291,Q2_Medios,9606
23716269,84634,Q2_Medios,9606
17899313,3920,Q2_Medios,9606
23487264,406971,Q2_Medios,9606
25764126,406915,Q2_Medios,9606
23642263,5976,Q2_Medios,9606
18074690,2056,Q2_Medios,9606
33498624,410,Q2_Medios,9606
28790309,25820,Q2_Medios,9606
11807771,3329,Q2_Medios,9606
27356469,8989,Q2_Medios,9606
24636039,2066,Q2_Medios,9606
22749388,3934,Q2_Medios,9606
31380412,3662,Q2_Medios,9606
33405047,407037,Q2_Medios,9606
8439335,1585,Q2_Medios,9606
31900208,55750,Q2_Medios,9606
41636814,3161,Q2_Medios,9606
35661648,4036,Q2_Medios,9606
24834797,64848,Q2_Medios,9606
15144186,4690,Q2_Medios,9606
33097827,3356,Q2_Medios,9606
16721057,7913,Q2_Medios,9606
10875927,3202,Q2_Medios,9606
28426188,2131,Q2_Medios,9606
18922617,3394,Q2_Medios,9606
20797713,6775,Q2_Medios,9606
19602820,107980440,Q2_Medios,9606
22912744,6207,Q2_Medios,9606
17556010,2526,Q2_Medios,9606
17923735,1890,Q2_Medios,9606
12715918,57379,Q2_Medios,9606
20601551,6583,Q2_Medios,9606
20634941,1991,Q2_Medios,9606
27022162,23327,Q2_Medios,9606
27483141,3326,Q2_Medios,9606
38113892,5584,Q2_Medios,9606
24418192,26047,Q2_Medios,9606
21471203,4488,Q2_Medios,9606
21505994,9423,Q2_Medios,9606
19303401,383,Q2_Medios,9606
6188845,6222,Q2_Medios,9606
2229189,3672,Q2_Medios,9606
30804502,2175,Q2_Medios,9606
36439870,406,Q2_Medios,9606
33849617,57721,Q2_Medios,9606
35793009,442891,Q2_Medios,9606
33277362,6119,Q2_Medios,9606
21913056,6934,Q2_Medios,9606
33239621,27043,Q2_Medios,9606
10698495,107126361,Q2_Medios,9606
26753883,6957,Q2_Medios,9606
15572213,113251,Q2_Medios,9606
12089346,5469,Q2_Medios,9606
34265287,6615,Q2_Medios,9606
3260033,1589,Q2_Medios,9606
20504295,23111,Q2_Medios,9606
20304029,3635,Q2_Medios,9606
28618254,5155,Q2_Medios,9606
16879614,1153,Q2_Medios,9606
34070785,6750,Q2_Medios,9606
24756974,10371,Q2_Medios,9606
19644511,7818,Q2_Medios,9606
37841254,3902,Q2_Medios,9606
17112726,23244,Q2_Medios,9606
10722370,914,Q2_Medios,9606
17728257,4594,Q2_Medios,9606
10359729,110973015,Q2_Medios,9606
10359608,10228,Q2_Medios,9606
11910130,6010,Q2_Medios,9606
25796446,22824,Q2_Medios,9606
28927264,1431,Q2_Medios,9606
27021640,2081,Q2_Medios,9606
30554083,84868,Q2_Medios,9606
24013128,3831,Q2_Medios,9606
11799118,10188,Q2_Medios,9606
25589740,9495,Q2_Medios,9606
36217029,6672,Q2_Medios,9606
11375975,55914,Q2_Medios,9606
23383273,8533,Q2_Medios,9606
17849285,259266,Q2_Medios,9606
19234517,201163,Q2_Medios,9606
25740611,25,Q2_Medios,9606
16944293,3459,Q2_Medios,9606
7494303,10980,Q2_Medios,9606
32783369,8815,Q2_Medios,9606
32167078,9156,Q2_Medios,9606
28127866,7249,Q2_Medios,9606
21893192,1816,Q2_Medios,9606
23825122,2492,Q2_Medios,9606
30696053,3804,Q2_Medios,9606
16402917,4502,Q2_Medios,9606
8878483,1948,Q2_Medios,9606
28698188,153090,Q2_Medios,9606
20029029,3308,Q2_Medios,9606
23121977,3858,Q2_Medios,9606
28381538,1230,Q2_Medios,9606
34418458,5214,Q2_Medios,9606
18451177,10524,Q2_Medios,9606
18507837,898,Q2_Medios,9606
25308476,406980,Q2_Medios,9606
17123722,7021,Q2_Medios,9606
26150353,5300,Q2_Medios,9606
16311606,5311,Q2_Medios,9606
21994574,8165,Q2_Medios,9606
36724820,10857,Q2_Medios,9606
22417750,4311,Q2_Medios,9606
12569559,4277,Q2_Medios,9606
27133561,26278,Q2_Medios,9606
23356641,84447,Q2_Medios,9606
18984771,4856,Q2_Medios,9606
20605702,9722,Q2_Medios,9606
33862464,54915,Q2_Medios,9606
26352169,1236,Q2_Medios,9606
18996922,8243,Q2_Medios,9606
18854317,57126,Q2_Medios,9606
19028691,57506,Q2_Medios,9606
19421146,5294,Q2_Medios,9606
21789713,6019,Q2_Medios,9606
30716333,79661,Q2_Medios,9606
14551190,6573,Q2_Medios,9606
15735762,1871,Q2_Medios,9606
29276034,80312,Q2_Medios,9606
19759375,9826,Q2_Medios,9606
23102918,6362,Q2_Medios,9606
30979931,1859,Q2_Medios,9606
31337707,3615,Q2_Medios,9606
22722750,1788,Q2_Medios,9606
25578727,23358,Q2_Medios,9606
12072519,5818,Q2_Medios,9606
21440262,80208,Q2_Medios,9606
19356052,54578,Q2_Medios,9606
8432525,5864,Q2_Medios,9606
33762435,3861,Q2_Medios,9606
37837352,442906,Q2_Medios,9606
26989054,10987,Q2_Medios,9606
32322062,10963,Q2_Medios,9606
10786834,4686,Q2_Medios,9606
24778252,5213,Q2_Medios,9606
15461802,162,Q2_Medios,9606
18420269,7220,Q2_Medios,9606
32053901,1291,Q2_Medios,9606
31295688,4026,Q2_Medios,9606
12704215,6282,Q2_Medios,9606
10882111,9282,Q2_Medios,9606
36004681,6103,Q2_Medios,9606
23251453,10009,Q2_Medios,9606
1915414,23636,Q2_Medios,9606
32356314,406917,Q2_Medios,9606
25575811,57410,Q2_Medios,9606
29631608,84444,Q2_Medios,9606
25209430,8673,Q2_Medios,9606
31158233,8542,Q2_Medios,9606
18337829,30835,Q2_Medios,9606
23723238,6396,Q2_Medios,9606
27733646,7113,Q2_Medios,9606
19060910,3931,Q2_Medios,9606
38733555,3614,Q2_Medios,9606
9498238,1583,Q2_Medios,9606
29925347,11091,Q2_Medios,9606
3511544,2796,Q2_Medios,9606
28330616,539,Q2_Medios,9606
6848140,3098,Q2_Medios,9606
19675172,59067,Q2_Medios,9606
10672042,1645,Q2_Medios,9606
10791974,840,Q2_Medios,9606
33731348,6603,Q2_Medios,9606
10373521,5436,Q2_Medios,9606
30696704,4882,Q2_Medios,9606
20378180,717,Q2_Medios,9606
38373841,10365,Q2_Medios,9606
20566590,1734,Q2_Medios,9606
14642406,2879,Q2_Medios,9606
17998283,8626,Q2_Medios,9606
31399192,8013,Q2_Medios,9606
34378358,6688,Q2_Medios,9606
25998219,72,Q2_Medios,9606
28190768,3150,Q2_Medios,9606
21083904,34,Q2_Medios,9606
19451621,6310,Q2_Medios,9606
30454648,10940,Q2_Medios,9606
9254654,5777,Q2_Medios,9606
24916695,25932,Q2_Medios,9606
19816951,9314,Q2_Medios,9606
9268635,5055,Q2_Medios,9606
24259048,1893,Q2_Medios,9606
30892082,10758,Q2_Medios,9606
19069167,350,Q2_Medios,9606
19047046,5608,Q2_Medios,9606
36266732,9780,Q2_Medios,9606
38496616,2,Q2_Medios,9606
18234671,8322,Q2_Medios,9606
25335168,8672,Q2_Medios,9606
21382013,10051,Q2_Medios,9606
30004050,7080,Q2_Medios,9606
12147348,9261,Q2_Medios,9606
20937667,2643,Q2_Medios,9606
34782623,115004,Q2_Medios,9606
24973170,1163,Q2_Medios,9606
25450267,1647,Q2_Medios,9606
20442269,27347,Q2_Medios,9606
30792187,84868,Q2_Medios,9606
9705294,2739,Q2_Medios,9606
23515404,111099027,Q2_Medios,9606
38239506,22933,Q2_Medios,9606
38147235,406971,Q2_Medios,9606
23069210,10445,Q2_Medios,9606
16098514,6009,Q2_Medios,9606
12840015,10594,Q2_Medios,9606
25292214,7332,Q2_Medios,9606
32423802,9075,Q2_Medios,9606
30425250,79180,Q2_Medios,9606
25728138,4775,Q2_Medios,9606
24063684,1975,Q2_Medios,9606
17895406,5025,Q2_Medios,9606
19023132,5592,Q2_Medios,9606
22608477,7248,Q2_Medios,9606
17479437,2572,Q2_Medios,9606
16364318,10653,Q2_Medios,9606
23066029,51514,Q2_Medios,9606
35941108,79811,Q2_Medios,9606
26305249,58157,Q2_Medios,9606
10970849,2633,Q2_Medios,9606
9439663,1806,Q2_Medios,9606
11306556,2801,Q2_Medios,9606
31578589,11167,Q2_Medios,9606
21986129,7292,Q2_Medios,9606
21612428,105259599,Q2_Medios,9606
10809230,7253,Q2_Medios,9606
23260655,57332,Q2_Medios,9606
21870514,4256,Q2_Medios,9606
19304520,406881,Q2_Medios,9606
17483451,6531,Q2_Medios,9606
8962055,2108,Q2_Medios,9606
10397765,6857,Q2_Medios,9606
23552691,6613,Q2_Medios,9606
25053464,4598,Q2_Medios,9606
37278569,5870,Q2_Medios,9606
27578485,55802,Q2_Medios,9606
33539913,406909,Q2_Medios,9606
33417976,6453,Q2_Medios,9606
31253590,6932,Q2_Medios,9606
15304486,4772,Q2_Medios,9606
19596235,301,Q2_Medios,9606
16424870,5914,Q2_Medios,9606
17567603,7153,Q2_Medios,9606
32427588,10049,Q2_Medios,9606
24469828,2175,Q2_Medios,9606
22744763,4595,Q2_Medios,9606
23532381,29997,Q2_Medios,9606
23109342,6041,Q2_Medios,9606
37346838,6736,Q2_Medios,9606
26018753,144455,Q2_Medios,9606
25564309,8771,Q2_Medios,9606
11852051,6522,Q2_Medios,9606
16439986,1364,Q2_Medios,9606
18264137,10988,Q2_Medios,9606
26185130,925,Q2_Medios,9606
20966915,948,Q2_Medios,9606
20163453,386653,Q2_Medios,9606
23317483,3596,Q2_Medios,9606
25098814,6737,Q2_Medios,9606
30819820,51755,Q2_Medios,9606
20800603,22985,Q2_Medios,9606
18039968,91,Q2_Medios,9606
15199049,2254,Q2_Medios,9606
27756855,1081,Q2_Medios,9606
12704213,931,Q2_Medios,9606
23323615,4159,Q2_Medios,9606
20565746,3205,Q2_Medios,9606
26617863,51280,Q2_Medios,9606
18498293,6441,Q2_Medios,9606
21131967,79813,Q2_Medios,9606
27429853,65217,Q2_Medios,9606
17405915,6868,Q2_Medios,9606
35993046,8792,Q2_Medios,9606
12370157,2592,Q2_Medios,9606
36339263,10971,Q2_Medios,9606
23318213,3833,Q2_Medios,9606
26041288,163590,Q2_Medios,9606
21241799,644,Q2_Medios,9606
23031273,54331,Q2_Medios,9606
24882571,7100,Q2_Medios,9606
15117961,4613,Q2_Medios,9606
20210919,3803,Q2_Medios,9606
31669268,7184,Q2_Medios,9606
32268092,27125,Q2_Medios,9606
15521070,800,Q2_Medios,9606
25544563,26168,Q2_Medios,9606
29721183,10772,Q2_Medios,9606
9010224,4690,Q2_Medios,9606
27458165,3939,Q2_Medios,9606
15300632,10203,Q2_Medios,9606
22048026,3064,Q2_Medios,9606
22675500,1822,Q2_Medios,9606
29296520,3604,Q2_Medios,9606
29374162,3563,Q2_Medios,9606
26832416,50485,Q2_Medios,9606
21478156,4534,Q2_Medios,9606
27663661,3916,Q2_Medios,9606
15556996,5883,Q2_Medios,9606
7545941,1984,Q2_Medios,9606
34583995,2752,Q2_Medios,9606
34673637,2264,Q2_Medios,9606
12096124,5195,Q2_Medios,9606
8135811,2203,Q2_Medios,9606
37932746,23657,Q2_Medios,9606
12530967,2627,Q2_Medios,9606
10694923,554,Q2_Medios,9606
25337209,79602,Q2_Medios,9606
19758246,7033,Q2_Medios,9606
22106281,5880,Q2_Medios,9606
11309369,1896,Q2_Medios,9606
35776542,5718,Q2_Medios,9606
18852263,977,Q2_Medios,9606
33472061,3796,Q2_Medios,9606
23334847,4281,Q2_Medios,9606
33917494,8864,Q2_Medios,9606
20619150,100048912,Q2_Medios,9606
24386364,689,Q2_Medios,9606
16803467,284,Q2_Medios,9606
17568778,9641,Q2_Medios,9606
19837033,8322,Q2_Medios,9606
19281908,384,Q2_Medios,9606
33637954,6095,Q2_Medios,9606
18434323,5069,Q2_Medios,9606
18513328,23513,Q2_Medios,9606
12426564,7305,Q2_Medios,9606
21337384,2526,Q2_Medios,9606
32557257,2288,Q2_Medios,9606
18165231,1268,Q2_Medios,9606
16867986,5727,Q2_Medios,9606
35563402,9365,Q2_Medios,9606
33160621,9475,Q2_Medios,9606
9032325,4853,Q2_Medios,9606
28651374,970,Q2_Medios,9606
19887623,6659,Q2_Medios,9606
35170374,55288,Q2_Medios,9606
20629673,2312,Q2_Medios,9606
30442662,55379,Q2_Medios,9606
18268015,8856,Q2_Medios,9606
19342888,5932,Q2_Medios,9606
18211889,9129,Q2_Medios,9606
25233400,407048,Q2_Medios,9606
33914392,3976,Q2_Medios,9606
32924985,406942,Q2_Medios,9606
28713926,640,Q2_Medios,9606
16532037,2261,Q2_Medios,9606
31020542,2625,Q2_Medios,9606
24927996,11140,Q2_Medios,9606
31169983,10923,Q2_Medios,9606
24344204,10061,Q2_Medios,9606
20858966,4922,Q2_Medios,9606
31247591,5168,Q2_Medios,9606
32937373,55898,Q2_Medios,9606
17117487,2625,Q2_Medios,9606
15616553,7329,Q2_Medios,9606
20558747,10628,Q2_Medios,9606
28730778,3694,Q2_Medios,9606
19946888,23644,Q2_Medios,9606
36994687,28964,Q2_Medios,9606
18285836,83990,Q2_Medios,9606
16684881,2224,Q2_Medios,9606
20675610,6559,Q2_Medios,9606
11507095,2767,Q2_Medios,9606
31817543,7399,Q2_Medios,9606
8413249,1869,Q2_Medios,9606
1977660,2525,Q2_Medios,9606
25780036,958,Q2_Medios,9606
29726059,2120,Q2_Medios,9606
31832068,407043,Q2_Medios,9606
30515972,868,Q2_Medios,9606
32752071,407053,Q2_Medios,9606
27505134,3897,Q2_Medios,9606
21388957,4986,Q2_Medios,9606
20148758,107980440,Q2_Medios,9606
28928101,3570,Q2_Medios,9606
28111160,8862,Q2_Medios,9606
15695515,3082,Q2_Medios,9606
17202338,9365,Q2_Medios,9606
17620336,3482,Q2_Medios,9606
31233974,57817,Q2_Medios,9606
20301676,1293,Q2_Medios,9606
12190814,100507436,Q2_Medios,9606
30257870,5713,Q2_Medios,9606
28422705,3814,Q2_Medios,9606
23654079,1803,Q2_Medios,9606
20981699,7031,Q2_Medios,9606
23758639,442906,Q2_Medios,9606
12427559,84722,Q2_Medios,9606
30877431,54927,Q2_Medios,9606
10713044,5883,Q2_Medios,9606
13679391,6354,Q2_Medios,9606
11053448,3726,Q2_Medios,9606
14961561,2550,Q2_Medios,9606
29786109,55704,Q2_Medios,9606
37723588,6897,Q2_Medios,9606
22465951,3008,Q2_Medios,9606
31584786,665,Q2_Medios,9606
20858893,26524,Q2_Medios,9606
20636793,23600,Q2_Medios,9606
29867203,176,Q2_Medios,9606
2450054,276,Q2_Medios,9606
20180536,6868,Q2_Medios,9606
17245428,5515,Q2_Medios,9606
24560809,51280,Q2_Medios,9606
27924500,406907,Q2_Medios,9606
12873722,10395,Q2_Medios,9606
24854282,51129,Q2_Medios,9606
15561974,1969,Q2_Medios,9606
12144530,7341,Q2_Medios,9606
18643778,6440,Q2_Medios,9606
34209751,949,Q2_Medios,9606
21821000,86,Q2_Medios,9606
18845326,3981,Q2_Medios,9606
12515253,60528,Q2_Medios,9606
29644770,55004,Q2_Medios,9606
26287391,8639,Q2_Medios,9606
8720117,3098,Q2_Medios,9606
18583979,27185,Q2_Medios,9606
22003382,1525,Q2_Medios,9606
21906591,6786,Q2_Medios,9606
33865911,90865,Q2_Medios,9606
18319731,4744,Q2_Medios,9606
24591637,3189,Q2_Medios,9606
24057047,2217,Q2_Medios,9606
23533145,1823,Q2_Medios,9606
11816564,26353,Q2_Medios,9606
34251884,4214,Q2_Medios,9606
3284962,3683,Q2_Medios,9606
33597720,26060,Q2_Medios,9606
29056322,64121,Q2_Medios,9606
35768685,27122,Q2_Medios,9606
36880596,64151,Q2_Medios,9606
16189514,9093,Q2_Medios,9606
32985313,26121,Q2_Medios,9606
27338790,9978,Q2_Medios,9606
8816798,7027,Q2_Medios,9606
31273188,442900,Q2_Medios,9606
16412978,7518,Q2_Medios,9606
12731048,259197,Q2_Medios,9606
26551005,7048,Q2_Medios,9606
17549067,54658,Q2_Medios,9606
12538779,9997,Q2_Medios,9606
15166247,22794,Q2_Medios,9606
26084674,2149,Q2_Medios,9606
24062569,3756,Q2_Medios,9606
12091337,2056,Q2_Medios,9606
33279577,11201,Q2_Medios,9606
21439723,10628,Q2_Medios,9606
21640411,947,Q2_Medios,9606
34272384,1028,Q2_Medios,9606
16392638,368,Q2_Medios,9606
17510199,3163,Q2_Medios,9606
11251075,10755,Q2_Medios,9606
34825085,3854,Q2_Medios,9606
25450647,28987,Q2_Medios,9606
17051221,3375,Q2_Medios,9606
28622293,8554,Q2_Medios,9606
25214041,1050,Q2_Medios,9606
14685174,6636,Q2_Medios,9606
22761865,1621,Q2_Medios,9606
7993212,4693,Q2_Medios,9606
19608626,5297,Q2_Medios,9606
23924028,406988,Q2_Medios,9606
32589942,6789,Q2_Medios,9606
23043469,10767,Q2_Medios,9606
28759957,23642,Q2_Medios,9606
34711951,5717,Q2_Medios,9606
23696651,11073,Q2_Medios,9606
24488098,10010,Q2_Medios,9606
22103831,26985,Q2_Medios,9606
19850743,51311,Q2_Medios,9606
32764530,5649,Q2_Medios,9606
10720466,22820,Q2_Medios,9606
22114354,2235,Q2_Medios,9606
19194833,7038,Q2_Medios,9606
19862010,10767,Q2_Medios,9606
19759335,5972,Q2_Medios,9606
10364174,1441,Q2_Medios,9606
7987321,162,Q2_Medios,9606
18614856,64478,Q2_Medios,9606
20154147,55210,Q2_Medios,9606
24836440,25,Q2_Medios,9606
20655364,3060,Q2_Medios,9606
9145435,133,Q2_Medios,9606
12167657,1969,Q2_Medios,9606
32019397,28514,Q2_Medios,9606
36215168,54862,Q2_Medios,9606
26711351,705,Q2_Medios,9606
17445044,4594,Q2_Medios,9606
34048366,442908,Q2_Medios,9606
30449416,4921,Q2_Medios,9606
9771698,4160,Q2_Medios,9606
12714585,6416,Q2_Medios,9606
19148187,10075,Q2_Medios,9606
22761775,25932,Q2_Medios,9606
22484241,8767,Q2_Medios,9606
23158864,6373,Q2_Medios,9606
26654793,10347,Q2_Medios,9606
27270321,23410,Q2_Medios,9606
14963040,7428,Q2_Medios,9606
37905840,2332,Q2_Medios,9606
11279239,7538,Q2_Medios,9606
32711345,891,Q2_Medios,9606
17119117,115650,Q2_Medios,9606
29970682,9021,Q2_Medios,9606
9261168,1832,Q2_Medios,9606
25148523,6311,Q2_Medios,9606
21817106,4973,Q2_Medios,9606
10455108,9846,Q2_Medios,9606
24637324,6672,Q2_Medios,9606
36122769,79888,Q2_Medios,9606
17132480,5047,Q2_Medios,9606
22792322,2804,Q2_Medios,9606
32249768,6626,Q2_Medios,9606
32082362,2658,Q2_Medios,9606
29683064,57510,Q2_Medios,9606
19028597,10616,Q2_Medios,9606
16354680,57521,Q2_Medios,9606
25987767,406909,Q2_Medios,9606
20038269,22943,Q2_Medios,9606
12459277,8517,Q2_Medios,9606
15883184,6231,Q2_Medios,9606
33256324,5859,Q2_Medios,9606
35819319,55602,Q2_Medios,9606
23867215,9232,Q2_Medios,9606
34999730,197259,Q2_Medios,9606
26585362,199,Q2_Medios,9606
18974867,4686,Q2_Medios,9606
35902872,862,Q2_Medios,9606
29497124,898,Q2_Medios,9606
40355756,11253,Q2_Medios,9606
24670704,3627,Q2_Medios,9606
29491476,5732,Q2_Medios,9606
26045788,10987,Q2_Medios,9606
19728793,2260,Q2_Medios,9606
17680363,4988,Q2_Medios,9606
38413612,902,Q2_Medios,9606
24855647,9826,Q2_Medios,9606
19387458,1380,Q2_Medios,9606
29437787,9113,Q2_Medios,9606
35566020,2692,Q2_Medios,9606
24270157,8563,Q2_Medios,9606
34366322,5496,Q2_Medios,9606
20179686,3934,Q2_Medios,9606
28712289,57459,Q2_Medios,9606
12133003,10257,Q2_Medios,9606
30976362,916,Q2_Medios,9606
35459212,664,Q2_Medios,9606
7867073,2621,Q2_Medios,9606
27882533,5885,Q2_Medios,9606
23388825,1647,Q2_Medios,9606
12192000,57492,Q2_Medios,9606
18599869,3297,Q2_Medios,9606
21707688,7173,Q2_Medios,9606
30942424,407042,Q2_Medios,9606
37130168,340061,Q2_Medios,9606
33146672,283131,Q2_Medios,9606
13968954,3045,Q2_Medios,9606
22680042,2247,Q2_Medios,9606
21643791,23286,Q2_Medios,9606
17103306,1366,Q2_Medios,9606
24962896,7764,Q2_Medios,9606
20421936,8658,Q2_Medios,9606
27695943,634,Q2_Medios,9606
31685809,4085,Q2_Medios,9606
17562792,1052,Q2_Medios,9606
28764929,6790,Q2_Medios,9606
12459522,7507,Q2_Medios,9606
34576941,23175,Q2_Medios,9606
11331755,4286,Q2_Medios,9606
16375580,43,Q2_Medios,9606
38154209,84639,Q2_Medios,9606
32683582,23636,Q2_Medios,9606
9213221,831,Q2_Medios,9606
23814047,5753,Q2_Medios,9606
14968315,7466,Q2_Medios,9606
10616210,3908,Q2_Medios,9606
22736773,2304,Q2_Medios,9606
31540324,129685,Q3_Baixa_Popularidade,9606
12874395,2489,Q3_Baixa_Popularidade,9606
36484389,55340,Q3_Baixa_Popularidade,9606
24968937,161835,Q3_Baixa_Popularidade,9606
29282011,54576,Q3_Baixa_Popularidade,9606
34373992,84456,Q3_Baixa_Popularidade,9606
28191688,81285,Q3_Baixa_Popularidade,9606
31416616,51374,Q3_Baixa_Popularidade,9606
36720253,145624,Q3_Baixa_Popularidade,9606
26761440,59350,Q3_Baixa_Popularidade,9606
24174618,10584,Q3_Baixa_Popularidade,9606
16278047,26260,Q3_Baixa_Popularidade,9606
20865290,84735,Q3_Baixa_Popularidade,9606
27010727,10418,Q3_Baixa_Popularidade,9606
35182431,388630,Q3_Baixa_Popularidade,9606
20067102,115761,Q3_Baixa_Popularidade,9606
24013428,135458,Q3_Baixa_Popularidade,9606
24509276,148641,Q3_Baixa_Popularidade,9606
40425833,54033,Q3_Baixa_Popularidade,9606
3649563,106632261,Q3_Baixa_Popularidade,9606
24134518,5611,Q3_Baixa_Popularidade,9606
8706133,6905,Q3_Baixa_Popularidade,9606
31541017,22801,Q3_Baixa_Popularidade,9606
15851553,440248,Q3_Baixa_Popularidade,9606
21527911,28962,Q3_Baixa_Popularidade,9606
11179671,10230,Q3_Baixa_Popularidade,9606
37158802,1290,Q3_Baixa_Popularidade,9606
31423895,10202,Q3_Baixa_Popularidade,9606
10409432,7469,Q3_Baixa_Popularidade,9606
9635296,106627981,Q3_Baixa_Popularidade,9606
22690081,55879,Q3_Baixa_Popularidade,9606
18559515,66004,Q3_Baixa_Popularidade,9606
19013439,137872,Q3_Baixa_Popularidade,9606
10520746,80317,Q3_Baixa_Popularidade,9606
35946561,574512,Q3_Baixa_Popularidade,9606
24386373,8321,Q3_Baixa_Popularidade,9606
32457413,2703,Q3_Baixa_Popularidade,9606
21422291,197131,Q3_Baixa_Popularidade,9606
31909476,729920,Q3_Baixa_Popularidade,9606
37485351,127544,Q3_Baixa_Popularidade,9606
30982744,84954,Q3_Baixa_Popularidade,9606
16131712,261734,Q3_Baixa_Popularidade,9606
29159834,90632,Q3_Baixa_Popularidade,9606
24120948,693123,Q3_Baixa_Popularidade,9606
3145196,926,Q3_Baixa_Popularidade,9606
29146913,23637,Q3_Baixa_Popularidade,9606
17249554,285440,Q3_Baixa_Popularidade,9606
23864657,5909,Q3_Baixa_Popularidade,9606
31991095,221955,Q3_Baixa_Popularidade,9606
30832689,199974,Q3_Baixa_Popularidade,9606
24792382,55821,Q3_Baixa_Popularidade,9606
25221423,51030,Q3_Baixa_Popularidade,9606
35609331,100506696,Q3_Baixa_Popularidade,9606
26852655,10246,Q3_Baixa_Popularidade,9606
27223121,768220,Q3_Baixa_Popularidade,9606
34997220,3752,Q3_Baixa_Popularidade,9606
21103663,83862,Q3_Baixa_Popularidade,9606
31856855,64375,Q3_Baixa_Popularidade,9606
31273921,139081,Q3_Baixa_Popularidade,9606
23725386,108449888,Q3_Baixa_Popularidade,9606
32896813,80228,Q3_Baixa_Popularidade,9606
19377476,286464,Q3_Baixa_Popularidade,9606
17139249,1780,Q3_Baixa_Popularidade,9606
29062717,4668,Q3_Baixa_Popularidade,9606
25243493,9194,Q3_Baixa_Popularidade,9606
22593196,283349,Q3_Baixa_Popularidade,9606
10820378,971,Q3_Baixa_Popularidade,9606
28958330,26228,Q3_Baixa_Popularidade,9606
25162662,150709,Q3_Baixa_Popularidade,9606
8894685,107303343,Q3_Baixa_Popularidade,9606
22681909,140828,Q3_Baixa_Popularidade,9606
11459064,6967,Q3_Baixa_Popularidade,9606
17984325,10633,Q3_Baixa_Popularidade,9606
26355662,60509,Q3_Baixa_Popularidade,9606
32633355,693178,Q3_Baixa_Popularidade,9606
22673115,8724,Q3_Baixa_Popularidade,9606
20207939,125981,Q3_Baixa_Popularidade,9606
27215332,123041,Q3_Baixa_Popularidade,9606
29913199,163782,Q3_Baixa_Popularidade,9606
11468175,1831,Q3_Baixa_Popularidade,9606
22447455,434,Q3_Baixa_Popularidade,9606
23899432,8973,Q3_Baixa_Popularidade,9606
25064737,55635,Q3_Baixa_Popularidade,9606
27057006,442898,Q3_Baixa_Popularidade,9606
29727692,55172,Q3_Baixa_Popularidade,9606
33060568,1723,Q3_Baixa_Popularidade,9606
30683112,23209,Q3_Baixa_Popularidade,9606
33204001,100996301,Q3_Baixa_Popularidade,9606
26644512,27152,Q3_Baixa_Popularidade,9606
12093360,51291,Q3_Baixa_Popularidade,9606
22257587,9607,Q3_Baixa_Popularidade,9606
17895406,5026,Q3_Baixa_Popularidade,9606
28157695,171022,Q3_Baixa_Popularidade,9606
18832450,1908,Q3_Baixa_Popularidade,9606
17622474,8724,Q3_Baixa_Popularidade,9606
19262745,340075,Q3_Baixa_Popularidade,9606
18424904,2020,Q3_Baixa_Popularidade,9606
16129570,11174,Q3_Baixa_Popularidade,9606
30415267,2350,Q3_Baixa_Popularidade,9606
22621271,29933,Q3_Baixa_Popularidade,9606
12456399,3766,Q3_Baixa_Popularidade,9606
16527195,10265,Q3_Baixa_Popularidade,9606
9733430,106128902,Q3_Baixa_Popularidade,9606
21401636,10637,Q3_Baixa_Popularidade,9606
36370444,129804,Q3_Baixa_Popularidade,9606
22291991,126432,Q3_Baixa_Popularidade,9606
36861928,400619,Q3_Baixa_Popularidade,9606
37419299,439921,Q3_Baixa_Popularidade,9606
17460191,10934,Q3_Baixa_Popularidade,9606
12911636,55859,Q3_Baixa_Popularidade,9606
23760366,4216,Q3_Baixa_Popularidade,9606
23973072,6905,Q3_Baixa_Popularidade,9606
18310226,5652,Q3_Baixa_Popularidade,9606
30130435,768218,Q3_Baixa_Popularidade,9606
16554368,51652,Q3_Baixa_Popularidade,9606
29730655,55114,Q3_Baixa_Popularidade,9606
9268648,5557,Q3_Baixa_Popularidade,9606
19414016,57057,Q3_Baixa_Popularidade,9606
11834744,1178,Q3_Baixa_Popularidade,9606
22842048,84269,Q3_Baixa_Popularidade,9606
12876330,5257,Q3_Baixa_Popularidade,9606
37053367,51151,Q3_Baixa_Popularidade,9606
24337749,10219,Q3_Baixa_Popularidade,9606
33335104,661,Q3_Baixa_Popularidade,9606
16879712,25977,Q3_Baixa_Popularidade,9606
23739915,140685,Q3_Baixa_Popularidade,9606
12064615,10052,Q3_Baixa_Popularidade,9606
12800209,27030,Q3_Baixa_Popularidade,9606
8644736,60529,Q3_Baixa_Popularidade,9606
35831510,652968,Q3_Baixa_Popularidade,9606
36192519,10218,Q3_Baixa_Popularidade,9606
20607790,114786,Q3_Baixa_Popularidade,9606
34904858,9951,Q3_Baixa_Popularidade,9606
19587221,4308,Q3_Baixa_Popularidade,9606
20045481,55486,Q3_Baixa_Popularidade,9606
2606359,106631781,Q3_Baixa_Popularidade,9606
12601167,54852,Q3_Baixa_Popularidade,9606
25367361,160857,Q3_Baixa_Popularidade,9606
31158522,80700,Q3_Baixa_Popularidade,9606
16959974,653121,Q3_Baixa_Popularidade,9606
31546831,9467,Q3_Baixa_Popularidade,9606
31854049,100302218,Q3_Baixa_Popularidade,9606
10610722,10568,Q3_Baixa_Popularidade,9606
20018936,2842,Q3_Baixa_Popularidade,9606
35831895,1506,Q3_Baixa_Popularidade,9606
28112756,100302692,Q3_Baixa_Popularidade,9606
23610394,6614,Q3_Baixa_Popularidade,9606
19011627,25945,Q3_Baixa_Popularidade,9606
28046031,58495,Q3_Baixa_Popularidade,9606
20470843,117307477,Q3_Baixa_Popularidade,9606
12740439,83464,Q3_Baixa_Popularidade,9606
30352685,495,Q3_Baixa_Popularidade,9606
15504910,2489,Q3_Baixa_Popularidade,9606
2009668,795,Q3_Baixa_Popularidade,9606
9013886,5526,Q3_Baixa_Popularidade,9606
8304341,10107,Q3_Baixa_Popularidade,9606
34274945,55089,Q3_Baixa_Popularidade,9606
21452042,4103,Q3_Baixa_Popularidade,9606
12820898,51247,Q3_Baixa_Popularidade,9606
11708995,6315,Q3_Baixa_Popularidade,9606
20378416,89869,Q3_Baixa_Popularidade,9606
37974198,253827,Q3_Baixa_Popularidade,9606
37014752,1911,Q3_Baixa_Popularidade,9606
17344846,100533105,Q3_Baixa_Popularidade,9606
15010458,94015,Q3_Baixa_Popularidade,9606
20305087,85014,Q3_Baixa_Popularidade,9606
16314515,7091,Q3_Baixa_Popularidade,9606
10662547,9752,Q3_Baixa_Popularidade,9606
24428937,25833,Q3_Baixa_Popularidade,9606
17086543,124925,Q3_Baixa_Popularidade,9606
26112988,23519,Q3_Baixa_Popularidade,9606
21946329,117134608,Q3_Baixa_Popularidade,9606
15602573,55062,Q3_Baixa_Popularidade,9606
8113684,4101,Q3_Baixa_Popularidade,9606
12384300,29087,Q3_Baixa_Popularidade,9606
38235871,137970,Q3_Baixa_Popularidade,9606
38252411,8859,Q3_Baixa_Popularidade,9606
19302705,84162,Q3_Baixa_Popularidade,9606
25330849,246243,Q3_Baixa_Popularidade,9606
25085501,26578,Q3_Baixa_Popularidade,9606
20510206,161291,Q3_Baixa_Popularidade,9606
25305490,406891,Q3_Baixa_Popularidade,9606
17618283,157638,Q3_Baixa_Popularidade,9606
12721283,353376,Q3_Baixa_Popularidade,9606
17850865,11237,Q3_Baixa_Popularidade,9606
19690585,133396,Q3_Baixa_Popularidade,9606
21378990,84439,Q3_Baixa_Popularidade,9606
27345149,516,Q3_Baixa_Popularidade,9606
28377371,54069,Q3_Baixa_Popularidade,9606
9571199,9311,Q3_Baixa_Popularidade,9606
28717225,100187716,Q3_Baixa_Popularidade,9606
23000409,1369,Q3_Baixa_Popularidade,9606
31363184,100302274,Q3_Baixa_Popularidade,9606
32319600,29901,Q3_Baixa_Popularidade,9606
21288909,111188163,Q3_Baixa_Popularidade,9606
32223671,51177,Q3_Baixa_Popularidade,9606
30575903,171022,Q3_Baixa_Popularidade,9606
28042826,282679,Q3_Baixa_Popularidade,9606
23027747,54805,Q3_Baixa_Popularidade,9606
11519828,1945,Q3_Baixa_Popularidade,9606
10783259,55890,Q3_Baixa_Popularidade,9606
25738458,51654,Q3_Baixa_Popularidade,9606
33660802,100131551,Q3_Baixa_Popularidade,9606
27211601,391257,Q3_Baixa_Popularidade,9606
16684505,8515,Q3_Baixa_Popularidade,9606
9344866,2866,Q3_Baixa_Popularidade,9606
12907431,5651,Q3_Baixa_Popularidade,9606
16418397,6967,Q3_Baixa_Popularidade,9606
32686444,51703,Q3_Baixa_Popularidade,9606
26823604,10204,Q3_Baixa_Popularidade,9606
34719205,10158,Q3_Baixa_Popularidade,9606
31822558,389692,Q3_Baixa_Popularidade,9606
29323101,134265,Q3_Baixa_Popularidade,9606
21718987,57099,Q3_Baixa_Popularidade,9606
1284248,1307,Q3_Baixa_Popularidade,9606
19880378,29954,Q3_Baixa_Popularidade,9606
12023020,163175,Q3_Baixa_Popularidade,9606
12783858,9015,Q3_Baixa_Popularidade,9606
35663198,81539,Q3_Baixa_Popularidade,9606
24802056,100126337,Q3_Baixa_Popularidade,9606
15452143,51690,Q3_Baixa_Popularidade,9606
20639394,8527,Q3_Baixa_Popularidade,9606
30394818,25788,Q3_Baixa_Popularidade,9606
36881763,83940,Q3_Baixa_Popularidade,9606
25445601,84934,Q3_Baixa_Popularidade,9606
25361569,9132,Q3_Baixa_Popularidade,9606
14566969,9545,Q3_Baixa_Popularidade,9606
12902497,9934,Q3_Baixa_Popularidade,9606
19435523,25776,Q3_Baixa_Popularidade,9606
17041588,282809,Q3_Baixa_Popularidade,9606
30454648,11102,Q3_Baixa_Popularidade,9606
12919684,407056,Q3_Baixa_Popularidade,9606
22464020,28444,Q3_Baixa_Popularidade,9606
31401365,495,Q3_Baixa_Popularidade,9606
32332102,6747,Q3_Baixa_Popularidade,9606
17517653,84456,Q3_Baixa_Popularidade,9606
12084725,106728418,Q3_Baixa_Popularidade,9606
24114056,165082,Q3_Baixa_Popularidade,9606
29321644,724025,Q3_Baixa_Popularidade,9606
24954841,108863624,Q3_Baixa_Popularidade,9606
36108118,54532,Q3_Baixa_Popularidade,9606
18755175,9481,Q3_Baixa_Popularidade,9606
32678982,3887,Q3_Baixa_Popularidade,9606
29459713,123096,Q3_Baixa_Popularidade,9606
24911211,402,Q3_Baixa_Popularidade,9606
23280965,29887,Q3_Baixa_Popularidade,9606
22821757,85414,Q3_Baixa_Popularidade,9606
17521822,10242,Q3_Baixa_Popularidade,9606
18335582,5136,Q3_Baixa_Popularidade,9606
37844242,10573,Q3_Baixa_Popularidade,9606
19682311,79368,Q3_Baixa_Popularidade,9606
3029082,5948,Q3_Baixa_Popularidade,9606
19321927,8521,Q3_Baixa_Popularidade,9606
40972734,54733,Q3_Baixa_Popularidade,9606
23650723,1831,Q3_Baixa_Popularidade,9606
11672448,7773,Q3_Baixa_Popularidade,9606
33017352,91584,Q3_Baixa_Popularidade,9606
29893854,100287171,Q3_Baixa_Popularidade,9606
27974379,84881,Q3_Baixa_Popularidade,9606
10772343,9016,Q3_Baixa_Popularidade,9606
18669648,84458,Q3_Baixa_Popularidade,9606
20374249,56971,Q3_Baixa_Popularidade,9606
9427755,201501,Q3_Baixa_Popularidade,9606
31932686,54923,Q3_Baixa_Popularidade,9606
12615919,150372,Q3_Baixa_Popularidade,9606
33980925,574511,Q3_Baixa_Popularidade,9606
35426617,9528,Q3_Baixa_Popularidade,9606
1427904,653,Q3_Baixa_Popularidade,9606
17541740,4536,Q3_Baixa_Popularidade,9606
32323793,170425,Q3_Baixa_Popularidade,9606
30991934,8731,Q3_Baixa_Popularidade,9606
24736457,100422992,Q3_Baixa_Popularidade,9606
28289210,204851,Q3_Baixa_Popularidade,9606
33225420,9834,Q3_Baixa_Popularidade,9606
28813410,146223,Q3_Baixa_Popularidade,9606
7557999,110255168,Q3_Baixa_Popularidade,9606
25302608,64137,Q3_Baixa_Popularidade,9606
35133174,9620,Q3_Baixa_Popularidade,9606
18316326,346673,Q3_Baixa_Popularidade,9606
8806701,901,Q3_Baixa_Popularidade,9606
27413799,10907,Q3_Baixa_Popularidade,9606
24499674,201895,Q3_Baixa_Popularidade,9606
29373811,255082,Q3_Baixa_Popularidade,9606
35810119,133206434,Q3_Baixa_Popularidade,9606
35229923,56104,Q3_Baixa_Popularidade,9606
11909874,1960,Q3_Baixa_Popularidade,9606
22289535,10068,Q3_Baixa_Popularidade,9606
2883116,100293534,Q3_Baixa_Popularidade,9606
35458235,221687,Q3_Baixa_Popularidade,9606
20593013,10255,Q3_Baixa_Popularidade,9606
24903490,10218,Q3_Baixa_Popularidade,9606
15282551,29941,Q3_Baixa_Popularidade,9606
31488582,550631,Q3_Baixa_Popularidade,9606
23377640,57103,Q3_Baixa_Popularidade,9606
33123124,10803,Q3_Baixa_Popularidade,9606
24647965,7328,Q3_Baixa_Popularidade,9606
35053419,22866,Q3_Baixa_Popularidade,9606
18602830,134864,Q3_Baixa_Popularidade,9606
25590759,55677,Q3_Baixa_Popularidade,9606
11112352,55117,Q3_Baixa_Popularidade,9606
28807727,100359403,Q3_Baixa_Popularidade,9606
15817706,3111,Q3_Baixa_Popularidade,9606
15192093,10699,Q3_Baixa_Popularidade,9606
2477932,84733,Q3_Baixa_Popularidade,9606
27799161,201294,Q3_Baixa_Popularidade,9606
26687681,10625,Q3_Baixa_Popularidade,9606
20301621,9409,Q3_Baixa_Popularidade,9606
34302808,400043,Q3_Baixa_Popularidade,9606
26578655,84335,Q3_Baixa_Popularidade,9606
33565216,23436,Q3_Baixa_Popularidade,9606
1976514,5453,Q3_Baixa_Popularidade,9606
37673336,221188,Q3_Baixa_Popularidade,9606
20205591,10174,Q3_Baixa_Popularidade,9606
32355287,375748,Q3_Baixa_Popularidade,9606
12928435,57657,Q3_Baixa_Popularidade,9606
24785261,100126329,Q3_Baixa_Popularidade,9606
39358671,1404,Q3_Baixa_Popularidade,9606
23266187,29957,Q3_Baixa_Popularidade,9606
15235609,26257,Q3_Baixa_Popularidade,9606
25468996,83541,Q3_Baixa_Popularidade,9606
31515271,90293,Q3_Baixa_Popularidade,9606
31767934,130120,Q3_Baixa_Popularidade,9606
15367658,93621,Q3_Baixa_Popularidade,9606
20012165,265,Q3_Baixa_Popularidade,9606
39455917,143903,Q3_Baixa_Popularidade,9606
33892399,100126335,Q3_Baixa_Popularidade,9606
30683861,84074,Q3_Baixa_Popularidade,9606
10673275,5026,Q3_Baixa_Popularidade,9606
35044104,693183,Q3_Baixa_Popularidade,9606
11880951,110485084,Q3_Baixa_Popularidade,9606
18264133,64782,Q3_Baixa_Popularidade,9606
26965827,407003,Q3_Baixa_Popularidade,9606
26523678,51501,Q3_Baixa_Popularidade,9606
27784631,441168,Q3_Baixa_Popularidade,9606
7673142,2977,Q3_Baixa_Popularidade,9606
16827919,23305,Q3_Baixa_Popularidade,9606
30367141,79665,Q3_Baixa_Popularidade,9606
28846095,84891,Q3_Baixa_Popularidade,9606
10862620,6005,Q3_Baixa_Popularidade,9606
8093033,319,Q3_Baixa_Popularidade,9606
27991661,1762,Q3_Baixa_Popularidade,9606
19760754,63027,Q3_Baixa_Popularidade,9606
16986515,55630,Q3_Baixa_Popularidade,9606
8841200,5013,Q3_Baixa_Popularidade,9606
12070318,420,Q3_Baixa_Popularidade,9606
27498003,100126337,Q3_Baixa_Popularidade,9606
16884688,9152,Q3_Baixa_Popularidade,9606
12080077,23683,Q3_Baixa_Popularidade,9606
33170429,387066,Q3_Baixa_Popularidade,9606
29544748,60312,Q3_Baixa_Popularidade,9606
17537157,107303338,Q3_Baixa_Popularidade,9606
36758106,7386,Q3_Baixa_Popularidade,9606
34431894,10587,Q3_Baixa_Popularidade,9606
25043138,8390,Q3_Baixa_Popularidade,9606
10520995,10154,Q3_Baixa_Popularidade,9606
9693048,1389,Q3_Baixa_Popularidade,9606
24769233,5949,Q3_Baixa_Popularidade,9606
32534055,100505641,Q3_Baixa_Popularidade,9606
32305960,406889,Q3_Baixa_Popularidade,9606
11294831,7851,Q3_Baixa_Popularidade,9606
27160456,79960,Q3_Baixa_Popularidade,9606
30993766,6328,Q3_Baixa_Popularidade,9606
20301543,23086,Q3_Baixa_Popularidade,9606
25240856,80224,Q3_Baixa_Popularidade,9606
19116311,79608,Q3_Baixa_Popularidade,9606
16793772,108644431,Q3_Baixa_Popularidade,9606
34987010,100302129,Q3_Baixa_Popularidade,9606
17904127,83787,Q3_Baixa_Popularidade,9606
15752151,133206434,Q3_Baixa_Popularidade,9606
23324123,100132074,Q3_Baixa_Popularidade,9606
23242162,9096,Q3_Baixa_Popularidade,9606
23531852,7349,Q3_Baixa_Popularidade,9606
21646352,80830,Q3_Baixa_Popularidade,9606
24862966,11326,Q3_Baixa_Popularidade,9606
11535246,25830,Q3_Baixa_Popularidade,9606
10603358,4004,Q3_Baixa_Popularidade,9606
36967459,93273,Q3_Baixa_Popularidade,9606
34667079,80209,Q3_Baixa_Popularidade,9606
20075856,6492,Q3_Baixa_Popularidade,9606
22046970,11314,Q3_Baixa_Popularidade,9606
27359356,8483,Q3_Baixa_Popularidade,9606
36624091,574441,Q3_Baixa_Popularidade,9606
34925640,8543,Q3_Baixa_Popularidade,9606
10873651,57106,Q3_Baixa_Popularidade,9606
34789851,102191832,Q3_Baixa_Popularidade,9606
28235644,157724,Q3_Baixa_Popularidade,9606
18814951,694,Q3_Baixa_Popularidade,9606
11352565,248,Q3_Baixa_Popularidade,9606
27143812,116039,Q3_Baixa_Popularidade,9606
28806761,8913,Q3_Baixa_Popularidade,9606
17668008,106804547,Q3_Baixa_Popularidade,9606
14970230,8992,Q3_Baixa_Popularidade,9606
15635449,10316,Q3_Baixa_Popularidade,9606
29044188,9277,Q3_Baixa_Popularidade,9606
31256822,728841,Q3_Baixa_Popularidade,9606
7927540,4111,Q3_Baixa_Popularidade,9606
16736028,4810,Q3_Baixa_Popularidade,9606
35467255,125919,Q3_Baixa_Popularidade,9606
11237735,81492,Q3_Baixa_Popularidade,9606
26110394,312,Q3_Baixa_Popularidade,9606
23454188,474344,Q3_Baixa_Popularidade,9606
32495872,100506495,Q3_Baixa_Popularidade,9606
11528383,57190,Q3_Baixa_Popularidade,9606
22877138,2981,Q3_Baixa_Popularidade,9606
35474062,56672,Q3_Baixa_Popularidade,9606
25480944,10641,Q3_Baixa_Popularidade,9606
18275939,25817,Q3_Baixa_Popularidade,9606
35345673,221914,Q3_Baixa_Popularidade,9606
32503626,3036,Q3_Baixa_Popularidade,9606
27531281,11148,Q3_Baixa_Popularidade,9606
25510670,152559,Q3_Baixa_Popularidade,9606
29807809,55466,Q3_Baixa_Popularidade,9606
20736312,374969,Q3_Baixa_Popularidade,9606
10500198,23529,Q3_Baixa_Popularidade,9606
23746317,10867,Q3_Baixa_Popularidade,9606
9928991,56957,Q3_Baixa_Popularidade,9606
14516783,106633812,Q3_Baixa_Popularidade,9606
27716787,693157,Q3_Baixa_Popularidade,9606
38279428,29092,Q3_Baixa_Popularidade,9606
20534693,347148,Q3_Baixa_Popularidade,9606
8630736,7006,Q3_Baixa_Popularidade,9606
18794136,111255642,Q3_Baixa_Popularidade,9606
25789606,9917,Q3_Baixa_Popularidade,9606
34993725,26827,Q3_Baixa_Popularidade,9606
9813009,2766,Q3_Baixa_Popularidade,9606
21696384,494513,Q3_Baixa_Popularidade,9606
29233862,51052,Q3_Baixa_Popularidade,9606
19372141,242,Q3_Baixa_Popularidade,9606
14993367,85406,Q3_Baixa_Popularidade,9606
35484984,29903,Q3_Baixa_Popularidade,9606
9099852,3758,Q3_Baixa_Popularidade,9606
25867271,442912,Q3_Baixa_Popularidade,9606
14756426,341359,Q3_Baixa_Popularidade,9606
18242186,63973,Q3_Baixa_Popularidade,9606
36734275,100507347,Q3_Baixa_Popularidade,9606
37863970,9620,Q3_Baixa_Popularidade,9606
9694811,27236,Q3_Baixa_Popularidade,9606
23643386,114898,Q3_Baixa_Popularidade,9606
24056746,399717,Q3_Baixa_Popularidade,9606
8900396,107988023,Q3_Baixa_Popularidade,9606
33208938,143458,Q3_Baixa_Popularidade,9606
18815158,2863,Q3_Baixa_Popularidade,9606
27178732,146802,Q3_Baixa_Popularidade,9606
11162453,57085,Q3_Baixa_Popularidade,9606
23393134,23387,Q3_Baixa_Popularidade,9606
12524539,23520,Q3_Baixa_Popularidade,9606
29656212,85320,Q3_Baixa_Popularidade,9606
15182178,84105,Q3_Baixa_Popularidade,9606
32489020,100132891,Q3_Baixa_Popularidade,9606
34345014,50862,Q3_Baixa_Popularidade,9606
28926138,25816,Q3_Baixa_Popularidade,9606
28340487,4037,Q3_Baixa_Popularidade,9606
15979100,26292,Q3_Baixa_Popularidade,9606
25270871,200504,Q3_Baixa_Popularidade,9606
20431721,2700,Q3_Baixa_Popularidade,9606
9442887,9296,Q3_Baixa_Popularidade,9606
19000305,84867,Q3_Baixa_Popularidade,9606
19727524,127700,Q3_Baixa_Popularidade,9606
16728641,79622,Q3_Baixa_Popularidade,9606
36419348,3746,Q3_Baixa_Popularidade,9606
27862679,55843,Q3_Baixa_Popularidade,9606
16406020,80705,Q3_Baixa_Popularidade,9606
18164932,5118,Q3_Baixa_Popularidade,9606
29314551,4621,Q3_Baixa_Popularidade,9606
23284291,92737,Q3_Baixa_Popularidade,9606
24872021,124912,Q3_Baixa_Popularidade,9606
38755710,6578,Q3_Baixa_Popularidade,9606
36030582,100506465,Q3_Baixa_Popularidade,9606
18787161,344167,Q3_Baixa_Popularidade,9606
33427755,55065,Q3_Baixa_Popularidade,9606
3670298,100008587,Q3_Baixa_Popularidade,9606
21220428,2865,Q3_Baixa_Popularidade,9606
32519472,57214,Q3_Baixa_Popularidade,9606
24498354,5625,Q3_Baixa_Popularidade,9606
9806546,8625,Q3_Baixa_Popularidade,9606
37117180,79611,Q3_Baixa_Popularidade,9606
14668445,150365,Q3_Baixa_Popularidade,9606
27909055,55277,Q3_Baixa_Popularidade,9606
22367439,81614,Q3_Baixa_Popularidade,9606
38617829,339453,Q3_Baixa_Popularidade,9606
32759789,55745,Q3_Baixa_Popularidade,9606
27858163,440822,Q3_Baixa_Popularidade,9606
14678797,29082,Q3_Baixa_Popularidade,9606
28670957,7512,Q3_Baixa_Popularidade,9606
27997042,126204,Q3_Baixa_Popularidade,9606
19472918,11155,Q3_Baixa_Popularidade,9606
19843583,57407,Q3_Baixa_Popularidade,9606
20150366,29998,Q3_Baixa_Popularidade,9606
18309376,282890,Q3_Baixa_Popularidade,9606
27261276,124599,Q3_Baixa_Popularidade,9606
25347970,221458,Q3_Baixa_Popularidade,9606
24709693,2567,Q3_Baixa_Popularidade,9606
31637705,100190939,Q3_Baixa_Popularidade,9606
7724559,2958,Q3_Baixa_Popularidade,9606
21988232,102465696,Q3_Baixa_Popularidade,9606
38890684,7462,Q3_Baixa_Popularidade,9606
36876422,101927125,Q3_Baixa_Popularidade,9606
36736276,84848,Q3_Baixa_Popularidade,9606
10072585,51645,Q3_Baixa_Popularidade,9606
16406239,2707,Q3_Baixa_Popularidade,9606
11738816,59284,Q3_Baixa_Popularidade,9606
35417709,645249,Q3_Baixa_Popularidade,9606
17092945,9236,Q3_Baixa_Popularidade,9606
9843587,8396,Q3_Baixa_Popularidade,9606
22386842,10881,Q3_Baixa_Popularidade,9606
29251771,54675,Q3_Baixa_Popularidade,9606
18773424,5797,Q3_Baixa_Popularidade,9606
35391781,100126335,Q3_Baixa_Popularidade,9606
22952076,1463,Q3_Baixa_Popularidade,9606
23519214,23207,Q3_Baixa_Popularidade,9606
29426014,84461,Q3_Baixa_Popularidade,9606
17074475,55118,Q3_Baixa_Popularidade,9606
33099917,414,Q3_Baixa_Popularidade,9606
33603952,84203,Q3_Baixa_Popularidade,9606
21795595,5996,Q3_Baixa_Popularidade,9606
19578367,137196,Q3_Baixa_Popularidade,9606
24231739,112939,Q3_Baixa_Popularidade,9606
32354330,100126329,Q3_Baixa_Popularidade,9606
16273344,5798,Q3_Baixa_Popularidade,9606
21755018,219736,Q3_Baixa_Popularidade,9606
38670394,10618,Q3_Baixa_Popularidade,9606
15094188,25884,Q3_Baixa_Popularidade,9606
10436028,23431,Q3_Baixa_Popularidade,9606
12036287,54841,Q3_Baixa_Popularidade,9606
14610091,4520,Q3_Baixa_Popularidade,9606
9126492,7455,Q3_Baixa_Popularidade,9606
19415746,57144,Q3_Baixa_Popularidade,9606
24121790,2894,Q3_Baixa_Popularidade,9606
23359319,3817,Q3_Baixa_Popularidade,9606
36779763,23526,Q3_Baixa_Popularidade,9606
8406013,101060389,Q3_Baixa_Popularidade,9606
32367058,6652,Q3_Baixa_Popularidade,9606
25157627,23509,Q3_Baixa_Popularidade,9606
17595531,23178,Q3_Baixa_Popularidade,9606
35013218,121642,Q3_Baixa_Popularidade,9606
18091558,643387,Q3_Baixa_Popularidade,9606
34622442,10123,Q3_Baixa_Popularidade,9606
23475074,7381,Q3_Baixa_Popularidade,9606
15309632,93659,Q3_Baixa_Popularidade,9606
12957859,1746,Q3_Baixa_Popularidade,9606
28837156,494143,Q3_Baixa_Popularidade,9606
16799092,3226,Q3_Baixa_Popularidade,9606
10766242,50837,Q3_Baixa_Popularidade,9606
17161366,29993,Q3_Baixa_Popularidade,9606
25529453,7425,Q3_Baixa_Popularidade,9606
35687021,64759,Q3_Baixa_Popularidade,9606
10713113,3712,Q3_Baixa_Popularidade,9606
11997112,56891,Q3_Baixa_Popularidade,9606
32519845,9293,Q3_Baixa_Popularidade,9606
31198787,10024,Q3_Baixa_Popularidade,9606
21615302,143662,Q3_Baixa_Popularidade,9606
31925709,90226,Q3_Baixa_Popularidade,9606
20485516,84627,Q3_Baixa_Popularidade,9606
35835907,3275,Q3_Baixa_Popularidade,9606
29891911,100313822,Q3_Baixa_Popularidade,9606
11509185,342096,Q3_Baixa_Popularidade,9606
40205054,11336,Q3_Baixa_Popularidade,9606
34287099,693124,Q3_Baixa_Popularidade,9606
34480018,338339,Q3_Baixa_Popularidade,9606
31076515,100381270,Q3_Baixa_Popularidade,9606
19874574,1622,Q3_Baixa_Popularidade,9606
40335644,283629,Q3_Baixa_Popularidade,9606
36601873,57572,Q3_Baixa_Popularidade,9606
25944903,114907,Q3_Baixa_Popularidade,9606
18310303,110599569,Q3_Baixa_Popularidade,9606
18726356,9453,Q3_Baixa_Popularidade,9606
30548305,200765,Q3_Baixa_Popularidade,9606
2574415,2652,Q3_Baixa_Popularidade,9606
35364009,84108,Q3_Baixa_Popularidade,9606
15322554,5780,Q3_Baixa_Popularidade,9606
10760603,56521,Q3_Baixa_Popularidade,9606
10026146,5569,Q3_Baixa_Popularidade,9606
21168126,574441,Q3_Baixa_Popularidade,9606
22243262,256764,Q3_Baixa_Popularidade,9606
19548001,1735,Q3_Baixa_Popularidade,9606
17709393,9479,Q3_Baixa_Popularidade,9606
16510524,91949,Q3_Baixa_Popularidade,9606
21771862,405754,Q3_Baixa_Popularidade,9606
37768083,55735,Q3_Baixa_Popularidade,9606
30622141,2978,Q3_Baixa_Popularidade,9606
30129678,54751,Q3_Baixa_Popularidade,9606
20978819,92565,Q3_Baixa_Popularidade,9606
37328712,7361,Q3_Baixa_Popularidade,9606
34257739,56117,Q3_Baixa_Popularidade,9606
25214527,10990,Q3_Baixa_Popularidade,9606
37635201,285966,Q3_Baixa_Popularidade,9606
31373686,57178,Q3_Baixa_Popularidade,9606
27621083,22911,Q3_Baixa_Popularidade,9606
29183995,51421,Q3_Baixa_Popularidade,9606
16569242,55691,Q3_Baixa_Popularidade,9606
1439582,6291,Q3_Baixa_Popularidade,9606
35439318,26973,Q3_Baixa_Popularidade,9606
28964576,100500880,Q3_Baixa_Popularidade,9606
36168627,23382,Q3_Baixa_Popularidade,9606
16314882,221786,Q3_Baixa_Popularidade,9606
35452674,55589,Q3_Baixa_Popularidade,9606
31858556,693213,Q3_Baixa_Popularidade,9606
33620575,6699,Q3_Baixa_Popularidade,9606
38849852,25802,Q3_Baixa_Popularidade,9606
37196677,784,Q3_Baixa_Popularidade,9606
10873601,8711,Q3_Baixa_Popularidade,9606
24845505,57149,Q3_Baixa_Popularidade,9606
33484574,388015,Q3_Baixa_Popularidade,9606
11179432,54659,Q3_Baixa_Popularidade,9606
26544568,147923,Q3_Baixa_Popularidade,9606
18541524,56674,Q3_Baixa_Popularidade,9606
34325607,170679,Q3_Baixa_Popularidade,9606
10380711,2204,Q3_Baixa_Popularidade,9606
11230166,81573,Q3_Baixa_Popularidade,9606
24381304,23245,Q3_Baixa_Popularidade,9606
25239945,11236,Q3_Baixa_Popularidade,9606
16899382,2593,Q3_Baixa_Popularidade,9606
30664187,220296,Q3_Baixa_Popularidade,9606
35587281,147872,Q3_Baixa_Popularidade,9606
18941546,3299,Q3_Baixa_Popularidade,9606
36931917,22917,Q3_Baixa_Popularidade,9606
7898930,5157,Q3_Baixa_Popularidade,9606
28315334,579,Q3_Baixa_Popularidade,9606
22190364,117289,Q3_Baixa_Popularidade,9606
8717042,1130,Q3_Baixa_Popularidade,9606
32014858,145226,Q3_Baixa_Popularidade,9606
16760908,3067,Q3_Baixa_Popularidade,9606
35486985,1056,Q3_Baixa_Popularidade,9606
20031928,3508,Q3_Baixa_Popularidade,9606
12379144,3175,Q3_Baixa_Popularidade,9606
8269511,378948,Q3_Baixa_Popularidade,9606
11691934,317772,Q3_Baixa_Popularidade,9606
24357492,106146150,Q3_Baixa_Popularidade,9606
11283605,23557,Q3_Baixa_Popularidade,9606
18669603,63943,Q3_Baixa_Popularidade,9606
15101818,26020,Q3_Baixa_Popularidade,9606
17438352,137868,Q3_Baixa_Popularidade,9606
35016406,761,Q3_Baixa_Popularidade,9606
25650326,50674,Q3_Baixa_Popularidade,9606
17160893,85476,Q3_Baixa_Popularidade,9606
32963220,442920,Q3_Baixa_Popularidade,9606
15325244,442907,Q3_Baixa_Popularidade,9606
31379208,10301,Q3_Baixa_Popularidade,9606
27602123,51321,Q3_Baixa_Popularidade,9606
37094862,693184,Q3_Baixa_Popularidade,9606
30825424,100126351,Q3_Baixa_Popularidade,9606
22153076,80351,Q3_Baixa_Popularidade,9606
21454556,51761,Q3_Baixa_Popularidade,9606
17318641,3818,Q3_Baixa_Popularidade,9606
11698390,6620,Q3_Baixa_Popularidade,9606
16554024,23457,Q3_Baixa_Popularidade,9606
2828176,110006319,Q3_Baixa_Popularidade,9606
23563140,9443,Q3_Baixa_Popularidade,9606
32298609,574478,Q3_Baixa_Popularidade,9606
20803292,55118,Q3_Baixa_Popularidade,9606
23142496,8884,Q3_Baixa_Popularidade,9606
21762802,1174,Q3_Baixa_Popularidade,9606
28881575,404550,Q3_Baixa_Popularidade,9606
9847074,55975,Q3_Baixa_Popularidade,9606
21211617,4750,Q3_Baixa_Popularidade,9606
30605297,2774,Q3_Baixa_Popularidade,9606
22355596,111240474,Q3_Baixa_Popularidade,9606
9295142,4892,Q3_Baixa_Popularidade,9606
36729283,22898,Q3_Baixa_Popularidade,9606
16484612,84316,Q3_Baixa_Popularidade,9606
25349408,84807,Q3_Baixa_Popularidade,9606
24279852,110740340,Q3_Baixa_Popularidade,9606
27270437,863,Q3_Baixa_Popularidade,9606
9860826,100616101,Q3_Baixa_Popularidade,9606
30929735,199223,Q3_Baixa_Popularidade,9606
50862,50862,Q3_Baixa_Popularidade,9606
12816731,4056,Q3_Baixa_Popularidade,9606
17446437,102191832,Q3_Baixa_Popularidade,9606
15782160,49,Q3_Baixa_Popularidade,9606
22419666,221178,Q3_Baixa_Popularidade,9606
10777682,2974,Q3_Baixa_Popularidade,9606
20301509,54756,Q3_Baixa_Popularidade,9606
17012309,64663,Q3_Baixa_Popularidade,9606
24445935,252884,Q3_Baixa_Popularidade,9606
23913272,9334,Q3_Baixa_Popularidade,9606
35621037,91147,Q3_Baixa_Popularidade,9606
32931479,26232,Q3_Baixa_Popularidade,9606
16826239,10926,Q3_Baixa_Popularidade,9606
33108537,283417,Q3_Baixa_Popularidade,9606
37567766,23271,Q3_Baixa_Popularidade,9606
30501451,84239,Q3_Baixa_Popularidade,9606
21147850,91875,Q3_Baixa_Popularidade,9606
2332435,5968,Q3_Baixa_Popularidade,9606
12962325,6171,Q3_Baixa_Popularidade,9606
19260141,10400,Q3_Baixa_Popularidade,9606
24374312,3720,Q3_Baixa_Popularidade,9606
30602440,346171,Q3_Baixa_Popularidade,9606
27630214,2207,Q3_Baixa_Popularidade,9606
9282826,8789,Q3_Baixa_Popularidade,9606
25835972,55665,Q3_Baixa_Popularidade,9606
28944858,442917,Q3_Baixa_Popularidade,9606
20643763,353133,Q3_Baixa_Popularidade,9606
31328811,442899,Q3_Baixa_Popularidade,9606
25904364,342977,Q3_Baixa_Popularidade,9606
14988434,113091,Q3_Baixa_Popularidade,9606
11948212,23117,Q3_Baixa_Popularidade,9606
11731337,6309,Q3_Baixa_Popularidade,9606
8467795,163071,Q3_Baixa_Popularidade,9606
24699165,345462,Q3_Baixa_Popularidade,9606
29558758,151888,Q3_Baixa_Popularidade,9606
33346999,3850,Q3_Baixa_Popularidade,9606
25374899,9506,Q3_Baixa_Popularidade,9606
21637307,56649,Q3_Baixa_Popularidade,9606
30502379,3642,Q3_Baixa_Popularidade,9606
3005192,108004536,Q3_Baixa_Popularidade,9606
20022913,50836,Q3_Baixa_Popularidade,9606
16600870,1875,Q3_Baixa_Popularidade,9606
30036656,7542,Q3_Baixa_Popularidade,9606
33436772,284656,Q3_Baixa_Popularidade,9606
20350543,374875,Q3_Baixa_Popularidade,9606
22571433,5651,Q3_Baixa_Popularidade,9606
23874748,494328,Q3_Baixa_Popularidade,9606
28274892,100126309,Q3_Baixa_Popularidade,9606
8797820,4656,Q3_Baixa_Popularidade,9606
27451386,1497,Q3_Baixa_Popularidade,9606
24356968,1652,Q3_Baixa_Popularidade,9606
20054002,23181,Q3_Baixa_Popularidade,9606
34390075,554203,Q3_Baixa_Popularidade,9606
20540360,342184,Q3_Baixa_Popularidade,9606
25320013,4326,Q3_Baixa_Popularidade,9606
37695533,79147,Q3_Baixa_Popularidade,9606
15589683,164091,Q3_Baixa_Popularidade,9606
38091885,9754,Q3_Baixa_Popularidade,9606
35260070,57018,Q3_Baixa_Popularidade,9606
38151566,4713,Q3_Baixa_Popularidade,9606
31356773,253512,Q3_Baixa_Popularidade,9606
35247384,79828,Q3_Baixa_Popularidade,9606
37711058,401093,Q3_Baixa_Popularidade,9606
28449241,8192,Q3_Baixa_Popularidade,9606
20549515,57140,Q3_Baixa_Popularidade,9606
33053528,101234261,Q3_Baixa_Popularidade,9606
30262433,55334,Q3_Baixa_Popularidade,9606
38463028,126119,Q3_Baixa_Popularidade,9606
32210474,59307,Q3_Baixa_Popularidade,9606
35697535,51582,Q3_Baixa_Popularidade,9606
9399908,3859,Q3_Baixa_Popularidade,9606
29950420,9023,Q3_Baixa_Popularidade,9606
15060002,158880,Q3_Baixa_Popularidade,9606
8373420,6754,Q3_Baixa_Popularidade,9606
10446203,4802,Q3_Baixa_Popularidade,9606
33504946,57542,Q3_Baixa_Popularidade,9606
9246488,109461479,Q3_Baixa_Popularidade,9606
32751929,78989,Q3_Baixa_Popularidade,9606
11263960,1774,Q3_Baixa_Popularidade,9606
8639829,3131,Q3_Baixa_Popularidade,9606
19464260,342372,Q3_Baixa_Popularidade,9606
34711951,8896,Q3_Baixa_Popularidade,9606
27762274,58489,Q3_Baixa_Popularidade,9606
22808091,7425,Q3_Baixa_Popularidade,9606
30429154,378825,Q3_Baixa_Popularidade,9606
24096970,79168,Q3_Baixa_Popularidade,9606
20458337,6509,Q3_Baixa_Popularidade,9606
38462741,139378,Q3_Baixa_Popularidade,9606
23096689,113746,Q3_Baixa_Popularidade,9606
22356909,22858,Q3_Baixa_Popularidade,9606
34212559,63943,Q3_Baixa_Popularidade,9606
23371916,54579,Q3_Baixa_Popularidade,9606
22621192,10161,Q3_Baixa_Popularidade,9606
24337656,6327,Q3_Baixa_Popularidade,9606
37290445,440503,Q3_Baixa_Popularidade,9606
29898809,56413,Q3_Baixa_Popularidade,9606
32987288,23368,Q3_Baixa_Popularidade,9606
21498506,139285,Q3_Baixa_Popularidade,9606
8999814,10930,Q3_Baixa_Popularidade,9606
23312075,191585,Q3_Baixa_Popularidade,9606
33675808,8847,Q3_Baixa_Popularidade,9606
15047703,83548,Q3_Baixa_Popularidade,9606
8908511,1193,Q3_Baixa_Popularidade,9606
31502283,10149,Q3_Baixa_Popularidade,9606
28782631,222256,Q3_Baixa_Popularidade,9606
11031247,51028,Q3_Baixa_Popularidade,9606
35073737,647087,Q3_Baixa_Popularidade,9606
23203797,91862,Q3_Baixa_Popularidade,9606
10465786,1039,Q3_Baixa_Popularidade,9606
9333017,2250,Q3_Baixa_Popularidade,9606
12855678,9435,Q3_Baixa_Popularidade,9606
39716028,55362,Q3_Baixa_Popularidade,9606
3778425,106099064,Q3_Baixa_Popularidade,9606
19620632,53373,Q3_Baixa_Popularidade,9606
22194858,80227,Q3_Baixa_Popularidade,9606
9880541,9022,Q3_Baixa_Popularidade,9606
12432397,1259,Q3_Baixa_Popularidade,9606
31689297,7434,Q3_Baixa_Popularidade,9606
22158537,128486,Q3_Baixa_Popularidade,9606
23826257,55079,Q3_Baixa_Popularidade,9606
15653269,282706,Q3_Baixa_Popularidade,9606
31431650,440193,Q3_Baixa_Popularidade,9606
22192858,4909,Q3_Baixa_Popularidade,9606
39179168,23492,Q3_Baixa_Popularidade,9606
12130520,6005,Q3_Baixa_Popularidade,9606
20889975,7138,Q3_Baixa_Popularidade,9606
10933397,23523,Q3_Baixa_Popularidade,9606
30735723,145773,Q3_Baixa_Popularidade,9606
15737334,84889,Q3_Baixa_Popularidade,9606
27158335,64708,Q3_Baixa_Popularidade,9606
38530280,115209,Q3_Baixa_Popularidade,9606
19820022,64788,Q3_Baixa_Popularidade,9606
19237606,5427,Q3_Baixa_Popularidade,9606
30427759,10124,Q3_Baixa_Popularidade,9606
28828227,3281,Q3_Baixa_Popularidade,9606
9839802,7639,Q3_Baixa_Popularidade,9606
23068101,4608,Q3_Baixa_Popularidade,9606
22729648,219770,Q3_Baixa_Popularidade,9606
38158881,2994,Q3_Baixa_Popularidade,9606
26162986,348235,Q3_Baixa_Popularidade,9606
1370572,715,Q3_Baixa_Popularidade,9606
14701734,266743,Q3_Baixa_Popularidade,9606
10791955,26146,Q3_Baixa_Popularidade,9606
19240024,55686,Q3_Baixa_Popularidade,9606
16940153,56624,Q3_Baixa_Popularidade,9606
27249817,962,Q3_Baixa_Popularidade,9606
9829975,343,Q3_Baixa_Popularidade,9606
20949100,115861,Q3_Baixa_Popularidade,9606
19028597,84961,Q3_Baixa_Popularidade,9606
9722562,6701,Q3_Baixa_Popularidade,9606
18510579,4059,Q3_Baixa_Popularidade,9606
22822086,23760,Q3_Baixa_Popularidade,9606
37951930,139341,Q3_Baixa_Popularidade,9606
27806084,27324,Q3_Baixa_Popularidade,9606
12804766,85365,Q3_Baixa_Popularidade,9606
35893034,727677,Q3_Baixa_Popularidade,9606
23094017,100130086,Q3_Baixa_Popularidade,9606
8622695,3174,Q3_Baixa_Popularidade,9606
25950000,146057,Q3_Baixa_Popularidade,9606
22106001,254827,Q3_Baixa_Popularidade,9606
20804422,404093,Q3_Baixa_Popularidade,9606
27808366,79689,Q3_Baixa_Popularidade,9606
7744965,10204,Q3_Baixa_Popularidade,9606
24607927,30845,Q3_Baixa_Popularidade,9606
29976758,29940,Q3_Baixa_Popularidade,9606
30816485,11339,Q3_Baixa_Popularidade,9606
20810650,80185,Q3_Baixa_Popularidade,9606
22195968,22936,Q3_Baixa_Popularidade,9606
21288367,339967,Q3_Baixa_Popularidade,9606
3033665,106867047,Q3_Baixa_Popularidade,9606
34661810,100616406,Q3_Baixa_Popularidade,9606
11250903,54700,Q3_Baixa_Popularidade,9606
11959859,206358,Q3_Baixa_Popularidade,9606
17991420,55716,Q3_Baixa_Popularidade,9606
33930296,8891,Q3_Baixa_Popularidade,9606
17919311,53358,Q3_Baixa_Popularidade,9606
10821868,29988,Q3_Baixa_Popularidade,9606
36610560,25837,Q3_Baixa_Popularidade,9606
16263120,152189,Q3_Baixa_Popularidade,9606
20643647,339983,Q3_Baixa_Popularidade,9606
28737129,1318,Q3_Baixa_Popularidade,9606
18703417,8521,Q3_Baixa_Popularidade,9606
32423803,494331,Q3_Baixa_Popularidade,9606
7896273,10047,Q3_Baixa_Popularidade,9606
33200777,100500812,Q3_Baixa_Popularidade,9606
30389958,10149,Q3_Baixa_Popularidade,9606
20801214,54704,Q3_Baixa_Popularidade,9606
23599027,23768,Q3_Baixa_Popularidade,9606
37712743,256764,Q3_Baixa_Popularidade,9606
30391163,51312,Q3_Baixa_Popularidade,9606
24972756,222698,Q3_Baixa_Popularidade,9606
22771797,51107,Q3_Baixa_Popularidade,9606
14508106,55556,Q3_Baixa_Popularidade,9606
2714803,5342,Q3_Baixa_Popularidade,9606
39562739,3104,Q3_Baixa_Popularidade,9606
18614045,9989,Q3_Baixa_Popularidade,9606
37555669,2583,Q3_Baixa_Popularidade,9606
22386526,1043,Q3_Baixa_Popularidade,9606
34326813,116150,Q3_Baixa_Popularidade,9606
24188827,53373,Q3_Baixa_Popularidade,9606
19271754,85438,Q3_Baixa_Popularidade,9606
11747467,57472,Q3_Baixa_Popularidade,9606
21822302,106631779,Q3_Baixa_Popularidade,9606
18292846,5620,Q3_Baixa_Popularidade,9606
25693804,91351,Q3_Baixa_Popularidade,9606
21172805,27324,Q3_Baixa_Popularidade,9606
35896531,83729,Q3_Baixa_Popularidade,9606
33590725,79867,Q3_Baixa_Popularidade,9606
29180417,29886,Q3_Baixa_Popularidade,9606
33144585,768213,Q3_Baixa_Popularidade,9606
17943181,3713,Q3_Baixa_Popularidade,9606
32133007,406888,Q3_Baixa_Popularidade,9606
31637708,101928607,Q3_Baixa_Popularidade,9606
27702660,109113863,Q3_Baixa_Popularidade,9606
12890864,9107,Q3_Baixa_Popularidade,9606
28346859,84327,Q3_Baixa_Popularidade,9606
26973091,100506742,Q3_Baixa_Popularidade,9606
23152405,43849,Q3_Baixa_Popularidade,9606
26831666,284424,Q3_Baixa_Popularidade,9606
15178455,27018,Q3_Baixa_Popularidade,9606
30898877,618,Q3_Baixa_Popularidade,9606
33125709,29928,Q3_Baixa_Popularidade,9606
25633185,389289,Q3_Baixa_Popularidade,9606
30198401,11130,Q3_Baixa_Popularidade,9606
30253317,65267,Q3_Baixa_Popularidade,9606
34763165,15,Q3_Baixa_Popularidade,9606
3755136,729238,Q3_Baixa_Popularidade,9606
29323771,91156,Q3_Baixa_Popularidade,9606
11483580,84293,Q3_Baixa_Popularidade,9606
19539995,2219,Q3_Baixa_Popularidade,9606
15544804,7247,Q3_Baixa_Popularidade,9606
20829348,58509,Q3_Baixa_Popularidade,9606
19093739,110673971,Q3_Baixa_Popularidade,9606
26095815,23526,Q3_Baixa_Popularidade,9606
16487842,9992,Q3_Baixa_Popularidade,9606
32229309,221150,Q3_Baixa_Popularidade,9606
26867688,100302201,Q3_Baixa_Popularidade,9606
8780690,54659,Q3_Baixa_Popularidade,9606
31460868,11173,Q3_Baixa_Popularidade,9606
22225612,2731,Q3_Baixa_Popularidade,9606
38348842,245972,Q3_Baixa_Popularidade,9606
31363080,100506866,Q3_Baixa_Popularidade,9606
37314493,116535,Q3_Baixa_Popularidade,9606
20301604,11141,Q3_Baixa_Popularidade,9606
11402068,29780,Q3_Baixa_Popularidade,9606
12706861,9530,Q3_Baixa_Popularidade,9606
28230092,60686,Q3_Baixa_Popularidade,9606
30181378,55328,Q3_Baixa_Popularidade,9606
27562070,10345,Q3_Baixa_Popularidade,9606
32161263,728568,Q3_Baixa_Popularidade,9606
11509662,51130,Q3_Baixa_Popularidade,9606
32535249,203547,Q3_Baixa_Popularidade,9606
29204446,9830,Q3_Baixa_Popularidade,9606
23881105,9897,Q3_Baixa_Popularidade,9606
16582901,93129,Q3_Baixa_Popularidade,9606
30350935,100302142,Q3_Baixa_Popularidade,9606
30854931,951,Q3_Baixa_Popularidade,9606
36218358,4811,Q3_Baixa_Popularidade,9606
26617874,106014249,Q3_Baixa_Popularidade,9606
20189936,160851,Q3_Baixa_Popularidade,9606
25193023,140823,Q3_Baixa_Popularidade,9606
23849778,64446,Q3_Baixa_Popularidade,9606
34507559,574470,Q3_Baixa_Popularidade,9606
34079125,23431,Q3_Baixa_Popularidade,9606
19711352,83657,Q3_Baixa_Popularidade,9606
33009634,100302181,Q3_Baixa_Popularidade,9606
23530209,90410,Q3_Baixa_Popularidade,9606
37317656,79939,Q3_Baixa_Popularidade,9606
31092266,60672,Q3_Baixa_Popularidade,9606
30462520,1811,Q3_Baixa_Popularidade,9606
22666496,85479,Q3_Baixa_Popularidade,9606
12086852,29933,Q3_Baixa_Popularidade,9606
22975685,51230,Q3_Baixa_Popularidade,9606
36007377,55211,Q3_Baixa_Popularidade,9606
25233099,9162,Q3_Baixa_Popularidade,9606
26960148,1512,Q3_Baixa_Popularidade,9606
23269536,148811,Q3_Baixa_Popularidade,9606
33908819,55959,Q3_Baixa_Popularidade,9606
20565543,128821,Q3_Baixa_Popularidade,9606
29261175,121260,Q3_Baixa_Popularidade,9606
31740654,724022,Q3_Baixa_Popularidade,9606
21613359,55654,Q3_Baixa_Popularidade,9606
10475064,51052,Q3_Baixa_Popularidade,9606
35509820,23203,Q3_Baixa_Popularidade,9606
36400972,1400,Q3_Baixa_Popularidade,9606
37756562,338799,Q3_Baixa_Popularidade,9606
24963147,3478,Q3_Baixa_Popularidade,9606
2762114,109623491,Q3_Baixa_Popularidade,9606
34555410,29842,Q3_Baixa_Popularidade,9606
33090399,406974,Q3_Baixa_Popularidade,9606
18163988,93973,Q3_Baixa_Popularidade,9606
26206078,653464,Q3_Baixa_Popularidade,9606
28302484,23554,Q3_Baixa_Popularidade,9606
15561711,53905,Q3_Baixa_Popularidade,9606
29849566,286676,Q3_Baixa_Popularidade,9606
12508121,23093,Q3_Baixa_Popularidade,9606
26540345,51438,Q3_Baixa_Popularidade,9606
22044751,144423,Q3_Baixa_Popularidade,9606
8192860,1446,Q3_Baixa_Popularidade,9606
17956871,3381,Q3_Baixa_Popularidade,9606
31048545,55915,Q3_Baixa_Popularidade,9606
30723052,84793,Q3_Baixa_Popularidade,9606
10729221,3750,Q3_Baixa_Popularidade,9606
28870805,9052,Q3_Baixa_Popularidade,9606
27909719,2012,Q3_Baixa_Popularidade,9606
33181266,117285,Q3_Baixa_Popularidade,9606
41306285,10285,Q3_Baixa_Popularidade,9606
12825073,5260,Q3_Baixa_Popularidade,9606
32223575,100270680,Q3_Baixa_Popularidade,9606
21382349,7145,Q3_Baixa_Popularidade,9606
16098038,151516,Q3_Baixa_Popularidade,9606
25383759,9227,Q3_Baixa_Popularidade,9606
19639522,10585,Q3_Baixa_Popularidade,9606
15252010,110599592,Q3_Baixa_Popularidade,9606
34408139,84256,Q3_Baixa_Popularidade,9606
20101615,8578,Q3_Baixa_Popularidade,9606
31837357,56667,Q3_Baixa_Popularidade,9606
34946860,64743,Q3_Baixa_Popularidade,9606
35111166,79722,Q3_Baixa_Popularidade,9606
11551964,1447,Q3_Baixa_Popularidade,9606
16690525,8824,Q3_Baixa_Popularidade,9606
35114100,57559,Q3_Baixa_Popularidade,9606
20920335,1164,Q3_Baixa_Popularidade,9606
12801916,83851,Q3_Baixa_Popularidade,9606
9664032,4284,Q3_Baixa_Popularidade,9606
35901921,283420,Q3_Baixa_Popularidade,9606
33652941,80320,Q3_Baixa_Popularidade,9606
34058199,145173,Q3_Baixa_Popularidade,9606
23800065,94274,Q3_Baixa_Popularidade,9606
33363539,8685,Q3_Baixa_Popularidade,9606
23431138,26267,Q3_Baixa_Popularidade,9606
7644523,84939,Q3_Baixa_Popularidade,9606
29752411,343637,Q3_Baixa_Popularidade,9606
8751391,6248,Q3_Baixa_Popularidade,9606
11314040,9625,Q3_Baixa_Popularidade,9606
30605069,100302170,Q4_Cauda_Longa,9606
12909339,441666,Q4_Cauda_Longa,9606
31200545,151484,Q4_Cauda_Longa,9606
9545639,6114,Q4_Cauda_Longa,9606
38811828,122526782,Q4_Cauda_Longa,9606
20843316,205147,Q4_Cauda_Longa,9606
36700469,100289410,Q4_Cauda_Longa,9606
36770940,100616121,Q4_Cauda_Longa,9606
7511052,105371807,Q4_Cauda_Longa,9606
10777671,100918,Q4_Cauda_Longa,9606
31282173,129293,Q4_Cauda_Longa,9606
28635424,317668,Q4_Cauda_Longa,9606
29046333,144093370,Q4_Cauda_Longa,9606
1612607,236,Q4_Cauda_Longa,9606
9116028,2500,Q4_Cauda_Longa,9606
35616822,730091,Q4_Cauda_Longa,9606
24312300,391533,Q4_Cauda_Longa,9606
27160062,401296,Q4_Cauda_Longa,9606
15203209,349633,Q4_Cauda_Longa,9606
26476537,103752588,Q4_Cauda_Longa,9606
38070791,79854,Q4_Cauda_Longa,9606
31791845,100616262,Q4_Cauda_Longa,9606
25092925,104472848,Q4_Cauda_Longa,9606
27918561,550643,Q4_Cauda_Longa,9606
6948764,6420,Q4_Cauda_Longa,9606
32673063,100616136,Q4_Cauda_Longa,9606
34651202,100873942,Q4_Cauda_Longa,9606
24501229,728448,Q4_Cauda_Longa,9606
18794853,399716,Q4_Cauda_Longa,9606
23085571,100379323,Q4_Cauda_Longa,9606
10092845,285189,Q4_Cauda_Longa,9606
1676982,1157,Q4_Cauda_Longa,9606
33414518,118421,Q4_Cauda_Longa,9606
17114284,554226,Q4_Cauda_Longa,9606
32572918,101101772,Q4_Cauda_Longa,9606
19089165,108281111,Q4_Cauda_Longa,9606
7798271,507,Q4_Cauda_Longa,9606
14871852,404663,Q4_Cauda_Longa,9606
32392798,100506779,Q4_Cauda_Longa,9606
19915186,120126,Q4_Cauda_Longa,9606
32969152,119545628,Q4_Cauda_Longa,9606
17098703,171559,Q4_Cauda_Longa,9606
37545364,100287559,Q4_Cauda_Longa,9606
23926254,100507003,Q4_Cauda_Longa,9606
35127520,124905036,Q4_Cauda_Longa,9606
1740338,4182,Q4_Cauda_Longa,9606
9524820,50612,Q4_Cauda_Longa,9606
2969697,2231,Q4_Cauda_Longa,9606
30177389,100616240,Q4_Cauda_Longa,9606
31251699,100313781,Q4_Cauda_Longa,9606
21895886,100847006,Q4_Cauda_Longa,9606
34925460,125177376,Q4_Cauda_Longa,9606
30317552,101928931,Q4_Cauda_Longa,9606
23583979,144360,Q4_Cauda_Longa,9606
11340635,84366,Q4_Cauda_Longa,9606
36523161,401720,Q4_Cauda_Longa,9606
9689108,729816,Q4_Cauda_Longa,9606
29101731,100422945,Q4_Cauda_Longa,9606
34859848,100422841,Q4_Cauda_Longa,9606
10441517,23574,Q4_Cauda_Longa,9606
30733230,574029,Q4_Cauda_Longa,9606
31718630,100507086,Q4_Cauda_Longa,9606
6276389,28947,Q4_Cauda_Longa,9606
30120975,101926947,Q4_Cauda_Longa,9606
31702994,102465141,Q4_Cauda_Longa,9606
34427876,100507206,Q4_Cauda_Longa,9606
15173246,724074,Q4_Cauda_Longa,9606
30707326,100847006,Q4_Cauda_Longa,9606
11352565,260331,Q4_Cauda_Longa,9606
16488878,285888,Q4_Cauda_Longa,9606
34662402,132090437,Q4_Cauda_Longa,9606
35364057,101927167,Q4_Cauda_Longa,9606
11125144,64851,Q4_Cauda_Longa,9606
33425728,105379407,Q4_Cauda_Longa,9606
15616553,728888,Q4_Cauda_Longa,9606
35707591,441670,Q4_Cauda_Longa,9606
9334239,108663984,Q4_Cauda_Longa,9606
11566096,55999,Q4_Cauda_Longa,9606
35399640,125177374,Q4_Cauda_Longa,9606
22067224,100862688,Q4_Cauda_Longa,9606
32083134,4576,Q4_Cauda_Longa,9606
9344655,144847,Q4_Cauda_Longa,9606
20463046,440895,Q4_Cauda_Longa,9606
31488171,100616387,Q4_Cauda_Longa,9606
11932999,3341,Q4_Cauda_Longa,9606
32894549,100126303,Q4_Cauda_Longa,9606
32857606,693127,Q4_Cauda_Longa,9606
35657686,148756,Q4_Cauda_Longa,9606
34644545,641455,Q4_Cauda_Longa,9606
8938448,6395,Q4_Cauda_Longa,9606
21173776,101929380,Q4_Cauda_Longa,9606
29630094,100616189,Q4_Cauda_Longa,9606
41444079,100507475,Q4_Cauda_Longa,9606
11882782,1918,Q4_Cauda_Longa,9606
17114178,7954,Q4_Cauda_Longa,9606
29700843,100130988,Q4_Cauda_Longa,9606
39197579,574463,Q4_Cauda_Longa,9606
34731149,196047,Q4_Cauda_Longa,9606
7818533,100049076,Q4_Cauda_Longa,9606
35166026,102465449,Q4_Cauda_Longa,9606
21909106,389641,Q4_Cauda_Longa,9606
25144376,101929664,Q4_Cauda_Longa,9606
27617395,100271698,Q4_Cauda_Longa,9606
8761437,856,Q4_Cauda_Longa,9606
19851445,653639,Q4_Cauda_Longa,9606
9837827,50975,Q4_Cauda_Longa,9606
38880921,90204,Q4_Cauda_Longa,9606
24594601,103021164,Q4_Cauda_Longa,9606
26467040,110599571,Q4_Cauda_Longa,9606
18282519,110740348,Q4_Cauda_Longa,9606
34076996,693199,Q4_Cauda_Longa,9606
27076786,101926975,Q4_Cauda_Longa,9606
27434588,111082987,Q4_Cauda_Longa,9606
34777698,100616234,Q4_Cauda_Longa,9606
12923069,127481,Q4_Cauda_Longa,9606
38017487,101929328,Q4_Cauda_Longa,9606
22258142,100861504,Q4_Cauda_Longa,9606
2883200,1157,Q4_Cauda_Longa,9606
2559024,485,Q4_Cauda_Longa,9606
15689435,100996465,Q4_Cauda_Longa,9606
32188348,221241,Q4_Cauda_Longa,9606
28102759,109729182,Q4_Cauda_Longa,9606
7635484,6466,Q4_Cauda_Longa,9606
14602913,692235,Q4_Cauda_Longa,9606
34931960,100616211,Q4_Cauda_Longa,9606
31582214,103352670,Q4_Cauda_Longa,9606
34378327,104326057,Q4_Cauda_Longa,9606
33504453,147664,Q4_Cauda_Longa,9606
32046432,100422876,Q4_Cauda_Longa,9606
35116115,105375674,Q4_Cauda_Longa,9606
30341249,100885798,Q4_Cauda_Longa,9606
30670568,693135,Q4_Cauda_Longa,9606
14639526,100996259,Q4_Cauda_Longa,9606
25294924,104502417,Q4_Cauda_Longa,9606
33509226,100302209,Q4_Cauda_Longa,9606
29507293,128598892,Q4_Cauda_Longa,9606
32841458,100885798,Q4_Cauda_Longa,9606
15760889,730013,Q4_Cauda_Longa,9606
12809671,2973,Q4_Cauda_Longa,9606
17110384,283093,Q4_Cauda_Longa,9606
21408207,81328,Q4_Cauda_Longa,9606
20301693,4575,Q4_Cauda_Longa,9606
9730612,440366,Q4_Cauda_Longa,9606
20363979,108169209,Q4_Cauda_Longa,9606
30528231,102723465,Q4_Cauda_Longa,9606
6201125,5185,Q4_Cauda_Longa,9606
26050227,101927096,Q4_Cauda_Longa,9606
34516362,104797538,Q4_Cauda_Longa,9606
16625320,111089947,Q4_Cauda_Longa,9606
22085899,100151657,Q4_Cauda_Longa,9606
12753399,107988038,Q4_Cauda_Longa,9606
33318505,113839520,Q4_Cauda_Longa,9606
16446976,100037266,Q4_Cauda_Longa,9606
30951563,100616241,Q4_Cauda_Longa,9606
37059803,26806,Q4_Cauda_Longa,9606
31168873,110806308,Q4_Cauda_Longa,9606
8326501,4933,Q4_Cauda_Longa,9606
36576714,100652853,Q4_Cauda_Longa,9606
18293391,100359401,Q4_Cauda_Longa,9606
20424473,27093,Q4_Cauda_Longa,9606
19111610,1156,Q4_Cauda_Longa,9606
1310151,26832,Q4_Cauda_Longa,9606
1446828,111216290,Q4_Cauda_Longa,9606
15047173,497189,Q4_Cauda_Longa,9606
36647631,283663,Q4_Cauda_Longa,9606
9716664,390586,Q4_Cauda_Longa,9606
33237828,100506115,Q4_Cauda_Longa,9606
1581364,390221,Q4_Cauda_Longa,9606
26960425,339977,Q4_Cauda_Longa,9606
16141793,54580,Q4_Cauda_Longa,9606
25140149,283089,Q4_Cauda_Longa,9606
16717440,23723,Q4_Cauda_Longa,9606
11087823,105980073,Q4_Cauda_Longa,9606
33015776,102466911,Q4_Cauda_Longa,9606
31870402,100874363,Q4_Cauda_Longa,9606
23449627,651302,Q4_Cauda_Longa,9606
12355400,337895,Q4_Cauda_Longa,9606
22500510,106635531,Q4_Cauda_Longa,9606
11343300,117190,Q4_Cauda_Longa,9606
24578380,100507392,Q4_Cauda_Longa,9606
1718857,7495,Q4_Cauda_Longa,9606
35163581,100996732,Q4_Cauda_Longa,9606
31722199,391769,Q4_Cauda_Longa,9606
26527144,647309,Q4_Cauda_Longa,9606
17178844,284759,Q4_Cauda_Longa,9606
34707111,100499227,Q4_Cauda_Longa,9606
15570621,105373450,Q4_Cauda_Longa,9606
8005606,418,Q4_Cauda_Longa,9606
35296991,100616451,Q4_Cauda_Longa,9606
27535846,780906,Q4_Cauda_Longa,9606
35196185,100500813,Q4_Cauda_Longa,9606
2788608,281,Q4_Cauda_Longa,9606
26360614,100033411,Q4_Cauda_Longa,9606
23472165,100287015,Q4_Cauda_Longa,9606
22650316,286436,Q4_Cauda_Longa,9606
33464477,100302136,Q4_Cauda_Longa,9606
28000886,693216,Q4_Cauda_Longa,9606
12514748,149830,Q4_Cauda_Longa,9606
26158411,101927953,Q4_Cauda_Longa,9606
20855565,135948,Q4_Cauda_Longa,9606
33135346,105375368,Q4_Cauda_Longa,9606
7479755,4611,Q4_Cauda_Longa,9606
38848293,151009,Q4_Cauda_Longa,9606
21261979,388996,Q4_Cauda_Longa,9606
37840133,100505692,Q4_Cauda_Longa,9606
30617187,100505666,Q4_Cauda_Longa,9606
10728827,11223,Q4_Cauda_Longa,9606
19077264,105373381,Q4_Cauda_Longa,9606
26487511,100526739,Q4_Cauda_Longa,9606
12935778,246750,Q4_Cauda_Longa,9606
25303483,101928337,Q4_Cauda_Longa,9606
8307579,2942,Q4_Cauda_Longa,9606
26595768,112590798,Q4_Cauda_Longa,9606
34732716,79919,Q4_Cauda_Longa,9606
33393726,101928687,Q4_Cauda_Longa,9606
24324551,286059,Q4_Cauda_Longa,9606
40068798,389158,Q4_Cauda_Longa,9606
15302935,90233,Q4_Cauda_Longa,9606
21768215,101928231,Q4_Cauda_Longa,9606
21326906,113664107,Q4_Cauda_Longa,9606
3133445,28395,Q4_Cauda_Longa,9606
7759099,5088,Q4_Cauda_Longa,9606
29593321,102724571,Q4_Cauda_Longa,9606
22581228,100861550,Q4_Cauda_Longa,9606
28415780,101978785,Q4_Cauda_Longa,9606
36118523,100499466,Q4_Cauda_Longa,9606
19182517,107080552,Q4_Cauda_Longa,9606
7539809,6085,Q4_Cauda_Longa,9606
34935307,338758,Q4_Cauda_Longa,9606
31138789,90827,Q4_Cauda_Longa,9606
36190397,100302196,Q4_Cauda_Longa,9606
32980991,100505495,Q4_Cauda_Longa,9606
26856702,110121290,Q4_Cauda_Longa,9606
35050429,100616293,Q4_Cauda_Longa,9606
31504670,735301,Q4_Cauda_Longa,9606
22934245,106728414,Q4_Cauda_Longa,9606
7085778,100529141,Q4_Cauda_Longa,9606
33089970,728190,Q4_Cauda_Longa,9606
32468015,117981787,Q4_Cauda_Longa,9606
27517498,115891964,Q4_Cauda_Longa,9606
15452352,493862,Q4_Cauda_Longa,9606
30657560,693195,Q4_Cauda_Longa,9606
16701883,108251801,Q4_Cauda_Longa,9606
21206914,102725023,Q4_Cauda_Longa,9606
23034410,102465695,Q4_Cauda_Longa,9606
17668008,107275224,Q4_Cauda_Longa,9606
20494980,114041,Q4_Cauda_Longa,9606
35064892,100506599,Q4_Cauda_Longa,9606
8838795,391013,Q4_Cauda_Longa,9606
20942798,109286556,Q4_Cauda_Longa,9606
33578848,122867,Q4_Cauda_Longa,9606
21280222,100131294,Q4_Cauda_Longa,9606
36338996,128193290,Q4_Cauda_Longa,9606
22267201,102723403,Q4_Cauda_Longa,9606
1937579,3128,Q4_Cauda_Longa,9606
39433793,101929549,Q4_Cauda_Longa,9606
8661144,729944,Q4_Cauda_Longa,9606
24488769,101929329,Q4_Cauda_Longa,9606
23166209,101928596,Q4_Cauda_Longa,9606
17416744,100302114,Q4_Cauda_Longa,9606
19204726,728450,Q4_Cauda_Longa,9606
31983094,101927034,Q4_Cauda_Longa,9606
8586424,27002,Q4_Cauda_Longa,9606
7642109,140623,Q4_Cauda_Longa,9606
18093280,57824,Q4_Cauda_Longa,9606
6775818,28947,Q4_Cauda_Longa,9606
36242728,728190,Q4_Cauda_Longa,9606
36577835,101928820,Q4_Cauda_Longa,9606
19486942,646300,Q4_Cauda_Longa,9606
34914965,401472,Q4_Cauda_Longa,9606
17943142,317782,Q4_Cauda_Longa,9606
28334377,345193,Q4_Cauda_Longa,9606
33818282,100616494,Q4_Cauda_Longa,9606
29855537,112840934,Q4_Cauda_Longa,9606
41184298,136288,Q4_Cauda_Longa,9606
10631146,27038,Q4_Cauda_Longa,9606
35748872,90113,Q4_Cauda_Longa,9606
25144775,7693,Q4_Cauda_Longa,9606
28422318,342908,Q4_Cauda_Longa,9606
12690205,285941,Q4_Cauda_Longa,9606
10444326,11147,Q4_Cauda_Longa,9606
34500373,102465525,Q4_Cauda_Longa,9606
9724777,203569,Q4_Cauda_Longa,9606
36217030,113230,Q4_Cauda_Longa,9606
36806387,100996570,Q4_Cauda_Longa,9606
20944657,90768,Q4_Cauda_Longa,9606
6672765,3844,Q4_Cauda_Longa,9606
29757368,283875,Q4_Cauda_Longa,9606
12133958,28392,Q4_Cauda_Longa,9606
34445801,100113381,Q4_Cauda_Longa,9606
9122200,127898564,Q4_Cauda_Longa,9606
36267809,102465487,Q4_Cauda_Longa,9606
37694278,102465486,Q4_Cauda_Longa,9606
37248547,220906,Q4_Cauda_Longa,9606
20889312,100528017,Q4_Cauda_Longa,9606
32811869,645212,Q4_Cauda_Longa,9606
20691427,80831,Q4_Cauda_Longa,9606
26740941,107275223,Q4_Cauda_Longa,9606
20532037,100500801,Q4_Cauda_Longa,9606
15175115,5003,Q4_Cauda_Longa,9606
1988024,7451,Q4_Cauda_Longa,9606
28701355,100616438,Q4_Cauda_Longa,9606
12957386,117307478,Q4_Cauda_Longa,9606
38136338,100131138,Q4_Cauda_Longa,9606
32279128,100422840,Q4_Cauda_Longa,9606
31298313,100132159,Q4_Cauda_Longa,9606
20357257,390667,Q4_Cauda_Longa,9606
28087599,100188953,Q4_Cauda_Longa,9606
34508303,283050,Q4_Cauda_Longa,9606
28184924,100126321,Q4_Cauda_Longa,9606
18604220,101054525,Q4_Cauda_Longa,9606
1386335,897,Q4_Cauda_Longa,9606
16303764,497231,Q4_Cauda_Longa,9606
24886442,103344928,Q4_Cauda_Longa,9606
30448060,727701,Q4_Cauda_Longa,9606
3031613,440926,Q4_Cauda_Longa,9606
7633418,7885,Q4_Cauda_Longa,9606
31601776,619351,Q4_Cauda_Longa,9606
10417283,120766137,Q4_Cauda_Longa,9606
1424230,1913,Q4_Cauda_Longa,9606
33299853,100422986,Q4_Cauda_Longa,9606
33509158,128266844,Q4_Cauda_Longa,9606
16216074,2761,Q4_Cauda_Longa,9606
20975707,100130009,Q4_Cauda_Longa,9606
32066912,100616409,Q4_Cauda_Longa,9606
40783783,111082994,Q4_Cauda_Longa,9606
15197164,101928611,Q4_Cauda_Longa,9606
11369687,252842,Q4_Cauda_Longa,9606
4033658,200575,Q4_Cauda_Longa,9606
22993228,101929352,Q4_Cauda_Longa,9606
32537885,100616245,Q4_Cauda_Longa,9606
19658160,126123,Q4_Cauda_Longa,9606
20723759,100151642,Q4_Cauda_Longa,9606
24337577,401036,Q4_Cauda_Longa,9606
21757650,221416,Q4_Cauda_Longa,9606
2451124,400578,Q4_Cauda_Longa,9606
1831224,938,Q4_Cauda_Longa,9606
38933868,137805487,Q4_Cauda_Longa,9606
20802447,2112,Q4_Cauda_Longa,9606
36602957,100188954,Q4_Cauda_Longa,9606
24068947,100507472,Q4_Cauda_Longa,9606
35996500,100505812,Q4_Cauda_Longa,9606
26694250,101929983,Q4_Cauda_Longa,9606
30612741,116268454,Q4_Cauda_Longa,9606
26505675,414328,Q4_Cauda_Longa,9606
34362795,100288077,Q4_Cauda_Longa,9606
35905044,4523,Q4_Cauda_Longa,9606
36335471,100506411,Q4_Cauda_Longa,9606
19525953,285830,Q4_Cauda_Longa,9606
19359275,728410,Q4_Cauda_Longa,9606
21252223,375757,Q4_Cauda_Longa,9606
33756228,338758,Q4_Cauda_Longa,9606
10332034,440253,Q4_Cauda_Longa,9606
31215650,115409987,Q4_Cauda_Longa,9606
2115572,28829,Q4_Cauda_Longa,9606
37690472,132591089,Q4_Cauda_Longa,9606
20855956,153770,Q4_Cauda_Longa,9606
281540,8105,Q4_Cauda_Longa,9606
31736153,101927193,Q4_Cauda_Longa,9606
24898979,100846993,Q4_Cauda_Longa,9606
9758624,50966,Q4_Cauda_Longa,9606
29270239,147947,Q4_Cauda_Longa,9606
6608795,281,Q4_Cauda_Longa,9606
37258679,202500,Q4_Cauda_Longa,9606
36527092,101927777,Q4_Cauda_Longa,9606
31137016,100616368,Q4_Cauda_Longa,9606
19752191,100310785,Q4_Cauda_Longa,9606
32298923,390205,Q4_Cauda_Longa,9606
34224057,149047,Q4_Cauda_Longa,9606
3340558,790951,Q4_Cauda_Longa,9606
23263164,107126360,Q4_Cauda_Longa,9606
28767188,84931,Q4_Cauda_Longa,9606
37597476,124906046,Q4_Cauda_Longa,9606
24709545,347487,Q4_Cauda_Longa,9606
3856276,3129,Q4_Cauda_Longa,9606
3840162,646362,Q4_Cauda_Longa,9606
23650840,62,Q4_Cauda_Longa,9606
15474306,160824,Q4_Cauda_Longa,9606
29656893,112441434,Q4_Cauda_Longa,9606
39080630,100616366,Q4_Cauda_Longa,9606
11220620,731716,Q4_Cauda_Longa,9606
23966204,100533464,Q4_Cauda_Longa,9606
36457025,102723465,Q4_Cauda_Longa,9606
32125767,100616420,Q4_Cauda_Longa,9606
35711945,123706506,Q4_Cauda_Longa,9606
24393131,134466,Q4_Cauda_Longa,9606
33634971,100874268,Q4_Cauda_Longa,9606
16083424,100996435,Q4_Cauda_Longa,9606
28405738,100422851,Q4_Cauda_Longa,9606
15671291,619404,Q4_Cauda_Longa,9606
32211330,117134601,Q4_Cauda_Longa,9606
21307942,100533182,Q4_Cauda_Longa,9606
31363184,390748,Q4_Cauda_Longa,9606
24133439,100505761,Q4_Cauda_Longa,9606
9152839,109580097,Q4_Cauda_Longa,9606
11743521,1714,Q4_Cauda_Longa,9606
20194426,338391,Q4_Cauda_Longa,9606
2682663,603,Q4_Cauda_Longa,9606
23677057,101927078,Q4_Cauda_Longa,9606
20375350,100286963,Q4_Cauda_Longa,9606
25653177,642597,Q4_Cauda_Longa,9606
29422543,120766137,Q4_Cauda_Longa,9606
35267457,100996569,Q4_Cauda_Longa,9606
1327965,319098,Q4_Cauda_Longa,9606
38587325,284751,Q4_Cauda_Longa,9606
32094911,129663029,Q4_Cauda_Longa,9606
10329000,64433,Q4_Cauda_Longa,9606
33150676,284757,Q4_Cauda_Longa,9606
6186397,109616983,Q4_Cauda_Longa,9606
10048485,23366,Q4_Cauda_Longa,9606
9325057,5280,Q4_Cauda_Longa,9606
21912690,340900,Q4_Cauda_Longa,9606
8185623,2942,Q4_Cauda_Longa,9606
20512923,377047,Q4_Cauda_Longa,9606
20697350,326594,Q4_Cauda_Longa,9606
38221658,100462981,Q4_Cauda_Longa,9606
30244253,100616389,Q4_Cauda_Longa,9606
28695742,100529097,Q4_Cauda_Longa,9606
35137449,550112,Q4_Cauda_Longa,9606
28388653,389432,Q4_Cauda_Longa,9606
33391355,105369549,Q4_Cauda_Longa,9606
30539011,100616170,Q4_Cauda_Longa,9606
22078386,100506897,Q4_Cauda_Longa,9606
11376937,170688,Q4_Cauda_Longa,9606
26600424,25854,Q4_Cauda_Longa,9606
24388749,104326055,Q4_Cauda_Longa,9606
38781195,102466270,Q4_Cauda_Longa,9606
12488959,442338,Q4_Cauda_Longa,9606
6261953,7212,Q4_Cauda_Longa,9606
41309966,401463,Q4_Cauda_Longa,9606
20607803,111162620,Q4_Cauda_Longa,9606
25036637,100131997,Q4_Cauda_Longa,9606
17672825,81993,Q4_Cauda_Longa,9606
31492481,693211,Q4_Cauda_Longa,9606
24216476,100313772,Q4_Cauda_Longa,9606
4215080,100290481,Q4_Cauda_Longa,9606
32196587,400456,Q4_Cauda_Longa,9606
32127022,100422864,Q4_Cauda_Longa,9606
8872162,28568,Q4_Cauda_Longa,9606
35011680,284546,Q4_Cauda_Longa,9606
30874550,9597,Q4_Cauda_Longa,9606
35605650,440508,Q4_Cauda_Longa,9606
25411163,100506444,Q4_Cauda_Longa,9606
36346578,100506436,Q4_Cauda_Longa,9606
36284435,692214,Q4_Cauda_Longa,9606
37955780,100874016,Q4_Cauda_Longa,9606
26990986,220885,Q4_Cauda_Longa,9606
36660950,100302148,Q4_Cauda_Longa,9606
11821432,317751,Q4_Cauda_Longa,9606
3103603,28809,Q4_Cauda_Longa,9606
11713263,125168,Q4_Cauda_Longa,9606
3922855,28395,Q4_Cauda_Longa,9606
18602769,389633,Q4_Cauda_Longa,9606
38065939,105369635,Q4_Cauda_Longa,9606
28367099,125775239,Q4_Cauda_Longa,9606
26800519,100506688,Q4_Cauda_Longa,9606
35081869,100302219,Q4_Cauda_Longa,9606
34767727,100506994,Q4_Cauda_Longa,9606
8852668,4387,Q4_Cauda_Longa,9606
32964971,100506080,Q4_Cauda_Longa,9606
28123636,100505771,Q4_Cauda_Longa,9606
32240638,104457406,Q4_Cauda_Longa,9606
26926603,339768,Q4_Cauda_Longa,9606
12671736,731716,Q4_Cauda_Longa,9606
40210679,26855,Q4_Cauda_Longa,9606
8565703,100287735,Q4_Cauda_Longa,9606
17086198,106029238,Q4_Cauda_Longa,9606
9205111,171423,Q4_Cauda_Longa,9606
28660502,100126304,Q4_Cauda_Longa,9606
33982765,693220,Q4_Cauda_Longa,9606
10812081,56286,Q4_Cauda_Longa,9606
29974883,728132,Q4_Cauda_Longa,9606
30082910,348094,Q4_Cauda_Longa,9606
27911315,100422826,Q4_Cauda_Longa,9606
18154640,286043,Q4_Cauda_Longa,9606
21460840,643680,Q4_Cauda_Longa,9606
27683121,285456,Q4_Cauda_Longa,9606
25238782,109280162,Q4_Cauda_Longa,9606
31358735,100190940,Q4_Cauda_Longa,9606
26016667,111089947,Q4_Cauda_Longa,9606
34007244,102465524,Q4_Cauda_Longa,9606
16517731,6960,Q4_Cauda_Longa,9606
21909109,643909,Q4_Cauda_Longa,9606
37498069,641364,Q4_Cauda_Longa,9606
20190752,441915,Q4_Cauda_Longa,9606
10453739,10789,Q4_Cauda_Longa,9606
32329849,387978,Q4_Cauda_Longa,9606
19197348,283440,Q4_Cauda_Longa,9606
22126752,641339,Q4_Cauda_Longa,9606
15716091,203430,Q4_Cauda_Longa,9606
30203366,219428,Q4_Cauda_Longa,9606
22247754,23359,Q4_Cauda_Longa,9606
36635268,103344929,Q4_Cauda_Longa,9606
36825759,100616434,Q4_Cauda_Longa,9606
18606680,28922,Q4_Cauda_Longa,9606
16328886,100130958,Q4_Cauda_Longa,9606
1985270,7502,Q4_Cauda_Longa,9606
28041957,100861550,Q4_Cauda_Longa,9606
17588759,653544,Q4_Cauda_Longa,9606
33037865,100289410,Q4_Cauda_Longa,9606
26393913,105376036,Q4_Cauda_Longa,9606
28879717,111216284,Q4_Cauda_Longa,9606
27023521,340900,Q4_Cauda_Longa,9606
9827627,2112,Q4_Cauda_Longa,9606
10575211,7845,Q4_Cauda_Longa,9606
3927006,28890,Q4_Cauda_Longa,9606
35322763,102723775,Q4_Cauda_Longa,9606
12384783,282552,Q4_Cauda_Longa,9606
7789980,1624,Q4_Cauda_Longa,9606
36410635,100874043,Q4_Cauda_Longa,9606
31132669,400657,Q4_Cauda_Longa,9606
7990150,1197,Q4_Cauda_Longa,9606
22139419,692076,Q4_Cauda_Longa,9606
24895164,130406855,Q4_Cauda_Longa,9606
36631436,389895,Q4_Cauda_Longa,9606
37014032,100507027,Q4_Cauda_Longa,9606
8678981,91316,Q4_Cauda_Longa,9606
29018959,28659,Q4_Cauda_Longa,9606
19535463,4555,Q4_Cauda_Longa,9606
24799664,100526820,Q4_Cauda_Longa,9606
11150526,56903,Q4_Cauda_Longa,9606
7999069,642546,Q4_Cauda_Longa,9606
17903296,729862,Q4_Cauda_Longa,9606
29510730,100874041,Q4_Cauda_Longa,9606
15358244,148713,Q4_Cauda_Longa,9606
18046012,105373450,Q4_Cauda_Longa,9606
17641261,647275,Q4_Cauda_Longa,9606
35067783,54064,Q4_Cauda_Longa,9606
35404750,677779,Q4_Cauda_Longa,9606
17258408,644444,Q4_Cauda_Longa,9606
36806685,28643,Q4_Cauda_Longa,9606
1833775,1817,Q4_Cauda_Longa,9606
16084724,100130097,Q4_Cauda_Longa,9606
32574189,84808,Q4_Cauda_Longa,9606
31373842,100126324,Q4_Cauda_Longa,9606
31604679,100847004,Q4_Cauda_Longa,9606
9425221,390831,Q4_Cauda_Longa,9606
8072544,3403,Q4_Cauda_Longa,9606
35764883,100506068,Q4_Cauda_Longa,9606
3502690,5233,Q4_Cauda_Longa,9606
33336752,100506380,Q4_Cauda_Longa,9606
19077231,654816,Q4_Cauda_Longa,9606
26188586,642776,Q4_Cauda_Longa,9606
20386566,145858,Q4_Cauda_Longa,9606
32495869,148645,Q4_Cauda_Longa,9606
29261648,646719,Q4_Cauda_Longa,9606
27910778,100422987,Q4_Cauda_Longa,9606
31364107,102465872,Q4_Cauda_Longa,9606
23876241,116179,Q4_Cauda_Longa,9606
20463881,257203,Q4_Cauda_Longa,9606
33261009,146547,Q4_Cauda_Longa,9606
25875936,90592,Q4_Cauda_Longa,9606
1551402,28926,Q4_Cauda_Longa,9606
23985325,110740341,Q4_Cauda_Longa,9606
11745384,28801,Q4_Cauda_Longa,9606
30874288,100422903,Q4_Cauda_Longa,9606
22479202,101928022,Q4_Cauda_Longa,9606
15358107,100526830,Q4_Cauda_Longa,9606
17885627,1556,Q4_Cauda_Longa,9606
10780787,100419029,Q4_Cauda_Longa,9606
35266110,100129794,Q4_Cauda_Longa,9606
11337751,4416,Q4_Cauda_Longa,9606
10801852,7495,Q4_Cauda_Longa,9606
16195351,387849,Q4_Cauda_Longa,9606
12112072,140907,Q4_Cauda_Longa,9606
3175763,8373,Q4_Cauda_Longa,9606
33147570,100507632,Q4_Cauda_Longa,9606
23657505,28689,Q4_Cauda_Longa,9606
27531668,102723619,Q4_Cauda_Longa,9606
22541069,100419743,Q4_Cauda_Longa,9606
24152035,254786,Q4_Cauda_Longa,9606
2676726,7236,Q4_Cauda_Longa,9606
36261031,100500808,Q4_Cauda_Longa,9606
37300672,401109,Q4_Cauda_Longa,9606
31949211,167555,Q4_Cauda_Longa,9606
29955039,2616,Q4_Cauda_Longa,9606
32558485,126806670,Q4_Cauda_Longa,9606
24002674,100147773,Q4_Cauda_Longa,9606
28396580,109245082,Q4_Cauda_Longa,9606
37469237,100533619,Q4_Cauda_Longa,9606
34584454,105369611,Q4_Cauda_Longa,9606
11298326,28890,Q4_Cauda_Longa,9606
416441,28420,Q4_Cauda_Longa,9606
814163,28776,Q4_Cauda_Longa,9606
31309112,105375014,Q4_Cauda_Longa,9606
35331737,285382,Q4_Cauda_Longa,9606
31334828,105373813,Q4_Cauda_Longa,9606
33211221,693202,Q4_Cauda_Longa,9606
33753211,105373869,Q4_Cauda_Longa,9606
23226537,102466866,Q4_Cauda_Longa,9606
34061329,693205,Q4_Cauda_Longa,9606
11902138,29768,Q4_Cauda_Longa,9606
27225868,105373377,Q4_Cauda_Longa,9606
33001357,253264,Q4_Cauda_Longa,9606
15307048,553192,Q4_Cauda_Longa,9606
29917192,100423026,Q4_Cauda_Longa,9606
19026782,677778,Q4_Cauda_Longa,9606
39242532,111216283,Q4_Cauda_Longa,9606
18974790,440278,Q4_Cauda_Longa,9606
27813118,693234,Q4_Cauda_Longa,9606
37460467,403340,Q4_Cauda_Longa,9606
15782160,55025,Q4_Cauda_Longa,9606
9039502,641298,Q4_Cauda_Longa,9606
33270518,100885782,Q4_Cauda_Longa,9606
29700321,101928847,Q4_Cauda_Longa,9606
28426283,348825,Q4_Cauda_Longa,9606
19754311,100130801,Q4_Cauda_Longa,9606
21254220,101752400,Q4_Cauda_Longa,9606
31066051,100874366,Q4_Cauda_Longa,9606
16261168,387573,Q4_Cauda_Longa,9606
23009292,4096,Q4_Cauda_Longa,9606
24376456,149047,Q4_Cauda_Longa,9606
19795399,390037,Q4_Cauda_Longa,9606
17786280,613212,Q4_Cauda_Longa,9606
36656640,100498859,Q4_Cauda_Longa,9606
29311158,101929517,Q4_Cauda_Longa,9606
31102367,103752554,Q4_Cauda_Longa,9606
1562593,107063610,Q4_Cauda_Longa,9606
9630250,26821,Q4_Cauda_Longa,9606
28138801,768214,Q4_Cauda_Longa,9606
30536379,104797537,Q4_Cauda_Longa,9606
18976687,353000,Q4_Cauda_Longa,9606
31575973,644139,Q4_Cauda_Longa,9606
9391893,25812,Q4_Cauda_Longa,9606
30898713,100500858,Q4_Cauda_Longa,9606
30839115,105375914,Q4_Cauda_Longa,9606
9817916,9431,Q4_Cauda_Longa,9606
38279424,401014,Q4_Cauda_Longa,9606
16478971,440044,Q4_Cauda_Longa,9606
28420705,347516,Q4_Cauda_Longa,9606
35334070,100616206,Q4_Cauda_Longa,9606
12616531,107181288,Q4_Cauda_Longa,9606
35791074,100302118,Q4_Cauda_Longa,9606
20460270,100505933,Q4_Cauda_Longa,9606
35278131,29779,Q4_Cauda_Longa,9606
22780124,401491,Q4_Cauda_Longa,9606
14516435,107966124,Q4_Cauda_Longa,9606
34097121,503627,Q4_Cauda_Longa,9606
22876581,3719,Q4_Cauda_Longa,9606
12970787,107105350,Q4_Cauda_Longa,9606
37167062,653226,Q4_Cauda_Longa,9606
33204302,100188949,Q4_Cauda_Longa,9606
41199745,107984262,Q4_Cauda_Longa,9606
10899139,110599586,Q4_Cauda_Longa,9606
37605580,100302118,Q4_Cauda_Longa,9606
17567994,110091775,Q4_Cauda_Longa,9606
36105081,388182,Q4_Cauda_Longa,9606
20818382,107522039,Q4_Cauda_Longa,9606
20981099,107832855,Q4_Cauda_Longa,9606
10708521,113633874,Q4_Cauda_Longa,9606
11106375,100033426,Q4_Cauda_Longa,9606
31262262,101928734,Q4_Cauda_Longa,9606
37271897,64150,Q4_Cauda_Longa,9606
11279517,117187,Q4_Cauda_Longa,9606
34105888,84847,Q4_Cauda_Longa,9606
33378013,100500884,Q4_Cauda_Longa,9606
11017077,401720,Q4_Cauda_Longa,9606
36471281,84657,Q4_Cauda_Longa,9606
33263282,146562,Q4_Cauda_Longa,9606
35255492,105371450,Q4_Cauda_Longa,9606
1916762,406214,Q4_Cauda_Longa,9606
17619138,645652,Q4_Cauda_Longa,9606
7695643,100526830,Q4_Cauda_Longa,9606
21810643,100128714,Q4_Cauda_Longa,9606
35624327,28736,Q4_Cauda_Longa,9606
30518158,728606,Q4_Cauda_Longa,9606
32226304,100507244,Q4_Cauda_Longa,9606
1464612,111089942,Q4_Cauda_Longa,9606
37725640,340393,Q4_Cauda_Longa,9606
20087950,100196916,Q4_Cauda_Longa,9606
31652445,100616495,Q4_Cauda_Longa,9606
12408966,337875,Q4_Cauda_Longa,9606
37298284,100422841,Q4_Cauda_Longa,9606
31152661,7526,Q4_Cauda_Longa,9606
23263487,171472,Q4_Cauda_Longa,9606
19107232,286494,Q4_Cauda_Longa,9606
24696066,106146144,Q4_Cauda_Longa,9606
16385451,399833,Q4_Cauda_Longa,9606
396131,5183,Q4_Cauda_Longa,9606
1684376,28618,Q4_Cauda_Longa,9606
30485693,101929447,Q4_Cauda_Longa,9606
35788729,127379750,Q4_Cauda_Longa,9606
23689137,113633877,Q4_Cauda_Longa,9606
27925372,110386949,Q4_Cauda_Longa,9606
32458152,26776,Q4_Cauda_Longa,9606
31642395,693144,Q4_Cauda_Longa,9606
36546321,105378020,Q4_Cauda_Longa,9606
36385489,101927459,Q4_Cauda_Longa,9606
1279380,81850,Q4_Cauda_Longa,9606
23328707,101928638,Q4_Cauda_Longa,9606
15974297,5177,Q4_Cauda_Longa,9606
11347906,84503,Q4_Cauda_Longa,9606
23239821,110386949,Q4_Cauda_Longa,9606
24550385,100271357,Q4_Cauda_Longa,9606
18371374,645682,Q4_Cauda_Longa,9606
37744336,28636,Q4_Cauda_Longa,9606
31210304,101929328,Q4_Cauda_Longa,9606
30710292,170591,Q4_Cauda_Longa,9606
22923026,101929081,Q4_Cauda_Longa,9606
25857697,110599588,Q4_Cauda_Longa,9606
34664678,100506755,Q4_Cauda_Longa,9606
3240863,6219,Q4_Cauda_Longa,9606
35156780,255193,Q4_Cauda_Longa,9606
12358933,100124696,Q4_Cauda_Longa,9606
31804951,101928062,Q4_Cauda_Longa,9606
14627680,338411,Q4_Cauda_Longa,9606
16581810,58531,Q4_Cauda_Longa,9606
41678334,124903065,Q4_Cauda_Longa,9606
33052350,118966792,Q4_Cauda_Longa,9606
31709617,645212,Q4_Cauda_Longa,9606
12370301,2964,Q4_Cauda_Longa,9606
12728256,100129354,Q4_Cauda_Longa,9606
38735373,100616245,Q4_Cauda_Longa,9606
16322561,337875,Q4_Cauda_Longa,9606
23022100,84546,Q4_Cauda_Longa,9606
15980214,664780,Q4_Cauda_Longa,9606
38357893,100506776,Q4_Cauda_Longa,9606
3923830,7926,Q4_Cauda_Longa,9606
31033124,727830,Q4_Cauda_Longa,9606
21447600,101448070,Q4_Cauda_Longa,9606
22331267,9299,Q4_Cauda_Longa,9606
36823542,132946,Q4_Cauda_Longa,9606
16792503,388610,Q4_Cauda_Longa,9606
38099337,100131434,Q4_Cauda_Longa,9606
30394665,100506394,Q4_Cauda_Longa,9606
11042152,29075,Q4_Cauda_Longa,9606
9673985,100505381,Q4_Cauda_Longa,9606
32278547,349408,Q4_Cauda_Longa,9606
15063128,103539957,Q4_Cauda_Longa,9606
30468482,100271722,Q4_Cauda_Longa,9606
16175500,108251802,Q4_Cauda_Longa,9606
9736780,9030,Q4_Cauda_Longa,9606
19060906,102724968,Q4_Cauda_Longa,9606
20445134,100873924,Q4_Cauda_Longa,9606
9434883,110599579,Q4_Cauda_Longa,9606
35870795,400618,Q4_Cauda_Longa,9606
34054851,152225,Q4_Cauda_Longa,9606
37222961,102466720,Q4_Cauda_Longa,9606
12620387,2414,Q4_Cauda_Longa,9606
29547645,340441,Q4_Cauda_Longa,9606
36576700,128266837,Q4_Cauda_Longa,9606
31163018,100500824,Q4_Cauda_Longa,9606
35224516,127894021,Q4_Cauda_Longa,9606
18060868,10172,Q4_Cauda_Longa,9606
10986044,59081,Q4_Cauda_Longa,9606
16339511,105369219,Q4_Cauda_Longa,9606
3036367,28749,Q4_Cauda_Longa,9606
34006929,100422867,Q4_Cauda_Longa,9606
7133118,4503,Q4_Cauda_Longa,9606
31278033,100302289,Q4_Cauda_Longa,9606
22423221,100533975,Q4_Cauda_Longa,9606
17558447,728931,Q4_Cauda_Longa,9606
27114614,83697,Q4_Cauda_Longa,9606
32165673,401172,Q4_Cauda_Longa,9606
27959439,441376,Q4_Cauda_Longa,9606
26857419,283888,Q4_Cauda_Longa,9606
2821803,646362,Q4_Cauda_Longa,9606
24055526,389073,Q4_Cauda_Longa,9606
8910373,4888,Q4_Cauda_Longa,9606
35048477,100302121,Q4_Cauda_Longa,9606
19503096,574459,Q4_Cauda_Longa,9606
19068116,5369,Q4_Cauda_Longa,9606
37309595,100508120,Q4_Cauda_Longa,9606
32769488,360132,Q4_Cauda_Longa,9606
8733139,3407,Q4_Cauda_Longa,9606
38225865,100131138,Q4_Cauda_Longa,9606
31041888,100423025,Q4_Cauda_Longa,9606
32419112,100302190,Q4_Cauda_Longa,9606
22197932,284382,Q4_Cauda_Longa,9606
37106379,100616185,Q4_Cauda_Longa,9606
33528791,101929688,Q4_Cauda_Longa,9606
24768205,103752589,Q4_Cauda_Longa,9606
11527984,348249,Q4_Cauda_Longa,9606
34944551,148003,Q4_Cauda_Longa,9606
16913423,5382,Q4_Cauda_Longa,9606
15862963,158160,Q4_Cauda_Longa,9606
11024286,122888,Q4_Cauda_Longa,9606
26938303,149086,Q4_Cauda_Longa,9606
11239429,120237,Q4_Cauda_Longa,9606
24112054,110013311,Q4_Cauda_Longa,9606
1906174,3466,Q4_Cauda_Longa,9606
28475008,100302183,Q4_Cauda_Longa,9606
17344846,646643,Q4_Cauda_Longa,9606
28418939,100616169,Q4_Cauda_Longa,9606
35667653,106660612,Q4_Cauda_Longa,9606
23936387,162282,Q4_Cauda_Longa,9606
22000014,101154644,Q4_Cauda_Longa,9606
24530685,401494,Q4_Cauda_Longa,9606
17114936,425057,Q4_Cauda_Longa,9606
34453123,100616384,Q4_Cauda_Longa,9606
3038573,105373767,Q4_Cauda_Longa,9606
6410398,28424,Q4_Cauda_Longa,9606
7612929,2510,Q4_Cauda_Longa,9606
12077311,116255,Q4_Cauda_Longa,9606
27849024,146880,Q4_Cauda_Longa,9606
1346390,1940,Q4_Cauda_Longa,9606
7958862,8327,Q4_Cauda_Longa,9606
23358633,125931,Q4_Cauda_Longa,9606
21527035,55314,Q4_Cauda_Longa,9606
38503887,162655,Q4_Cauda_Longa,9606
20301569,112268198,Q4_Cauda_Longa,9606
32176498,101927318,Q4_Cauda_Longa,9606
11054531,388533,Q4_Cauda_Longa,9606
3122211,3541,Q4_Cauda_Longa,9606
30819403,147727,Q4_Cauda_Longa,9606
31635804,100505783,Q4_Cauda_Longa,9606
30362153,100302225,Q4_Cauda_Longa,9606
8065368,107063610,Q4_Cauda_Longa,9606
37975233,693191,Q4_Cauda_Longa,9606
31289104,100302131,Q4_Cauda_Longa,9606
25720405,100463498,Q4_Cauda_Longa,9606
37759778,100862697,Q4_Cauda_Longa,9606
2307464,2509,Q4_Cauda_Longa,9606
37009826,388789,Q4_Cauda_Longa,9606
35099534,114483833,Q4_Cauda_Longa,9606
28328537,100129148,Q4_Cauda_Longa,9606
15611570,100126825,Q4_Cauda_Longa,9606
11696981,170522,Q4_Cauda_Longa,9606
2470007,109115964,Q4_Cauda_Longa,9606
16940173,7908,Q4_Cauda_Longa,9606
4377261,2988,Q4_Cauda_Longa,9606
18261224,645312,Q4_Cauda_Longa,9606
20506354,108783648,Q4_Cauda_Longa,9606
24056535,55780,Q4_Cauda_Longa,9606
8896565,3378,Q4_Cauda_Longa,9606
25102180,100129940,Q4_Cauda_Longa,9606
33177288,100616330,Q4_Cauda_Longa,9606
24204828,647077,Q4_Cauda_Longa,9606
27889102,401546,Q4_Cauda_Longa,9606
22268729,26820,Q4_Cauda_Longa,9606
31054777,103689844,Q4_Cauda_Longa,9606
34337719,106480431,Q4_Cauda_Longa,9606
25332235,728622,Q4_Cauda_Longa,9606
7959766,647187,Q4_Cauda_Longa,9606
24391514,339168,Q4_Cauda_Longa,9606
25719193,730094,Q4_Cauda_Longa,9606
35935583,102577424,Q4_Cauda_Longa,9606
2066114,7208,Q4_Cauda_Longa,9606
8938427,140660,Q4_Cauda_Longa,9606
16915236,768097,Q4_Cauda_Longa,9606
22219177,154907,Q4_Cauda_Longa,9606
24509480,641384,Q4_Cauda_Longa,9606
10918069,386593,Q4_Cauda_Longa,9606
34185402,100423033,Q4_Cauda_Longa,9606
36929224,125704,Q4_Cauda_Longa,9606
22062548,102464817,Q4_Cauda_Longa,9606
11157489,28926,Q4_Cauda_Longa,9606
38273714,339803,Q4_Cauda_Longa,9606
38054797,100131733,Q4_Cauda_Longa,9606
40961095,648691,Q4_Cauda_Longa,9606
11955599,28454,Q4_Cauda_Longa,9606
33314669,100505648,Q4_Cauda_Longa,9606
22895184,645811,Q4_Cauda_Longa,9606
35831855,146310,Q4_Cauda_Longa,9606
24025145,728979,Q4_Cauda_Longa,9606
32052021,28309,Q4_Cauda_Longa,9606
28380328,100616119,Q4_Cauda_Longa,9606
36470425,339970,Q4_Cauda_Longa,9606
8812489,1416,Q4_Cauda_Longa,9606
28049826,101928337,Q4_Cauda_Longa,9606
15475466,109279841,Q4_Cauda_Longa,9606
31391242,203076,Q4_Cauda_Longa,9606
6308667,3051,Q4_Cauda_Longa,9606
29913236,401164,Q4_Cauda_Longa,9606
17671180,108254684,Q4_Cauda_Longa,9606
35874989,440078,Q4_Cauda_Longa,9606
27716615,110231149,Q4_Cauda_Longa,9606
26472337,285382,Q4_Cauda_Longa,9606
35357586,100505875,Q4_Cauda_Longa,9606
35883699,103695436,Q4_Cauda_Longa,9606
30619325,100506860,Q4_Cauda_Longa,9606
33622275,101926941,Q4_Cauda_Longa,9606
31221094,401089,Q4_Cauda_Longa,9606
23851940,108004544,Q4_Cauda_Longa,9606
24309999,109280161,Q4_Cauda_Longa,9606
31781973,106614088,Q4_Cauda_Longa,9606
34560189,386597,Q4_Cauda_Longa,9606
35391932,245937,Q4_Cauda_Longa,9606
33194618,644338,Q4_Cauda_Longa,9606
32878637,283197,Q4_Cauda_Longa,9606
11581315,28401,Q4_Cauda_Longa,9606
32352014,144571,Q4_Cauda_Longa,9606
22863734,4963,Q4_Cauda_Longa,9606
36553541,100359395,Q4_Cauda_Longa,9606
30936463,102723475,Q4_Cauda_Longa,9606
25634023,100009667,Q4_Cauda_Longa,9606
19901119,149281,Q4_Cauda_Longa,9606
19456325,106728414,Q4_Cauda_Longa,9606
23223008,101410537,Q4_Cauda_Longa,9606
1686016,6719,Q4_Cauda_Longa,9606
16543360,107546778,Q4_Cauda_Longa,9606
24556642,645206,Q4_Cauda_Longa,9606
31847890,79667,Q4_Cauda_Longa,9606
25854761,223075,Q4_Cauda_Longa,9606
38625739,401115,Q4_Cauda_Longa,9606
7545941,1987,Q4_Cauda_Longa,9606
33364785,100132707,Q4_Cauda_Longa,9606
9169142,6459,Q4_Cauda_Longa,9606
21399635,730109,Q4_Cauda_Longa,9606
10854409,105373377,Q4_Cauda_Longa,9606
11896452,83656,Q4_Cauda_Longa,9606
8065311,6082,Q4_Cauda_Longa,9606
17534374,4965,Q4_Cauda_Longa,9606
34626132,100506649,Q4_Cauda_Longa,9606
24001895,101927845,Q4_Cauda_Longa,9606
34983308,100506881,Q4_Cauda_Longa,9606
38263248,105378853,Q4_Cauda_Longa,9606
24677629,102724001,Q4_Cauda_Longa,9606
21700879,280644,Q4_Cauda_Longa,9606
24670763,108281162,Q4_Cauda_Longa,9606
30274775,388906,Q4_Cauda_Longa,9606
19789318,693147,Q4_Cauda_Longa,9606
31653868,101928527,Q4_Cauda_Longa,9606
9503025,728519,Q4_Cauda_Longa,9606
28082678,100431172,Q4_Cauda_Longa,9606
32727980,55853,Q4_Cauda_Longa,9606
21156761,391370,Q4_Cauda_Longa,9606
23105016,401124,Q4_Cauda_Longa,9606
32592116,133491,Q4_Cauda_Longa,9606
34067766,100129570,Q4_Cauda_Longa,9606
28005267,439915,Q4_Cauda_Longa,9606
25556246,28404,Q4_Cauda_Longa,9606
12086618,57108,Q4_Cauda_Longa,9606
17120046,100101424,Q4_Cauda_Longa,9606
36196456,220832,Q4_Cauda_Longa,9606
12475935,100287399,Q4_Cauda_Longa,9606
35042534,26818,Q4_Cauda_Longa,9606
33476473,112488748,Q4_Cauda_Longa,9606
38059912,100616282,Q4_Cauda_Longa,9606
39026221,100302283,Q4_Cauda_Longa,9606
15108280,442131,Q4_Cauda_Longa,9606
28410200,26802,Q4_Cauda_Longa,9606
28280357,102724047,Q4_Cauda_Longa,9606
28076325,440993,Q4_Cauda_Longa,9606
35984699,100616241,Q4_Cauda_Longa,9606
37757977,100422920,Q4_Cauda_Longa,9606
34593639,65122,Q4_Cauda_Longa,9606
9070470,406216,Q4_Cauda_Longa,9606
1701012,254958,Q4_Cauda_Longa,9606
26694754,339862,Q4_Cauda_Longa,9606
32145912,105374527,Q4_Cauda_Longa,9606
30219035,359794,Q4_Cauda_Longa,9606
2349949,122,Q4_Cauda_Longa,9606
1649122,387867,Q4_Cauda_Longa,9606
35196197,664615,Q4_Cauda_Longa,9606
27727196,110806273,Q4_Cauda_Longa,9606
10417286,100917,Q4_Cauda_Longa,9606
29763634,100505887,Q4_Cauda_Longa,9606
16582587,107048984,Q4_Cauda_Longa,9606
30549996,111216284,Q4_Cauda_Longa,9606
22045503,108783648,Q4_Cauda_Longa,9606
9141499,344657,Q4_Cauda_Longa,9606
25116943,80078,Q4_Cauda_Longa,9606
37025072,102465836,Q4_Cauda_Longa,9606
32738890,735301,Q4_Cauda_Longa,9606
17618283,100188841,Q4_Cauda_Longa,9606
11896456,83597,Q4_Cauda_Longa,9606
34186245,100134938,Q4_Cauda_Longa,9606
38261743,100616376,Q4_Cauda_Longa,9606
2247610,692084,Q4_Cauda_Longa,9606
22581709,643332,Q4_Cauda_Longa,9606
16712704,780922,Q4_Cauda_Longa,9606
38630521,401236,Q4_Cauda_Longa,9606
18256213,153745,Q4_Cauda_Longa,9606
23782819,1866,Q4_Cauda_Longa,9606
38309317,100505967,Q4_Cauda_Longa,9606
31253658,115409980,Q4_Cauda_Longa,9606
24375959,108004531,Q4_Cauda_Longa,9606
16501916,100359407,Q4_Cauda_Longa,9606
10684929,692233,Q4_Cauda_Longa,9606
17952380,54573,Q4_Cauda_Longa,9606
35382692,100616388,Q4_Cauda_Longa,9606
38084631,100507463,Q4_Cauda_Longa,9606
34048322,100616273,Q4_Cauda_Longa,9606
33318478,106144598,Q4_Cauda_Longa,9606
24332808,388344,Q4_Cauda_Longa,9606
19956766,105274310,Q4_Cauda_Longa,9606
15914615,497188,Q4_Cauda_Longa,9606
36465614,121838,Q4_Cauda_Longa,9606
19255778,105377321,Q4_Cauda_Longa,9606
16478472,2761,Q4_Cauda_Longa,9606
34115333,503538,Q4_Cauda_Longa,9606
26276270,401375,Q4_Cauda_Longa,9606
3860845,927,Q4_Cauda_Longa,9606
28212545,677841,Q4_Cauda_Longa,9606
35220878,100506710,Q4_Cauda_Longa,9606
28666385,26824,Q4_Cauda_Longa,9606
18951430,360159,Q4_Cauda_Longa,9606
880069,4156,Q4_Cauda_Longa,9606
33658057,693176,Q4_Cauda_Longa,9606
1916814,1980,Q4_Cauda_Longa,9606
23455426,109286569,Q4_Cauda_Longa,9606
31514068,100507274,Q4_Cauda_Longa,9606
11702225,171560,Q4_Cauda_Longa,9606
38760378,26843,Q4_Cauda_Longa,9606
28455792,122525,Q4_Cauda_Longa,9606
10066802,6260,Q4_Cauda_Longa,9606
17075716,100124414,Q4_Cauda_Longa,9606
31012177,693152,Q4_Cauda_Longa,9606
20026329,171221,Q4_Cauda_Longa,9606
