modelo,estrato,pmid,gold,resposta,pubs_gold,pubs_chutado,razao,chute_no_abstract
gemma4_31b,Q1_Super_Populares,17244614,heme oxygenase-1,MT2A,1207,162,0.13421706710853357,False
gemma4_31b,Q1_Super_Populares,20972462,E-cadherin,PTEN,2236,2820,1.2611806797853309,False
gemma4_31b,Q1_Super_Populares,21444672,STAT3,CSK,3707,299,0.08065821418937145,False
gemma4_31b,Q1_Super_Populares,18721466,DQB1,DRB1,1556,46,0.02956298200514139,True
gemma4_31b,Q1_Super_Populares,22590959,Sirt1,FoxO3,1828,807,0.4414660831509847,False
gemma4_31b,Q1_Super_Populares,25310146,Interleukin 1 beta,IL10,3216,3484,1.0833333333333333,False
gemma4_31b,Q1_Super_Populares,27595159,ICAM-1,TNF-alpha,1358,6448,4.748159057437408,False
gemma4_31b,Q1_Super_Populares,34293399,mTOR,LAT1,2569,156,0.06072401712728688,True
gemma4_31b,Q1_Super_Populares,23359812,CTLA4,CD80,1339,243,0.18147871545929797,False
gemma4_31b,Q1_Super_Populares,12086670,BCL2,Bcl2l11,2227,519,0.23304894476874718,False
gemma4_31b,Q1_Super_Populares,19254255,HLA DRB1,DRB1,2875,46,0.016,False
gemma4_31b,Q1_Super_Populares,24142575,p300,TFF1,1409,189,0.13413768630234207,False
gemma4_31b,Q1_Super_Populares,24233813,IL-1ra,TNF-alpha,1051,6448,6.135109419600381,False
gemma4_31b,Q1_Super_Populares,19188749,COX-2,VEGF,2314,5214,2.2532411408815904,False
gemma4_31b,Q1_Super_Populares,26438079,ABCB1,SLCO1B1,2567,410,0.15971951694585118,False
gemma4_31b,Q1_Super_Populares,37776850,CTLA4,CD28,1339,425,0.3174010455563854,True
gemma4_31b,Q1_Super_Populares,11239517,HLA-DQB,HLA-DRB1,1556,2875,1.8476863753213368,False
gemma4_31b,Q1_Super_Populares,12966525,serotonin transporter,5-HT2A,2401,737,0.3069554352353186,False
gemma4_31b,Q1_Super_Populares,14680975,PPARgamma,ADIPOQ,2278,2464,1.0816505706760315,False
gemma4_31b,Q1_Super_Populares,16044857,TLR4,TLR2,2778,1624,0.5845932325413967,False
gemma4_31b,Q1_Super_Populares,18816594,c-myc,Srp54,2704,119,0.04400887573964497,False
gemma4_31b,Q1_Super_Populares,20820192,BRCA1,Oct1,3456,253,0.07320601851851852,True
gemma4_31b,Q1_Super_Populares,15592292,FAS,MBL2,1262,863,0.6838351822503962,True
gemma4_31b,Q1_Super_Populares,29148541,MYC,mTOR,2704,2569,0.9500739644970414,False
gemma4_31b,Q1_Super_Populares,18683754,hMLH1,XPA,1112,273,0.24550359712230216,False
gemma4_31b,Q1_Super_Populares,22844442,CASP3,VDR,1255,2492,1.9856573705179283,False
gemma4_31b,Q1_Super_Populares,24280143,RHOA,WNT1,1175,269,0.22893617021276597,False
gemma4_31b,Q1_Super_Populares,27423588,BIRC5,COL4A1,1365,264,0.1934065934065934,False
gemma4_31b,Q1_Super_Populares,39191344,Mapk14,LC3,1467,397,0.27062031356509886,False
gemma4_31b,Q1_Super_Populares,22673112,galectin-3,CRP,1065,1,0.0009389671361502347,False
gemma4_31b,Q1_Super_Populares,27507606,TLR2,TLR4,1624,2778,1.7105911330049262,False
gemma4_31b,Q1_Super_Populares,31357837,IGF-1R,PIK3R2,1274,248,0.1946624803767661,False
gemma4_31b,Q1_Super_Populares,31661551,MMP2,RhoA,1978,1175,0.5940343781597573,False
gemma4_31b,Q1_Super_Populares,12858534,HIF-1 alpha,VEGF,3911,5214,1.3331628739452825,False
gemma4_31b,Q1_Super_Populares,16547804,interleukins -6 and -8,IL-6,2502,5468,2.185451638689049,False
gemma4_31b,Q1_Super_Populares,25425967,interleukin-1alpha,AREG,1010,234,0.2316831683168317,False
gemma4_31b,Q1_Super_Populares,28256105,CYP2C19,CYP1A1,1111,1118,1.0063006300630064,False
gemma4_31b,Q1_Super_Populares,36737794,CD54,ALDH1,1358,407,0.29970544918998526,False
gemma4_31b,Q1_Super_Populares,38368381,specificity protein 1,RBBP7,1342,337,0.2511177347242921,True
gemma4_31b,Q1_Super_Populares,24721839,C-kit,SNAI2,1173,422,0.3597612958226769,False
gemma4_31b,Q1_Super_Populares,26073399,apolipoprotein A-I,LCAT,1129,197,0.1744906997342781,True
gemma4_31b,Q1_Super_Populares,32285172,TGf-beta1,CCL2,5008,1642,0.3278753993610224,False
gemma4_31b,Q1_Super_Populares,20971508,CD44,CD11b,1496,352,0.23529411764705882,False
gemma4_31b,Q1_Super_Populares,21475975,RhoA,CD147,1175,780,0.6638297872340425,False
gemma4_31b,Q1_Super_Populares,25684485,glutathione S-transferase P1,TWIST,1727,746,0.43196294151708164,True
gemma4_31b,Q1_Super_Populares,36172747,ctla-4,PD-1,1339,1252,0.935026138909634,False
gemma4_31b,Q1_Super_Populares,11895912,hMLH1,XRCC3,1112,522,0.4694244604316547,False
gemma4_31b,Q1_Super_Populares,17637462,XRCC1,XPC,1351,452,0.33456698741672836,False
gemma4_31b,Q1_Super_Populares,20301468,LMNA,LAMA2,1094,135,0.12340036563071298,False
gemma4_31b,Q1_Super_Populares,20392877,cyclin D1,PS2,1799,260,0.14452473596442467,False
gemma4_31b,Q1_Super_Populares,22828925,ERK1,MEK1,1498,527,0.35180240320427236,False
gemma4_31b,Q1_Super_Populares,26635038,STAT1,STAT3,1158,3707,3.2012089810017272,False
gemma4_31b,Q1_Super_Populares,30115631,E-cadherin,NANOG,2236,342,0.15295169946332737,False
gemma4_31b,Q1_Super_Populares,37326977,IL-8,TNF-alpha,2502,6448,2.5771382893685053,False
gemma4_31b,Q1_Super_Populares,37916628,CYP2D6,GCLM,1089,128,0.11753902662993572,False
gemma4_31b,Q1_Super_Populares,15598682,RhoA,Rho,1175,248,0.21106382978723404,True
gemma4_31b,Q1_Super_Populares,22301914,paraoxonase 1,LEP,1283,1914,1.4918160561184723,False
gemma4_31b,Q1_Super_Populares,30266980,interleukin-8,IL-6,2502,5468,2.185451638689049,False
gemma4_31b,Q1_Super_Populares,12748184,RhoA,Rho,1175,248,0.21106382978723404,True
gemma4_31b,Q1_Super_Populares,19845758,FoxP3,TLR4,1171,2778,2.372331340734415,True
gemma4_31b,Q1_Super_Populares,20532959,Paraoxonase 1,MTHFR,1283,3864,3.0116913484021826,False
gemma4_31b,Q1_Super_Populares,22499302,osteopontin,VEGF,1206,5214,4.323383084577115,False
gemma4_31b,Q1_Super_Populares,23573235,Bcl2,Ki-67,2227,1035,0.4647507858105074,False
gemma4_31b,Q1_Super_Populares,29903026,IFN-gamma,IL-6R,2159,518,0.2399258916164891,False
gemma4_31b,Q1_Super_Populares,3022150,gp170,MRP,2567,455,0.17724970783015193,False
gemma4_31b,Q1_Super_Populares,7600101,CBP35,CBP,1065,67,0.06291079812206572,True
gemma4_31b,Q1_Super_Populares,16915393,paraoxonase 1,GSTM1,1283,2270,1.769290724863601,False
gemma4_31b,Q1_Super_Populares,32541093,YAP1,SIRT1,1524,1828,1.1994750656167978,False
gemma4_31b,Q1_Super_Populares,22986536,Notch1,STAT3,1591,3707,2.3299811439346323,False
gemma4_31b,Q1_Super_Populares,23653000,CXCL12,HIF1A,1471,3911,2.6587355540448674,False
gemma4_31b,Q1_Super_Populares,30257941,ERbeta,PTEN,1278,2820,2.2065727699530515,False
gemma4_31b,Q1_Super_Populares,30797824,HLA-C,HLA-G,1113,984,0.8840970350404312,False
gemma4_31b,Q1_Super_Populares,33530501,IL-17A,TNF,1656,6448,3.893719806763285,False
gemma4_31b,Q1_Super_Populares,16395669,GSTP1,XRCC1,1727,1351,0.7822814128546612,True
gemma4_31b,Q1_Super_Populares,18597093,VEGF,APOA1,5214,1129,0.2165324127349444,False
gemma4_31b,Q1_Super_Populares,19933216,GSTM1,SERPINA1,2270,763,0.33612334801762117,True
gemma4_31b,Q1_Super_Populares,23568005,Cyclin D1,p53,1799,11629,6.464146748193441,False
gemma4_31b,Q1_Super_Populares,15821810,factor V Leiden,F2,1345,1489,1.1070631970260223,False
gemma4_31b,Q1_Super_Populares,15858598,IFNG,IL17A,2159,1656,0.7670217693376563,False
gemma4_31b,Q1_Super_Populares,23559006,GSK-3beta,Akt,1566,3746,2.392081736909323,False
gemma4_31b,Q1_Super_Populares,24271034,androgen receptor,SRY,2712,194,0.0715339233038348,False
gemma4_31b,Q1_Super_Populares,28956745,Peroxisome Proliferator-Activated Receptor-gamma2,ADIPOQ,2278,2464,1.0816505706760315,False
gemma4_31b,Q1_Super_Populares,29742291,PD-1,PD-L1,1252,2649,2.115814696485623,True
gemma4_31b,Q1_Super_Populares,29950413,STAT3,OCT4,3707,688,0.1855948206096574,False
gemma4_31b,Q1_Super_Populares,32916992,LRRK2,SIRT1,1110,1828,1.646846846846847,False
gemma4_31b,Q1_Super_Populares,20541434,leptin,adiponectin,1914,2464,1.2873563218390804,False
gemma4_31b,Q1_Super_Populares,25051498,IFNgamma,IFN,2159,377,0.174617878647522,True
gemma4_31b,Q1_Super_Populares,29358618,EZH2,TET2,1554,474,0.305019305019305,False
gemma4_31b,Q1_Super_Populares,37816710,SIRT1,HK2,1828,332,0.18161925601750548,False
gemma4_31b,Q1_Super_Populares,12417054,Angiotensinogen,AGTR1,1161,996,0.8578811369509044,False
gemma4_31b,Q1_Super_Populares,20658730,Bcl-2,c-myc,2227,2704,1.2141894925909296,False
gemma4_31b,Q1_Super_Populares,21524306,JNK,p21,1060,7,0.006603773584905661,False
gemma4_31b,Q1_Super_Populares,16160620,dopamine D2 and D3 receptors,DRD3,1329,426,0.32054176072234764,True
gemma4_31b,Q1_Super_Populares,21061795,bcl-2,p53,2227,11629,5.221823080377189,False
gemma4_31b,Q1_Super_Populares,21320563,Toll-like receptor 2,SLC11A1,1624,206,0.1268472906403941,False
gemma4_31b,Q1_Super_Populares,27535224,ATM,NFKB1,1579,3397,2.1513616212792908,False
gemma4_31b,Q1_Super_Populares,17106238,p16,KRAS,2699,3056,1.132271211559837,False
gemma4_31b,Q1_Super_Populares,20072139,CTLA4,TNFAIP3,1339,541,0.40403286034353997,False
gemma4_31b,Q1_Super_Populares,22883195,caveolin-1,Adiponectin,1228,2464,2.006514657980456,False
gemma4_31b,Q1_Super_Populares,25381333,CYP2D6,CYP3A4,1089,971,0.891643709825528,False
gemma4_31b,Q1_Super_Populares,30704758,MMP9,MMP-2,3162,1978,0.6255534471853258,False
gemma4_31b,Q1_Super_Populares,25556445,insulin-like growth factor 1 receptor,SIRT1,1274,1828,1.434850863422292,False
gemma4_31b,Q1_Super_Populares,27058219,prothrombin,F5,1489,1345,0.9032907991940899,False
gemma4_31b,Q1_Super_Populares,18085494,interleukin-1alpha,TNF-alpha,1010,6448,6.3841584158415845,False
gemma4_31b,Q1_Super_Populares,28383562,poly(ADP-ribose) polymerase-1,RIPK1,1610,551,0.3422360248447205,False
gemma4_31b,Q1_Super_Populares,32921413,PPARgamma,GLUT4,2278,230,0.1009657594381036,False
gemma4_31b,Q1_Super_Populares,33117339,IL18,TNF,1191,6448,5.413937867338371,False
gemma4_31b,Q1_Super_Populares,15811326,p16,HUWE1,2699,421,0.15598369766580214,False
gemma4_31b,Q1_Super_Populares,23543084,XRCC1,OGG1,1351,656,0.4855662472242783,False
gemma4_31b,Q1_Super_Populares,27192561,STAT3,Smad3,3707,1034,0.2789317507418398,False
gemma4_31b,Q1_Super_Populares,17164408,IGF1,PI3K,2076,1725,0.8309248554913294,False
gemma4_31b,Q1_Super_Populares,23270673,C-reactive protein,TNF-alpha,2459,6448,2.6222041480276537,False
gemma4_31b,Q1_Super_Populares,24906341,XRCC1,XPA,1351,273,0.20207253886010362,False
gemma4_31b,Q1_Super_Populares,26096306,EZH2,p21,1554,7,0.0045045045045045045,False
gemma4_31b,Q1_Super_Populares,23158993,Foxp3,IL-7,1171,310,0.26473099914602904,True
gemma4_31b,Q1_Super_Populares,30902832,Her2,Myc,3357,2704,0.8054810843014596,False
gemma4_31b,Q1_Super_Populares,33966039,EZH2,SNAIL1,1554,676,0.435006435006435,False
gemma4_31b,Q1_Super_Populares,12186939,c-Jun,Snail,1330,676,0.5082706766917293,False
gemma4_31b,Q1_Super_Populares,18552362,vitamin D receptor,CYP27B1,2492,227,0.09109149277688604,False
gemma4_31b,Q1_Super_Populares,19152241,interleukin-18,MTHFR,1191,3864,3.2443324937027707,False
gemma4_31b,Q1_Super_Populares,20693286,ERK1/2,ERK,1498,2345,1.5654205607476634,True
gemma4_31b,Q1_Super_Populares,21590492,FAK,AKT,1103,3746,3.3961922030825025,True
gemma4_31b,Q1_Super_Populares,30593723,EZH2,DNMT1,1554,884,0.5688545688545689,False
gemma4_31b,Q1_Super_Populares,31111520,p16,ETV1,2699,111,0.041126343090033345,False
gemma4_31b,Q1_Super_Populares,21948293,Vitamin d receptor,MTHFR,2492,3864,1.550561797752809,False
gemma4_31b,Q1_Super_Populares,25854163,STAT3,SRF,3707,233,0.06285405988670084,False
gemma4_31b,Q1_Super_Populares,32770964,HO-1,adiponectin,1207,2464,2.04142502071251,False
gemma4_31b,Q1_Super_Populares,38779680,Plasminogen activator inhibitor-1,IL-6,1549,5468,3.5300193673337636,False
gemma4_31b,Q1_Super_Populares,12950120,Angiotensinogen,ACE,1161,2771,2.3867355727820843,False
gemma4_31b,Q1_Super_Populares,17724596,toll-like receptor-4 and 8,TNF-alpha,2778,6448,2.3210943124550036,False
gemma4_31b,Q1_Super_Populares,24522376,Akt,PI3K,3746,1725,0.4604911906033102,True
gemma4_31b,Q1_Super_Populares,27113703,CYP 3A4 and 1A1,CYP1A2,1118,512,0.45796064400715564,False
gemma4_31b,Q1_Super_Populares,30784360,NF-kappaB,PIM,3397,301,0.08860759493670886,True
gemma4_31b,Q1_Super_Populares,19349390,interleukin-6,TNF-alpha,5468,6448,1.179224579370885,False
gemma4_31b,Q1_Super_Populares,19750329,CYP1A1,GSTM1,1118,2270,2.0304114490161003,False
gemma4_31b,Q1_Super_Populares,37379210,p53,IFNAR,11629,209,0.017972310602803337,False
gemma4_31b,Q1_Super_Populares,9449720,bax,bak,1126,372,0.33037300177619894,False
gemma4_31b,Q1_Super_Populares,10480607,von Willebrand factor,CD31,1035,338,0.32657004830917874,False
gemma4_31b,Q1_Super_Populares,16359991,Leptin,GDF9,1914,111,0.05799373040752351,False
gemma4_31b,Q1_Super_Populares,18021343,CYP2C19,VKORC1,1111,462,0.4158415841584158,False
gemma4_31b,Q1_Super_Populares,21824286,ATM,p53,1579,11629,7.36478784040532,True
gemma4_31b,Q1_Super_Populares,22035595,adiponectin,CRP,2464,1,0.00040584415584415587,True
gemma4_31b,Q1_Super_Populares,31150457,EGFR,KRAS,6689,3056,0.4568694872178203,False
gemma4_31b,Q1_Super_Populares,36807750,RB1,PIK3CA,1426,1725,1.2096774193548387,True
gemma4_31b,Q1_Super_Populares,15948239,leptin,adiponectin,1914,2464,1.2873563218390804,False
gemma4_31b,Q1_Super_Populares,22619175,mammalian target of rapamycin,Akt,2569,3746,1.4581549240949785,True
gemma4_31b,Q1_Super_Populares,22984553,BRCA1/2,BRCA1,2214,3456,1.5609756097560976,False
gemma4_31b,Q1_Super_Populares,27736875,NOTCH1,HES1,1591,60,0.03771213073538655,False
gemma4_31b,Q1_Super_Populares,18237245,cyclin D1,TOP2A,1799,692,0.38465814341300725,False
gemma4_31b,Q1_Super_Populares,12135330,Angiotensin-converting enzyme,AGT,2771,1161,0.4189823168531216,False
gemma4_31b,Q1_Super_Populares,18547262,BCL1,F8,1799,680,0.3779877709838799,False
gemma4_31b,Q1_Super_Populares,19826003,CREB-binding protein,securin,1018,313,0.3074656188605108,False
gemma4_31b,Q1_Super_Populares,30628725,FAK,Src,1103,1520,1.3780598368087036,False
gemma4_31b,Q1_Super_Populares,19109192,IL-10,TNF-alpha,3484,6448,1.8507462686567164,False
gemma4_31b,Q1_Super_Populares,21194879,PTEN,APC,2820,1025,0.36347517730496454,False
gemma4_31b,Q1_Super_Populares,25344320,beta-catenin,Pten,3367,2820,0.8375408375408375,False
gemma4_31b,Q1_Super_Populares,26420348,matrix metalloproteinase 9,EGFR,3162,6689,2.1154332700822263,False
gemma4_31b,Q1_Super_Populares,28242758,EZH2,PLK1,1554,935,0.6016731016731016,False
gemma4_31b,Q1_Super_Populares,1351056,neu,NRG1,3357,571,0.17009234435507894,False
gemma4_31b,Q1_Super_Populares,24078094,CDKN1B,GSTP1,1107,1727,1.5600722673893406,False
gemma4_31b,Q1_Super_Populares,25311665,STAT1,STAT3,1158,3707,3.2012089810017272,False
gemma4_31b,Q1_Super_Populares,12687213,IL-10,IL-6,3484,5468,1.5694603903559128,False
gemma4_31b,Q1_Super_Populares,15104566,vitamin D receptor,CYP27B1,2492,227,0.09109149277688604,False
gemma4_31b,Q1_Super_Populares,22389297,FOXP3,Survivin,1171,1365,1.165670367207515,False
gemma4_31b,Q1_Super_Populares,19621391,Cyclooxygenase-2,COX-2,2314,164,0.07087294727744166,True
gemma4_31b,Q1_Super_Populares,21675959,p53,Edr2,11629,87,0.007481296758104738,True
gemma4_31b,Q1_Super_Populares,20827430,GSTP1,TP53,1727,11629,6.733642154024319,False
gemma4_31b,Q1_Super_Populares,27094578,beta1 integrin,Ets-1,1513,454,0.30006609385327165,True
gemma4_31b,Q1_Super_Populares,37968472,PIK3CA,TP53,1725,11629,6.741449275362319,False
gemma4_31b,Q1_Super_Populares,12181570,Rac1,Rac,1346,3746,2.7830609212481425,True
gemma4_31b,Q1_Super_Populares,16781717,apolipoprotein A1/C3/A4/A5,APOA5,1129,462,0.4092116917626218,True
gemma4_31b,Q1_Super_Populares,34081760,EGFR,CETP,6689,707,0.1056959186724473,False
gemma4_31b,Q1_Super_Populares,36640339,ATM,TP53,1579,11629,7.36478784040532,False
gemma4_31b,Q1_Super_Populares,23293110,VEGFR-2,VEGF,1105,5214,4.718552036199095,False
gemma4_31b,Q1_Super_Populares,14671106,ERK1,JNK1,1498,1060,0.7076101468624834,False
gemma4_31b,Q1_Super_Populares,22628023,IL-10,TNF,3484,6448,1.8507462686567164,False
gemma4_31b,Q1_Super_Populares,26457672,c-Src,Syk,1520,591,0.3888157894736842,False
gemma4_31b,Q1_Super_Populares,26937962,GSTM1,GSTT1,2270,1900,0.8370044052863436,True
gemma4_31b,Q1_Super_Populares,29111166,caveolin-1,PIK3CA,1228,1725,1.4047231270358307,False
gemma4_31b,Q1_Super_Populares,31609157,CTLA-4,CD10,1339,372,0.27781926811053026,False
gemma4_31b,Q1_Super_Populares,16782382,cyclooxygenase-2,COX-2,2314,164,0.07087294727744166,False
gemma4_31b,Q1_Super_Populares,21485219,MMP-9,CD44,3162,1496,0.4731182795698925,False
gemma4_31b,Q1_Super_Populares,25810340,SMAD3,Akt,1034,3746,3.622823984526112,True
gemma4_31b,Q2_Medios,10982185,JAK3,RAG1,276,159,0.5760869565217391,False
gemma4_31b,Q2_Medios,15454735,CYP2A6,CYP2D6,318,1089,3.4245283018867925,False
gemma4_31b,Q2_Medios,22425648,Suppressor of cytokine signaling 3,NPY,554,351,0.6335740072202166,True
gemma4_31b,Q2_Medios,24101588,APOBEC3C,APOBEC3G,151,640,4.23841059602649,False
gemma4_31b,Q2_Medios,24209998,Wnt3A.,TCF4,240,317,1.3208333333333333,False
gemma4_31b,Q2_Medios,25857925,MicroRNA29a,miR-140,424,266,0.6273584905660378,False
gemma4_31b,Q2_Medios,27339399,SOCS1,SIRT1,485,1828,3.7690721649484535,False
gemma4_31b,Q2_Medios,31037158,HOXB13,CDX2,156,398,2.551282051282051,False
gemma4_31b,Q2_Medios,31970886,HOXB9,HOXD10,106,73,0.6886792452830188,False
gemma4_31b,Q2_Medios,23601003,HLA-DP,PRF1,429,233,0.5431235431235432,False
gemma4_31b,Q2_Medios,25008994,Dectin-1,TLR4,152,2778,18.276315789473685,False
gemma4_31b,Q2_Medios,2308864,pG2,CYP11B1,188,129,0.6861702127659575,False
gemma4_31b,Q2_Medios,18287540,NDUFA9,NDUFS2,142,178,1.2535211267605635,False
gemma4_31b,Q2_Medios,18301763,TRPV6,CACNA1C,141,398,2.8226950354609928,False
gemma4_31b,Q2_Medios,28267437,DEPTOR,PTEN,104,2820,27.115384615384617,False
gemma4_31b,Q2_Medios,29227529,NS5ATP9,SIRT1,108,1828,16.925925925925927,False
gemma4_31b,Q2_Medios,29604056,CRIPTO,SNAI1,120,676,5.633333333333334,False
gemma4_31b,Q2_Medios,32892482,BACH2,SFPQ,120,468,3.9,False
gemma4_31b,Q2_Medios,35069550,HuR,FUS,811,768,0.9469790382244143,False
gemma4_31b,Q2_Medios,37522198,CD59,CD147,290,780,2.689655172413793,False
gemma4_31b,Q2_Medios,12388095,ATRC1,SLC1A5,102,300,2.9411764705882355,False
gemma4_31b,Q2_Medios,29233503,FOXA2,FOXO3,195,807,4.138461538461539,False
gemma4_31b,Q2_Medios,30578397,BMP9,EIF2AK4,141,148,1.049645390070922,False
gemma4_31b,Q2_Medios,36233342,RAI14,SNHG12,158,67,0.4240506329113924,False
gemma4_31b,Q2_Medios,12557231,MEL1,CBFB,110,194,1.7636363636363637,False
gemma4_31b,Q2_Medios,15548692,WWOX,WWP2,334,190,0.5688622754491018,False
gemma4_31b,Q2_Medios,18275081,PABPN1,FMRP,239,928,3.8828451882845187,False
gemma4_31b,Q2_Medios,26700805,GEMIN1,SURVIVIN,300,1365,4.55,False
gemma4_31b,Q2_Medios,29931229,RBPJ,KLF4,244,543,2.2254098360655736,False
gemma4_31b,Q2_Medios,36891052,APOC1,POSTN,216,415,1.9212962962962963,False
gemma4_31b,Q2_Medios,10852966,p62dok,SLP-76,106,179,1.6886792452830188,False
gemma4_31b,Q2_Medios,20375790,LyGDI,GEF-H1,109,219,2.0091743119266057,False
gemma4_31b,Q2_Medios,21410658,HLA-DRB4,HLA-DRB1,194,2875,14.81958762886598,False
gemma4_31b,Q2_Medios,22974333,Cdc6,SIRT1,192,1828,9.520833333333334,False
gemma4_31b,Q2_Medios,28165497,Wnt7a,Sox9,108,569,5.268518518518518,False
gemma4_31b,Q2_Medios,31235784,DARPP-32,DP,116,87,0.75,True
gemma4_31b,Q2_Medios,17363767,EPHX1,GSTM1,427,2270,5.31615925058548,False
gemma4_31b,Q2_Medios,30709905,RAB8A,RAB7A,230,378,1.6434782608695653,True
gemma4_31b,Q2_Medios,37541622,WNT7A,WNT5A,108,482,4.462962962962963,False
gemma4_31b,Q2_Medios,21880146,Mesothelin,Snail,179,676,3.776536312849162,False
gemma4_31b,Q2_Medios,22619278,pim-1,Akt,301,3746,12.445182724252492,False
gemma4_31b,Q2_Medios,12649372,PEPT1,PAT1,101,53,0.5247524752475248,False
gemma4_31b,Q2_Medios,20853600,L-arginine amidinohydrolase,ARG1,119,283,2.3781512605042017,False
gemma4_31b,Q2_Medios,23794184,IL-31,ST2,116,293,2.5258620689655173,False
gemma4_31b,Q2_Medios,23975336,SGLT1,GLUT4,129,230,1.7829457364341086,False
gemma4_31b,Q2_Medios,37100772,polyadenylate-binding protein 1,VPS34,549,272,0.49544626593806923,False
gemma4_31b,Q2_Medios,20546165,LNK,PTPN22,123,590,4.796747967479675,False
gemma4_31b,Q2_Medios,22882268,PINX1,TP53,119,11629,97.72268907563026,False
gemma4_31b,Q2_Medios,23329754,FGF19,GIP,155,106,0.6838709677419355,False
gemma4_31b,Q2_Medios,23364988,lysosomal-associated transmembrane protein 4 beta,LBX1,106,35,0.330188679245283,False
gemma4_31b,Q2_Medios,25303370,interleukin-22,IL1B,421,3216,7.6389548693586695,False
gemma4_31b,Q2_Medios,27501781,BTNL2,HLA-A,104,1682,16.173076923076923,False
gemma4_31b,Q2_Medios,38146125,CXCL16,CXCL10,206,776,3.766990291262136,False
gemma4_31b,Q2_Medios,23621219,HDAC6,Snail,523,676,1.2925430210325048,False
gemma4_31b,Q2_Medios,26803106,Sirtuin 6,Sirt1,368,1828,4.967391304347826,False
gemma4_31b,Q2_Medios,10224125,AF6,Crk,175,345,1.9714285714285715,False
gemma4_31b,Q2_Medios,32205441,polynucleotide kinase 3'-phosphatase,XRCC4,122,291,2.3852459016393444,False
gemma4_31b,Q2_Medios,11590181,giantin,GM130,143,205,1.4335664335664335,False
gemma4_31b,Q2_Medios,24574362,ACTN4,CCND1,423,1799,4.252955082742317,False
gemma4_31b,Q2_Medios,27517149,SNHG1,LINC00152,146,100,0.684931506849315,False
gemma4_31b,Q2_Medios,29407292,Interleukin-17F,IL10,259,3484,13.451737451737452,False
gemma4_31b,Q2_Medios,12169206,FHIT,RASSF1,357,521,1.4593837535014005,False
gemma4_31b,Q2_Medios,12234138,NRAMP1,VDR,206,2492,12.097087378640778,False
gemma4_31b,Q2_Medios,19332728,OPRT,MTHFR,128,3864,30.1875,True
gemma4_31b,Q2_Medios,30045065,RET,NTRK3,996,208,0.20883534136546184,True
gemma4_31b,Q2_Medios,31425729,transforming growth factor beta2,NRAS,387,686,1.772609819121447,False
gemma4_31b,Q2_Medios,32970737,INHBA,ACVR2A,320,141,0.440625,False
gemma4_31b,Q2_Medios,18385516,GRASP55,GRASP65,127,78,0.6141732283464567,False
gemma4_31b,Q2_Medios,19118547,Ankyrin repeat domain 28,ANKRD11,107,97,0.9065420560747663,False
gemma4_31b,Q2_Medios,24695378,CDKAL1,FTO,297,1053,3.5454545454545454,False
gemma4_31b,Q2_Medios,16517613,adrenomedullin,CRH,401,229,0.571072319201995,False
gemma4_31b,Q2_Medios,18353079,IL12RB2,IFNG,106,2159,20.367924528301888,False
gemma4_31b,Q2_Medios,22844406,HOXB7,HOXB13,115,156,1.3565217391304347,False
gemma4_31b,Q2_Medios,24766303,PLCE1,DNMT1,192,884,4.604166666666667,False
gemma4_31b,Q2_Medios,27103069,RAB8a,RAB39a,230,49,0.21304347826086956,False
gemma4_31b,Q2_Medios,28826039,vaspin,AMH,166,419,2.5240963855421685,False
gemma4_31b,Q2_Medios,35025009,Integrin alpha6,SIAH2,372,133,0.3575268817204301,False
gemma4_31b,Q2_Medios,38896446,Tribbles1,TRIB3,131,179,1.366412213740458,False
gemma4_31b,Q2_Medios,7896837,Lck,Hck,564,257,0.45567375886524825,False
gemma4_31b,Q2_Medios,14677049,PPARalpha,RXRalpha,656,518,0.7896341463414634,False
gemma4_31b,Q2_Medios,17192875,TGFBR3,SMAD4,172,918,5.337209302325581,False
gemma4_31b,Q2_Medios,18592168,LRP8,LDLR,147,897,6.1020408163265305,False
gemma4_31b,Q2_Medios,19299407,CETP,APOA1,707,1129,1.5968882602545968,False
gemma4_31b,Q2_Medios,23775149,IGF2,H19,749,570,0.7610146862483311,True
gemma4_31b,Q2_Medios,28724915,Smurf2,FBXO22,213,103,0.4835680751173709,False
gemma4_31b,Q2_Medios,29065392,Ku80,XRCC4,720,291,0.4041666666666667,False
gemma4_31b,Q2_Medios,34694182,LTA4H,MMP12,148,216,1.4594594594594594,False
gemma4_31b,Q2_Medios,35261819,CCAT1,SNHG12,121,67,0.5537190082644629,False
gemma4_31b,Q2_Medios,37442413,APOBEC3A,APOBEC3G,161,640,3.9751552795031055,False
gemma4_31b,Q2_Medios,22026458,Glypican-3,TRPS1,260,176,0.676923076923077,False
gemma4_31b,Q2_Medios,29561707,INO80,CD133,108,631,5.842592592592593,True
gemma4_31b,Q2_Medios,19415485,MUC1,PTPN11,959,947,0.9874869655891554,False
gemma4_31b,Q2_Medios,20080080,Lp-PLA(2),PON1,337,1283,3.807121661721068,False
gemma4_31b,Q2_Medios,23166521,poly(A)-binding protein nuclear 1,CPSF4,239,103,0.4309623430962343,False
gemma4_31b,Q2_Medios,23325686,Ezrin,EHD1,675,146,0.2162962962962963,False
gemma4_31b,Q2_Medios,23487342,PTPRA,SLC2A4,137,230,1.6788321167883211,False
gemma4_31b,Q2_Medios,28790309,HHARI,Parkin,105,992,9.447619047619048,False
gemma4_31b,Q2_Medios,31380412,IRF4,FOXP3,258,1171,4.538759689922481,False
gemma4_31b,Q2_Medios,10875927,HOXA5,HOXB6,127,57,0.44881889763779526,False
gemma4_31b,Q2_Medios,16721057,DEK,DKK1,275,533,1.9381818181818182,False
gemma4_31b,Q2_Medios,20601551,SLC22A4,OCT1,156,253,1.6217948717948718,False
gemma4_31b,Q2_Medios,20634941,neutrophil elastase,PLA2,340,74,0.21764705882352942,False
gemma4_31b,Q2_Medios,21471203,Msx2,Runx2,106,641,6.047169811320755,False
gemma4_31b,Q2_Medios,24418192,CNTNAP2,HUWE1,150,421,2.8066666666666666,False
gemma4_31b,Q2_Medios,33097827,HTR2A,CYP2D6,737,1089,1.4776119402985075,False
gemma4_31b,Q2_Medios,19303401,arginase 1,AGTR1,283,996,3.519434628975265,False
gemma4_31b,Q2_Medios,35793009,MiR-135b,miR-21,106,1580,14.90566037735849,False
gemma4_31b,Q2_Medios,11375975,ERBIN,PLEKHA7,173,86,0.49710982658959535,False
gemma4_31b,Q2_Medios,17728257,methylmalonyl-CoA mutase,MMAB,123,80,0.6504065040650406,False
gemma4_31b,Q2_Medios,18451177,TIP60,CBP,391,67,0.17135549872122763,False
gemma4_31b,Q2_Medios,18507837,CCNE1,CDK1,521,1218,2.3378119001919386,False
gemma4_31b,Q2_Medios,23121977,cytokeratin 10,KRT14,244,261,1.069672131147541,False
gemma4_31b,Q2_Medios,30696053,KIR2DL3,KIR2DL2,175,175,1.0,True
gemma4_31b,Q2_Medios,32167078,Exonuclease 1,Rad52,164,169,1.0304878048780488,False
gemma4_31b,Q2_Medios,34418458,PFKP,PKLR,250,143,0.572,False
gemma4_31b,Q2_Medios,17123722,AP-2beta,TPH2,112,68,0.6071428571428571,False
gemma4_31b,Q2_Medios,18854317,NB1,CD11b,100,352,3.52,False
gemma4_31b,Q2_Medios,18984771,NOV,AURKA,129,862,6.682170542635659,False
gemma4_31b,Q2_Medios,20605702,NOS1AP,DISC1,150,309,2.06,False
gemma4_31b,Q2_Medios,21994574,AKAP149,CPSF1,121,160,1.322314049586777,False
gemma4_31b,Q2_Medios,22417750,neutral endopeptidase,MMP12,372,216,0.5806451612903226,False
gemma4_31b,Q2_Medios,26150353,Pin1,SIRT1,529,1828,3.455576559546314,False
gemma4_31b,Q2_Medios,27133561,SACS,SPG11,126,114,0.9047619047619048,False
gemma4_31b,Q2_Medios,33862464,YTHDF1,YTHDF2,174,282,1.6206896551724137,False
gemma4_31b,Q2_Medios,36724820,PGRMC1,TTR,262,666,2.5419847328244276,False
gemma4_31b,Q2_Medios,15735762,E2Fs 1-5,E2F1,225,970,4.311111111111111,True
gemma4_31b,Q2_Medios,19356052,UGT1A6,UGT1A1,133,753,5.661654135338346,False
gemma4_31b,Q2_Medios,21440262,SPG11,SPAST,114,242,2.1228070175438596,False
gemma4_31b,Q2_Medios,22722750,DNMT3A,NPM1,614,1194,1.9446254071661238,False
gemma4_31b,Q2_Medios,23102918,CCL18,CCL22,161,142,0.8819875776397516,False
gemma4_31b,Q2_Medios,25578727,USP24,USP7,104,660,6.346153846153846,False
gemma4_31b,Q2_Medios,1915414,p62,Nup358,212,387,1.8254716981132075,False
gemma4_31b,Q2_Medios,9498238,CYP11A.,CYP3A4,154,971,6.305194805194805,True
gemma4_31b,Q2_Medios,18337829,CD209,CD169,469,79,0.16844349680170576,False
gemma4_31b,Q2_Medios,23723238,Sec13,LRRK2,176,1110,6.306818181818182,False
gemma4_31b,Q2_Medios,25209430,VAMP8,SND1,131,313,2.3893129770992365,False
gemma4_31b,Q2_Medios,31295688,LPP,GCK,147,357,2.4285714285714284,False
gemma4_31b,Q2_Medios,10672042,20alpha-hydroxysteroid dehydrogenase,HSD11B2,114,196,1.719298245614035,False
gemma4_31b,Q2_Medios,25998219,ACTG2,ACTA2,133,320,2.406015037593985,False
gemma4_31b,Q2_Medios,34378358,PU.1,FOXA2,282,195,0.6914893617021277,False
gemma4_31b,Q2_Medios,38373841,KLF2,TNFAIP3,195,541,2.7743589743589743,False
gemma4_31b,Q2_Medios,12147348,mitogen-activated protein kinase activated protein kinase-2,MSK1,195,123,0.6307692307692307,False
gemma4_31b,Q2_Medios,19069167,beta2-GPI,GP1BA,259,353,1.3629343629343629,False
gemma4_31b,Q2_Medios,24916695,CLIC4,CD44,126,1496,11.873015873015873,False
gemma4_31b,Q2_Medios,24973170,CKS1B,MCL1,125,821,6.568,False
gemma4_31b,Q2_Medios,25335168,"eukaryotic translation initiation factor 4 gamma, 3",GABRB3,110,146,1.3272727272727274,False
gemma4_31b,Q2_Medios,36266732,Piezo1,COX-2,267,164,0.6142322097378277,False
gemma4_31b,Q2_Medios,9705294,glyoxalase I,GAPDH,217,637,2.935483870967742,False
gemma4_31b,Q2_Medios,17479437,GAD65,GAD,129,157,1.2170542635658914,False
gemma4_31b,Q2_Medios,24063684,eIF4B,eIF4A,254,366,1.4409448818897639,False
gemma4_31b,Q2_Medios,30792187,HAVCR2,SAMD9,463,70,0.1511879049676026,False
gemma4_31b,Q2_Medios,8962055,ETF alpha,ETF,169,46,0.27218934911242604,True
gemma4_31b,Q2_Medios,25053464,MVK,PSEN1,124,881,7.104838709677419,False
gemma4_31b,Q2_Medios,27578485,DCP1A,PIWIL2,145,71,0.4896551724137931,False
gemma4_31b,Q2_Medios,31578589,Follistatin-like protein 1,SIRT1,137,1828,13.343065693430656,False
gemma4_31b,Q2_Medios,37278569,RAB6A,Rab27a,183,193,1.0546448087431695,False
gemma4_31b,Q2_Medios,18264137,methionine aminopeptidase-2,METAP1,117,60,0.5128205128205128,False
gemma4_31b,Q2_Medios,23532381,PICT1,NPM1,141,1194,8.46808510638298,False
gemma4_31b,Q2_Medios,26018753,E2F7,SNAI1,105,676,6.438095238095238,False
gemma4_31b,Q2_Medios,21131967,GLP,SUV39H1,167,185,1.1077844311377245,False
gemma4_31b,Q2_Medios,23317483,Interleukin-13,IL4,740,1301,1.758108108108108,False
gemma4_31b,Q2_Medios,27429853,PCDH15,C1orf112,128,31,0.2421875,False
gemma4_31b,Q2_Medios,21478156,Myotubularin,MTMR1,101,54,0.5346534653465347,False
gemma4_31b,Q2_Medios,26832416,SMARCAL1,FANCM,107,109,1.0186915887850467,False
gemma4_31b,Q2_Medios,32268092,AFF4,SUPT5H,121,219,1.8099173553719008,False
gemma4_31b,Q2_Medios,20619150,ANRIL,XIST,325,263,0.8092307692307692,False
gemma4_31b,Q2_Medios,22106281,Rac2,Rac1,172,1346,7.825581395348837,False
gemma4_31b,Q2_Medios,24386364,BTF3,PSA,136,477,3.5073529411764706,False
gemma4_31b,Q2_Medios,25337209,AdipoR2,THBS1,163,631,3.871165644171779,False
gemma4_31b,Q2_Medios,33917494,PER2,PER,205,158,0.7707317073170732,True
gemma4_31b,Q2_Medios,34583995,glutamine synthetase,MIZ1,177,102,0.576271186440678,False
gemma4_31b,Q2_Medios,19887623,SOX4,SOX11,272,151,0.5551470588235294,False
gemma4_31b,Q2_Medios,21337384,fucosyltransferase IV,FUT8,113,129,1.1415929203539823,False
gemma4_31b,Q2_Medios,32557257,FKBP4,NR3C1,265,1295,4.886792452830188,False
gemma4_31b,Q2_Medios,35170374,RHOT1,SNAI1,116,676,5.827586206896552,False
gemma4_31b,Q2_Medios,35563402,Klotho,HGF,529,835,1.5784499054820416,False
gemma4_31b,Q2_Medios,16532037,FGFR3,HRAS,619,831,1.3424878836833603,False
gemma4_31b,Q2_Medios,20558747,Thioredoxin-interacting protein,GLUT1,297,800,2.6936026936026938,False
gemma4_31b,Q2_Medios,20858966,neurotensin,obestatin,128,920,7.1875,False
gemma4_31b,Q2_Medios,31020542,GATA3,SMAD4,516,918,1.7790697674418605,False
gemma4_31b,Q2_Medios,31169983,PC4,TRPC4,199,89,0.4472361809045226,False
gemma4_31b,Q2_Medios,1977660,Lewis blood group,FUT4,115,113,0.9826086956521739,False
gemma4_31b,Q2_Medios,17202338,Klotho,GUSB,529,94,0.1776937618147448,False
gemma4_31b,Q2_Medios,18285836,BRIP1,Abraxas,220,78,0.35454545454545455,False
gemma4_31b,Q2_Medios,27505134,L1CAM,Ki-67,338,1035,3.062130177514793,False
gemma4_31b,Q2_Medios,30515972,Cbl-b,c-Cbl,208,790,3.798076923076923,False
gemma4_31b,Q2_Medios,32752071,miR-96,p53,166,11629,70.05421686746988,False
gemma4_31b,Q2_Medios,36994687,G-protein-coupled receptor kinase-interacting protein-1,SNHG12,149,67,0.44966442953020136,False
gemma4_31b,Q2_Medios,12190814,MICA,TAP1,563,53,0.0941385435168739,False
gemma4_31b,Q2_Medios,12427559,DDA3,PIG3,100,86,0.86,False
gemma4_31b,Q2_Medios,23654079,CD26,CD25,621,577,0.92914653784219,False
gemma4_31b,Q2_Medios,12515253,ELAC2,GSTP1,128,1727,13.4921875,False
gemma4_31b,Q2_Medios,15561974,EphA2,EphA4,456,132,0.2894736842105263,False
gemma4_31b,Q2_Medios,18845326,DNA ligase IV,RAG1,216,159,0.7361111111111112,False
gemma4_31b,Q2_Medios,21821000,BAF53,ACTN1,260,368,1.4153846153846155,False
gemma4_31b,Q2_Medios,24560809,GP73,AFP,179,387,2.1620111731843576,False
gemma4_31b,Q2_Medios,26287391,VAP-1,SELP,112,145,1.2946428571428572,False
gemma4_31b,Q2_Medios,34209751,SR-B1,LDLR,404,897,2.2202970297029703,True
gemma4_31b,Q2_Medios,11816564,HSP22,MARCKS,148,212,1.4324324324324325,False
gemma4_31b,Q2_Medios,31273188,miR-326,miR-145,126,664,5.26984126984127,False
gemma4_31b,Q2_Medios,33865911,IL-33,CCL2,732,1642,2.2431693989071038,False
gemma4_31b,Q2_Medios,34251884,MEKK1,PLK1,206,935,4.538834951456311,False
gemma4_31b,Q2_Medios,11251075,GIPC,NHERF1,139,301,2.1654676258992804,False
gemma4_31b,Q2_Medios,15166247,MLN51,BRCA1,104,3456,33.23076923076923,False
gemma4_31b,Q2_Medios,16392638,ABCC6,ABCC4,152,247,1.625,False
gemma4_31b,Q2_Medios,21439723,TXNIP,CHOP,297,314,1.0572390572390573,False
gemma4_31b,Q2_Medios,24062569,KCNH1,KCNQ1,117,640,5.47008547008547,False
gemma4_31b,Q2_Medios,25214041,CEBPA,NPM1,553,1194,2.159132007233273,False
gemma4_31b,Q2_Medios,25450647,NOB1,NEURL1,128,34,0.265625,False
gemma4_31b,Q2_Medios,33279577,DNA Polymerase iota,POLQ,124,131,1.0564516129032258,False
gemma4_31b,Q2_Medios,34272384,CDKN1C,NR4A3,252,140,0.5555555555555556,False
gemma4_31b,Q2_Medios,19850743,Toll-like receptor 8,MyD88,257,626,2.4357976653696496,False
gemma4_31b,Q2_Medios,19862010,HBS1L,GATA1,141,325,2.3049645390070923,False
gemma4_31b,Q2_Medios,22761865,Dopamine beta hydroxylase,COMT,231,2081,9.008658008658008,False
gemma4_31b,Q2_Medios,23043469,HBS1L,GATA1,141,325,2.3049645390070923,False
gemma4_31b,Q2_Medios,28759957,SNHG1,HOTAIR,146,503,3.4452054794520546,False
gemma4_31b,Q2_Medios,32764530,Reelin,SIRT1,256,1828,7.140625,False
gemma4_31b,Q2_Medios,12167657,EphA2,EGFR,456,6689,14.668859649122806,False
gemma4_31b,Q2_Medios,12714585,mitogen-activated protein kinase kinase-4,Rac-1,216,1346,6.231481481481482,True
gemma4_31b,Q2_Medios,17445044,methylmalonyl-CoA mutase,MMAA,123,28,0.22764227642276422,False
gemma4_31b,Q2_Medios,20154147,ATAD3A,AAA1,296,6,0.02027027027027027,False
gemma4_31b,Q2_Medios,22484241,RIPK2,IRAK1,213,394,1.8497652582159625,False
gemma4_31b,Q2_Medios,23158864,I-TAC,CXCL10,136,776,5.705882352941177,False
gemma4_31b,Q2_Medios,26654793,ABCA7,SORL1,101,250,2.4752475247524752,False
gemma4_31b,Q2_Medios,16354680,raptor,S6K1,300,453,1.51,False
gemma4_31b,Q2_Medios,17132480,Glycodelin,uPA,141,594,4.212765957446808,False
gemma4_31b,Q2_Medios,29683064,XPO5,DROSHA,185,239,1.2918918918918918,False
gemma4_31b,Q2_Medios,32082362,BMP9,VEGF,141,5214,36.97872340425532,True
gemma4_31b,Q2_Medios,23867215,pituitary tumor transforming gene,c-fos,313,532,1.6996805111821087,False
gemma4_31b,Q2_Medios,24855647,PDZ-RhoGEF,p190RhoGEF,100,47,0.47,False
gemma4_31b,Q2_Medios,26045788,CSN5,SNAI1,353,676,1.915014164305949,False
gemma4_31b,Q2_Medios,26585362,allograft inflammatory factor-1,MIF,101,419,4.148514851485149,False
gemma4_31b,Q2_Medios,29491476,EP2/4,COLEC12,164,43,0.2621951219512195,True
gemma4_31b,Q2_Medios,20179686,neutrophil gelatinase-associated lipocalin,RAGE,897,1028,1.1460423634336678,False
gemma4_31b,Q2_Medios,27882533,RAD21,SMC1A,233,347,1.4892703862660943,False
gemma4_31b,Q2_Medios,34366322,PPM1G,PTPN1,177,495,2.7966101694915255,False
gemma4_31b,Q2_Medios,35459212,Bnip3,BNIP3L,227,105,0.46255506607929514,False
gemma4_31b,Q2_Medios,37130168,STING,RIG-I,525,625,1.1904761904761905,False
gemma4_31b,Q2_Medios,17562792,C/EBPdelta,Hlf,124,58,0.46774193548387094,False
gemma4_31b,Q2_Medios,21643791,KIBRA,BIN1,153,252,1.6470588235294117,False
gemma4_31b,Q2_Medios,22736773,FOXE1,TTF-1,123,336,2.731707317073171,False
gemma4_31b,Q2_Medios,23814047,BRK,Lyn,135,480,3.5555555555555554,False
gemma4_31b,Q2_Medios,24962896,ZNF217,ZNF202,108,33,0.3055555555555556,False
gemma4_31b,Q3_Baixa_Popularidade,20067102,ARLTS1,GSTP1,32,1727,53.96875,False
gemma4_31b,Q3_Baixa_Popularidade,24013428,HUS1B,RAD1,14,91,6.5,True
gemma4_31b,Q3_Baixa_Popularidade,24509276,SLC35F3,SLC25A19,13,64,4.923076923076923,False
gemma4_31b,Q3_Baixa_Popularidade,27010727,SPON1,CYP2B6,41,368,8.975609756097562,True
gemma4_31b,Q3_Baixa_Popularidade,34373992,L3MBTL3,PTPN11,73,947,12.972602739726028,False
gemma4_31b,Q3_Baixa_Popularidade,36720253,PAR1,XIAP,11,687,62.45454545454545,False
gemma4_31b,Q3_Baixa_Popularidade,10409432,WHSC2,LETM1,97,129,1.3298969072164948,False
gemma4_31b,Q3_Baixa_Popularidade,11179671,NBR2,NBR1,32,151,4.71875,True
gemma4_31b,Q3_Baixa_Popularidade,19013439,ADHFe1,ADH5,19,107,5.631578947368421,False
gemma4_31b,Q3_Baixa_Popularidade,22690081,GABRQ,GABRA5,26,61,2.3461538461538463,False
gemma4_31b,Q3_Baixa_Popularidade,24386373,FZD1,SFRP1,70,245,3.5,True
gemma4_31b,Q3_Baixa_Popularidade,31423895,DHRS2,SIRT1,69,1828,26.492753623188406,False
gemma4_31b,Q3_Baixa_Popularidade,31909476,ISPD,LAMA2,28,135,4.821428571428571,False
gemma4_31b,Q3_Baixa_Popularidade,32457413,connexin50,Cx46,98,78,0.7959183673469388,False
gemma4_31b,Q3_Baixa_Popularidade,37485351,RNF19B,RNF126,29,93,3.206896551724138,False
gemma4_31b,Q3_Baixa_Popularidade,16131712,NPHP4,NPHS2,65,167,2.5692307692307694,False
gemma4_31b,Q3_Baixa_Popularidade,17249554,CYP4V2,CYP4F2,77,161,2.090909090909091,False
gemma4_31b,Q3_Baixa_Popularidade,24792382,ALLC,CRHR1,11,297,27.0,False
gemma4_31b,Q3_Baixa_Popularidade,25221423,FAM18B,SIRT1,16,1828,114.25,False
gemma4_31b,Q3_Baixa_Popularidade,26852655,SLC17A2,SLC40A1,11,209,19.0,False
gemma4_31b,Q3_Baixa_Popularidade,29159834,LINC00473,LINC00152,30,100,3.3333333333333335,False
gemma4_31b,Q3_Baixa_Popularidade,31991095,DAGL-Beta,PNPLA2,35,146,4.171428571428572,False
gemma4_31b,Q3_Baixa_Popularidade,34997220,Kv4.3,Nav1.2,77,153,1.9870129870129871,False
gemma4_31b,Q3_Baixa_Popularidade,35609331,PCAT6,SNHG12,25,67,2.68,False
gemma4_31b,Q3_Baixa_Popularidade,22593196,RASSF3,RASSF4,30,30,1.0,False
gemma4_31b,Q3_Baixa_Popularidade,22673115,SNX3,VPS35,100,269,2.69,False
gemma4_31b,Q3_Baixa_Popularidade,26355662,AGBL5,ZNF407,35,25,0.7142857142857143,False
gemma4_31b,Q3_Baixa_Popularidade,27215332,SLC24A4,BIN1,31,252,8.129032258064516,False
gemma4_31b,Q3_Baixa_Popularidade,28958330,STAP1,APOE,38,5224,137.47368421052633,True
gemma4_31b,Q3_Baixa_Popularidade,29913199,KANK4,ANKRD4,18,37,2.0555555555555554,False
gemma4_31b,Q3_Baixa_Popularidade,32633355,miR-593,miR-122,22,434,19.727272727272727,False
gemma4_31b,Q3_Baixa_Popularidade,12456399,Kir4.1,Kir5.1,98,38,0.3877551020408163,True
gemma4_31b,Q3_Baixa_Popularidade,16129570,ADAMTS6,ADAMTS15,35,24,0.6857142857142857,False
gemma4_31b,Q3_Baixa_Popularidade,16527195,Irx5,Tbx5,30,161,5.366666666666666,False
gemma4_31b,Q3_Baixa_Popularidade,18424904,ENGRAILED 2,ATOX1,70,105,1.5,False
gemma4_31b,Q3_Baixa_Popularidade,23899432,CHRNA6,CHRNB2,58,135,2.3275862068965516,False
gemma4_31b,Q3_Baixa_Popularidade,27057006,microRNA-324,miR-122,55,434,7.890909090909091,False
gemma4_31b,Q3_Baixa_Popularidade,28157695,ABHD11-AS1,NEAT1,19,473,24.894736842105264,False
gemma4_31b,Q3_Baixa_Popularidade,30415267,FOLR2,ARG1,63,283,4.492063492063492,False
gemma4_31b,Q3_Baixa_Popularidade,30683112,MLC1,S100A8,87,534,6.137931034482759,False
gemma4_31b,Q3_Baixa_Popularidade,33060568,DHODH,CAD,63,26,0.4126984126984127,False
gemma4_31b,Q3_Baixa_Popularidade,17460191,MORF4,MRG15,15,128,8.533333333333333,True
gemma4_31b,Q3_Baixa_Popularidade,18310226,Prostasin,TMPRSS2,79,378,4.784810126582278,False
gemma4_31b,Q3_Baixa_Popularidade,19414016,Tbx20,Tbx5,54,161,2.9814814814814814,False
gemma4_31b,Q3_Baixa_Popularidade,21401636,LEFTY B,CDX4,32,26,0.8125,False
gemma4_31b,Q3_Baixa_Popularidade,22291991,RINL,RILP,12,50,4.166666666666667,False
gemma4_31b,Q3_Baixa_Popularidade,22842048,CHCHD5,CHCHD10,15,65,4.333333333333333,False
gemma4_31b,Q3_Baixa_Popularidade,23760366,MAP3K4,MAP3K8,76,138,1.8157894736842106,False
gemma4_31b,Q3_Baixa_Popularidade,29730655,ARHGAP17,DLGAP1,61,60,0.9836065573770492,False
gemma4_31b,Q3_Baixa_Popularidade,36861928,LINC00511,SNHG12,42,67,1.5952380952380953,False
gemma4_31b,Q3_Baixa_Popularidade,37419299,MXRA7,SIRT6,48,368,7.666666666666667,False
gemma4_31b,Q3_Baixa_Popularidade,12800209,MLH3,MSH3,73,191,2.6164383561643834,False
gemma4_31b,Q3_Baixa_Popularidade,20607790,XKR4,C1orf112,17,31,1.8235294117647058,False
gemma4_31b,Q3_Baixa_Popularidade,23739915,ZBTB46,TNFAIP3,28,541,19.321428571428573,False
gemma4_31b,Q3_Baixa_Popularidade,24337749,KLRG1,PD-1,55,1252,22.763636363636362,False
gemma4_31b,Q3_Baixa_Popularidade,31158522,ubxn6,p97,82,178,2.1707317073170733,False
gemma4_31b,Q3_Baixa_Popularidade,31546831,SH3BP5,SND1,46,313,6.804347826086956,False
gemma4_31b,Q3_Baixa_Popularidade,34904858,Heparan sulfate 3-O-sulfotransferase 4,GPC6,13,58,4.461538461538462,False
gemma4_31b,Q3_Baixa_Popularidade,36192519,ANGPTL7,CYP1B1,38,592,15.578947368421053,False
gemma4_31b,Q3_Baixa_Popularidade,23610394,CD169,Siglec-10,79,34,0.43037974683544306,False
gemma4_31b,Q3_Baixa_Popularidade,28046031,OVOL2,ZEB1,45,656,14.577777777777778,True
gemma4_31b,Q3_Baixa_Popularidade,28112756,FTX,LINC00152,35,100,2.857142857142857,False
gemma4_31b,Q3_Baixa_Popularidade,34274945,SLC38A4,SALL4,25,204,8.16,False
gemma4_31b,Q3_Baixa_Popularidade,17086543,seizure-related (SEZ) 6,SCN1A,18,400,22.22222222222222,False
gemma4_31b,Q3_Baixa_Popularidade,19302705,KIAA1109,IL4,65,1301,20.015384615384615,False
gemma4_31b,Q3_Baixa_Popularidade,38235871,UNC5D,SOCS1,24,485,20.208333333333332,False
gemma4_31b,Q3_Baixa_Popularidade,38252411,STK19,TDP2,44,94,2.1363636363636362,False
gemma4_31b,Q3_Baixa_Popularidade,12721283,TIRP,MyD88,53,626,11.81132075471698,False
gemma4_31b,Q3_Baixa_Popularidade,17850865,RNF24,RNF121,12,29,2.4166666666666665,False
gemma4_31b,Q3_Baixa_Popularidade,23000409,carboxypeptidase N,HhH,33,55,1.6666666666666667,False
gemma4_31b,Q3_Baixa_Popularidade,28042826,"AQP3, -7, -8, and -11",AQP3,47,228,4.851063829787234,False
gemma4_31b,Q3_Baixa_Popularidade,30575903,ABHD11-AS1,LINC00662,19,28,1.4736842105263157,False
gemma4_31b,Q3_Baixa_Popularidade,32223671,CKIP-1,SSTR2,65,206,3.169230769230769,False
gemma4_31b,Q3_Baixa_Popularidade,32319600,SAC3D1,TOP2A,21,692,32.95238095238095,False
gemma4_31b,Q3_Baixa_Popularidade,16684505,integrin alpha10,COL2A1,25,381,15.24,False
gemma4_31b,Q3_Baixa_Popularidade,21718987,Aven,XIAP,47,687,14.617021276595745,False
gemma4_31b,Q3_Baixa_Popularidade,33660802,LINC00887,LINC00152,13,100,7.6923076923076925,False
gemma4_31b,Q3_Baixa_Popularidade,35663198,SLC38A1,SIRT1,89,1828,20.53932584269663,False
gemma4_31b,Q3_Baixa_Popularidade,19435523,Chibby,Tle1,60,147,2.45,False
gemma4_31b,Q3_Baixa_Popularidade,24114056,GPR113,MEP1B,16,49,3.0625,True
gemma4_31b,Q3_Baixa_Popularidade,25445601,RBP-J-interacting and tubulin-associated,MAML1,31,114,3.6774193548387095,False
gemma4_31b,Q3_Baixa_Popularidade,29321644,miR655,miR-21,26,1580,60.76923076923077,False
gemma4_31b,Q3_Baixa_Popularidade,30394818,RAD54B,SIRT1,76,1828,24.05263157894737,False
gemma4_31b,Q3_Baixa_Popularidade,31401365,ATP4A,MEN1,45,390,8.666666666666666,False
gemma4_31b,Q3_Baixa_Popularidade,32678982,KRT81,SIRT1,52,1828,35.15384615384615,False
gemma4_31b,Q3_Baixa_Popularidade,3029082,Cellular retinol binding protein II,IRBP,31,37,1.1935483870967742,False
gemma4_31b,Q3_Baixa_Popularidade,11672448,ZNF230,RNF11,23,62,2.6956521739130435,False
gemma4_31b,Q3_Baixa_Popularidade,17521822,KCNMB2,beta2,33,139,4.212121212121212,True
gemma4_31b,Q3_Baixa_Popularidade,19321927,glial cells missing a,Syncytin-2,56,40,0.7142857142857143,False
gemma4_31b,Q3_Baixa_Popularidade,19682311,FCRL2,SIRT1,27,1828,67.70370370370371,False
gemma4_31b,Q3_Baixa_Popularidade,22821757,SLC45A3,STEAP1,32,52,1.625,False
gemma4_31b,Q3_Baixa_Popularidade,23280965,SNX10,CLCN7,40,122,3.05,False
gemma4_31b,Q3_Baixa_Popularidade,27974379,RPUSD4,PUS10,37,29,0.7837837837837838,False
gemma4_31b,Q3_Baixa_Popularidade,29459713,SLC25A29,SLC25A15,20,55,2.75,False
gemma4_31b,Q3_Baixa_Popularidade,33017352,PLXNA4,BIN1,54,252,4.666666666666667,False
gemma4_31b,Q3_Baixa_Popularidade,40972734,SLC35F2,SLC44A1,33,58,1.7575757575757576,False
gemma4_31b,Q3_Baixa_Popularidade,24736457,miR-3151,MIAT,11,95,8.636363636363637,False
gemma4_31b,Q3_Baixa_Popularidade,25302608,ABCG4,SR-BI,35,404,11.542857142857143,False
gemma4_31b,Q3_Baixa_Popularidade,28289210,Homeodomain-Interacting Protein Kinase 1,CDK5,58,470,8.10344827586207,False
gemma4_31b,Q3_Baixa_Popularidade,29373811,CASC2,H19,75,570,7.6,False
gemma4_31b,Q3_Baixa_Popularidade,32323793,LINC00858,LINC00662,20,28,1.4,False
gemma4_31b,Q3_Baixa_Popularidade,33225420,KIAA0125,HOTAIR,12,503,41.916666666666664,False
gemma4_31b,Q3_Baixa_Popularidade,33980925,miR-506,NRF2,93,121,1.3010752688172043,False
gemma4_31b,Q3_Baixa_Popularidade,35133174,CELSR1,CDH17,62,71,1.1451612903225807,False
gemma4_31b,Q3_Baixa_Popularidade,11112352,v7-3,NTT4,79,21,0.26582278481012656,False
gemma4_31b,Q3_Baixa_Popularidade,24903490,Angiopoietin-like 7,ANGPTL8,38,151,3.973684210526316,False
gemma4_31b,Q3_Baixa_Popularidade,25590759,Iws1,SETDB1,76,201,2.6447368421052633,False
gemma4_31b,Q3_Baixa_Popularidade,28807727,PARK16,MAPKAPK2,21,195,9.285714285714286,False
gemma4_31b,Q3_Baixa_Popularidade,31488582,CCDC157,CCDC113,12,26,2.1666666666666665,False
gemma4_31b,Q3_Baixa_Popularidade,35229923,PCDHGB1,TOR1A,16,241,15.0625,False
gemma4_31b,Q3_Baixa_Popularidade,12928435,HCN3,HCN4,24,100,4.166666666666667,True
gemma4_31b,Q3_Baixa_Popularidade,26578655,PRAS40,KRAS,93,3056,32.86021505376344,False
gemma4_31b,Q3_Baixa_Popularidade,27799161,Munc13-4,ADA,94,271,2.882978723404255,False
gemma4_31b,Q3_Baixa_Popularidade,31515271,KLHL13,KLHL10,54,17,0.3148148148148148,False
gemma4_31b,Q3_Baixa_Popularidade,32355287,ERCC6L2,Lsh,27,153,5.666666666666667,False
gemma4_31b,Q3_Baixa_Popularidade,33565216,CELA3B,CELA1,41,27,0.6585365853658537,False
gemma4_31b,Q3_Baixa_Popularidade,37673336,GPR114,GPR133,17,36,2.1176470588235294,False
gemma4_31b,Q3_Baixa_Popularidade,16827919,ACSL6,SIRT1,41,1828,44.58536585365854,False
gemma4_31b,Q3_Baixa_Popularidade,18264133,AEN,NME1,24,450,18.75,False
gemma4_31b,Q3_Baixa_Popularidade,27784631,FAM26F,Syk,12,591,49.25,False
gemma4_31b,Q3_Baixa_Popularidade,28846095,ZSCAN10,NANOG,15,342,22.8,False
gemma4_31b,Q3_Baixa_Popularidade,30367141,DHX40,DDX5,75,541,7.213333333333333,False
gemma4_31b,Q3_Baixa_Popularidade,30683861,QRICH2,CCDC164,11,23,2.090909090909091,False
gemma4_31b,Q3_Baixa_Popularidade,39455917,layilin,CLEC12A,26,51,1.9615384615384615,False
gemma4_31b,Q3_Baixa_Popularidade,16884688,GLYT2,SLC6A9,42,57,1.3571428571428572,False
gemma4_31b,Q3_Baixa_Popularidade,27160456,PHF17,APOA5,61,462,7.573770491803279,False
gemma4_31b,Q3_Baixa_Popularidade,29544748,AFAP1-AS1,HOTAIR,65,503,7.7384615384615385,False
gemma4_31b,Q3_Baixa_Popularidade,30993766,SCN3A,FABP7,51,91,1.7843137254901962,True
gemma4_31b,Q3_Baixa_Popularidade,34431894,TXNRD2,CYP1B1,90,592,6.5777777777777775,False
gemma4_31b,Q3_Baixa_Popularidade,17904127,SVH,MDM2,33,2218,67.21212121212122,False
gemma4_31b,Q3_Baixa_Popularidade,21646352,Apolipoprotein L6,PUMA,27,239,8.851851851851851,False
gemma4_31b,Q3_Baixa_Popularidade,22046970,CD300a/c,CCR5,44,1643,37.34090909090909,False
gemma4_31b,Q3_Baixa_Popularidade,23531852,urocortin,S100A4,86,408,4.744186046511628,False
gemma4_31b,Q3_Baixa_Popularidade,25240856,Ind1,NDUFAF2,55,66,1.2,False
gemma4_31b,Q3_Baixa_Popularidade,27359356,Cartilage Intermediate Layer Protein,VDR,36,2492,69.22222222222223,False
gemma4_31b,Q3_Baixa_Popularidade,34667079,PROSER1,ZMYND11,31,71,2.2903225806451615,False
gemma4_31b,Q3_Baixa_Popularidade,34925640,LMO4,SIRT1,69,1828,26.492753623188406,False
gemma4_31b,Q3_Baixa_Popularidade,11237735,RSHL1,RSPH1,17,23,1.3529411764705883,False
gemma4_31b,Q3_Baixa_Popularidade,18814951,BTG1,KLF2,75,195,2.6,True
gemma4_31b,Q3_Baixa_Popularidade,26110394,ANXA13,S100A9,28,706,25.214285714285715,False
gemma4_31b,Q3_Baixa_Popularidade,31256822,NBPF8,C1orf168,11,11,1.0,False
gemma4_31b,Q3_Baixa_Popularidade,32495872,LIFR-AS1,NEAT1,11,473,43.0,False
gemma4_31b,Q3_Baixa_Popularidade,34789851,DEspR,APLNR,10,147,14.7,False
gemma4_31b,Q3_Baixa_Popularidade,35467255,ZNF543,ZNF593,13,48,3.6923076923076925,False
gemma4_31b,Q3_Baixa_Popularidade,23746317,TSPAN9,COL12A1,28,79,2.8214285714285716,False
gemma4_31b,Q3_Baixa_Popularidade,25480944,TUSC4,RNF146,78,57,0.7307692307692307,False
gemma4_31b,Q3_Baixa_Popularidade,25510670,PAQR3,PGRMC2,54,124,2.2962962962962963,False
gemma4_31b,Q3_Baixa_Popularidade,27531281,HHLA2,B7-H3,56,241,4.303571428571429,False
gemma4_31b,Q3_Baixa_Popularidade,29807809,DNAJA4,HSP27,49,832,16.979591836734695,False
gemma4_31b,Q3_Baixa_Popularidade,32503626,HAS-1,VEGFA,71,5214,73.43661971830986,True
gemma4_31b,Q3_Baixa_Popularidade,35345673,GPC2,GPC3,23,260,11.304347826086957,False
gemma4_31b,Q3_Baixa_Popularidade,35474062,AKIP1,AKAP13,54,143,2.6481481481481484,False
gemma4_31b,Q3_Baixa_Popularidade,38279428,LINC00339,LINC00662,16,28,1.75,False
gemma4_31b,Q3_Baixa_Popularidade,9099852,KCNJ1,KCNJ2,63,184,2.9206349206349205,False
gemma4_31b,Q3_Baixa_Popularidade,14756426,synaptotagmin 10,SYT11,11,50,4.545454545454546,False
gemma4_31b,Q3_Baixa_Popularidade,18815158,GPR39,GHSR,62,172,2.774193548387097,False
gemma4_31b,Q3_Baixa_Popularidade,19372141,ALOX12B,KLK3,61,477,7.819672131147541,False
gemma4_31b,Q3_Baixa_Popularidade,21696384,DFNB59,OTOF,23,80,3.4782608695652173,False
gemma4_31b,Q3_Baixa_Popularidade,25867271,miR-367,miR-21,46,1580,34.34782608695652,False
gemma4_31b,Q3_Baixa_Popularidade,35484984,CCDC106,SIRT1,31,1828,58.96774193548387,False
gemma4_31b,Q3_Baixa_Popularidade,15979100,MYCBP,CCND1,87,1799,20.67816091954023,False
gemma4_31b,Q3_Baixa_Popularidade,19000305,PTPN5,PTPN11,43,947,22.023255813953487,False
gemma4_31b,Q3_Baixa_Popularidade,20431721,connexin 46,GJA8,78,98,1.2564102564102564,False
gemma4_31b,Q3_Baixa_Popularidade,28340487,LRP3,RUNX2,18,641,35.611111111111114,False
gemma4_31b,Q3_Baixa_Popularidade,28926138,TNFAIP8,SNHG12,68,67,0.9852941176470589,False
gemma4_31b,Q3_Baixa_Popularidade,32489020,MSC-AS1,LINC00662,17,28,1.6470588235294117,False
gemma4_31b,Q3_Baixa_Popularidade,34345014,RNF141,RNF121,16,29,1.8125,False
gemma4_31b,Q3_Baixa_Popularidade,14678797,CHMP4,VPS4,71,175,2.464788732394366,False
gemma4_31b,Q3_Baixa_Popularidade,22367439,NIPA2,MAGT1,20,136,6.8,False
gemma4_31b,Q3_Baixa_Popularidade,23284291,DNER,FAM13A,42,73,1.7380952380952381,False
gemma4_31b,Q3_Baixa_Popularidade,24498354,PRODH,COMT,96,2081,21.677083333333332,False
gemma4_31b,Q3_Baixa_Popularidade,27858163,PIWIL3,HIWI,15,95,6.333333333333333,False
gemma4_31b,Q3_Baixa_Popularidade,32519472,KIAA1199,AREG,97,234,2.4123711340206184,False
gemma4_31b,Q3_Baixa_Popularidade,32759789,MUDENG,TRAIL,20,929,46.45,True
gemma4_31b,Q3_Baixa_Popularidade,33427755,SLC52A1,SLC52A3,25,57,2.28,False
gemma4_31b,Q3_Baixa_Popularidade,36030582,LINC01234,LINC00152,23,100,4.3478260869565215,False
gemma4_31b,Q3_Baixa_Popularidade,38617829,TMEM240,PLP1,14,193,13.785714285714286,False
gemma4_31b,Q3_Baixa_Popularidade,18309376,ZNF311,HLA-B,14,2225,158.92857142857142,False
gemma4_31b,Q3_Baixa_Popularidade,20150366,GLTSCR1,XRCC1,53,1351,25.49056603773585,True
gemma4_31b,Q3_Baixa_Popularidade,27261276,CD300b,TREM-1,19,264,13.894736842105264,False
gemma4_31b,Q3_Baixa_Popularidade,28670957,XPNPEP2,PREP,32,88,2.75,False
gemma4_31b,Q3_Baixa_Popularidade,36736276,MIR503HG,NEAT1,26,473,18.192307692307693,False
gemma4_31b,Q3_Baixa_Popularidade,36876422,ELFN1-AS1,LINC01133,10,34,3.4,False
gemma4_31b,Q3_Baixa_Popularidade,38890684,LAT2,SLC7A8,45,52,1.1555555555555554,True
gemma4_31b,Q3_Baixa_Popularidade,15094188,CHL2,CHL1,19,68,3.5789473684210527,False
gemma4_31b,Q3_Baixa_Popularidade,17074475,CRTAC1,FGFR3,45,619,13.755555555555556,False
gemma4_31b,Q3_Baixa_Popularidade,19578367,CCDC26,TERT,28,2104,75.14285714285714,True
gemma4_31b,Q3_Baixa_Popularidade,21795595,Regulator of G protein signaling-1,CCR9,69,67,0.9710144927536232,False
gemma4_31b,Q3_Baixa_Popularidade,22386842,ACTL7a,SPAM1,25,27,1.08,False
gemma4_31b,Q3_Baixa_Popularidade,24231739,NAC1,Ube3A,96,427,4.447916666666667,False
gemma4_31b,Q3_Baixa_Popularidade,29426014,NEURL4,NGEP,66,30,0.45454545454545453,False
gemma4_31b,Q3_Baixa_Popularidade,33099917,Arylsulfatase D,SUMF1,19,59,3.1052631578947367,True
gemma4_31b,Q3_Baixa_Popularidade,33603952,TXNDC2,TXNDC5,18,166,9.222222222222221,False
gemma4_31b,Q3_Baixa_Popularidade,38670394,TGOLN2,SFTPA1,62,206,3.3225806451612905,False
gemma4_31b,Q3_Baixa_Popularidade,12036287,BIVM,IGFBP7,15,195,13.0,False
gemma4_31b,Q3_Baixa_Popularidade,15309632,hCGbeta,CGB3,58,155,2.6724137931034484,False
gemma4_31b,Q3_Baixa_Popularidade,17595531,PASKIN,SNF1LK,62,59,0.9516129032258065,False
gemma4_31b,Q3_Baixa_Popularidade,19415746,P21-activated kinase 5,PAK4,79,224,2.8354430379746836,False
gemma4_31b,Q3_Baixa_Popularidade,23359319,KLK2,SCD,88,269,3.0568181818181817,False
gemma4_31b,Q3_Baixa_Popularidade,23475074,UQCRB,UQCRC2,80,211,2.6375,False
gemma4_31b,Q3_Baixa_Popularidade,28837156,CHAC2,CHOP,17,314,18.470588235294116,False
gemma4_31b,Q3_Baixa_Popularidade,34622442,ARL4C,LEF1,38,321,8.447368421052632,False
gemma4_31b,Q3_Baixa_Popularidade,11997112,PPL13,GALNT2,18,159,8.833333333333334,False
gemma4_31b,Q3_Baixa_Popularidade,21615302,MUC15,MUC1,28,959,34.25,True
gemma4_31b,Q3_Baixa_Popularidade,29891911,microRNA-513b,CUGBP1,11,154,14.0,False
gemma4_31b,Q3_Baixa_Popularidade,31198787,TROAP,KIF11,53,318,6.0,False
gemma4_31b,Q3_Baixa_Popularidade,32519845,GPR52,GPR68,17,58,3.411764705882353,False
gemma4_31b,Q3_Baixa_Popularidade,35687021,Tensin3,Shc1,83,593,7.144578313253012,True
gemma4_31b,Q3_Baixa_Popularidade,36601873,DOCK6,ANGPTL8,60,151,2.5166666666666666,True
gemma4_31b,Q3_Baixa_Popularidade,10760603,JDP1,JDP2,36,50,1.3888888888888888,False
gemma4_31b,Q3_Baixa_Popularidade,15322554,PTP-MEG2,Vps45,68,83,1.2205882352941178,False
gemma4_31b,Q3_Baixa_Popularidade,20978819,Fank1,TDRD3,24,84,3.5,False
gemma4_31b,Q3_Baixa_Popularidade,30129678,FBLIM1,P2RX7,55,547,9.945454545454545,False
gemma4_31b,Q3_Baixa_Popularidade,30548305,TIGD1,C1orf112,26,31,1.1923076923076923,False
gemma4_31b,Q3_Baixa_Popularidade,16569242,FRMD4A,CDH11,41,103,2.5121951219512195,False
gemma4_31b,Q3_Baixa_Popularidade,24845505,LYRM1,PLIN1,17,115,6.764705882352941,False
gemma4_31b,Q3_Baixa_Popularidade,25214527,LILRB5,CKM,15,137,9.133333333333333,True
gemma4_31b,Q3_Baixa_Popularidade,31373686,ZMIZ1,SNCG,89,133,1.4943820224719102,False
gemma4_31b,Q3_Baixa_Popularidade,33620575,SPRR1B,MUC2,42,204,4.857142857142857,True
gemma4_31b,Q3_Baixa_Popularidade,34257739,PCDHA,OXTR,12,451,37.583333333333336,False
gemma4_31b,Q3_Baixa_Popularidade,35452674,BIKE,AAK1,66,93,1.4090909090909092,True
gemma4_31b,Q3_Baixa_Popularidade,37635201,TCAF2,Syt12,18,19,1.0555555555555556,False
gemma4_31b,Q3_Baixa_Popularidade,16899382,GAMT,GATM,47,63,1.3404255319148937,False
gemma4_31b,Q3_Baixa_Popularidade,18941546,HSF4,HSF1,56,452,8.071428571428571,False
gemma4_31b,Q3_Baixa_Popularidade,20031928,IGHMBP2,GCK,80,357,4.4625,False
gemma4_31b,Q3_Baixa_Popularidade,22190364,TAGAP,TYK2,47,259,5.51063829787234,False
gemma4_31b,Q3_Baixa_Popularidade,25239945,TRC8,Hrd1,39,212,5.435897435897436,False
gemma4_31b,Q3_Baixa_Popularidade,26544568,ZNF420,ZNF189,22,24,1.0909090909090908,False
gemma4_31b,Q3_Baixa_Popularidade,28315334,Bapx1,CDX2,25,398,15.92,False
gemma4_31b,Q3_Baixa_Popularidade,32014858,RDH12,RPE65,68,135,1.9852941176470589,False
gemma4_31b,Q3_Baixa_Popularidade,34325607,Psoriasis Susceptibility 1 Candidate 1,PTPN22,34,590,17.352941176470587,False
gemma4_31b,Q3_Baixa_Popularidade,35486985,carboxyl ester lipase,PNPLA2,97,146,1.5051546391752577,False
gemma4_31b,Q3_Baixa_Popularidade,35587281,CCDC155,SYNE1,25,166,6.64,False
gemma4_31b,Q3_Baixa_Popularidade,21454556,ATP8A2,ATP11C,36,54,1.5,False
gemma4_31b,Q3_Baixa_Popularidade,27602123,AMZ2,SIRT1,20,1828,91.4,False
gemma4_31b,Q3_Baixa_Popularidade,31379208,DLEU1,LINC00662,47,28,0.5957446808510638,False
gemma4_31b,Q3_Baixa_Popularidade,21211617,NEK1,TCTN1,100,30,0.3,False
gemma4_31b,Q3_Baixa_Popularidade,24445935,ZNF396,ZFP191,17,103,6.0588235294117645,True
gemma4_31b,Q3_Baixa_Popularidade,30501451,P5 ATPase,ATP13A2,10,125,12.5,False
gemma4_31b,Q3_Baixa_Popularidade,32931479,Fbxo2,GALNT2,72,159,2.2083333333333335,False
gemma4_31b,Q3_Baixa_Popularidade,35621037,TMEM67,NPHP1,57,96,1.6842105263157894,False
gemma4_31b,Q3_Baixa_Popularidade,11731337,sterol C5 desaturase,DHCR7,40,232,5.8,False
gemma4_31b,Q3_Baixa_Popularidade,25904364,NANOS3,SFPQ,22,468,21.272727272727273,False
gemma4_31b,Q3_Baixa_Popularidade,27630214,FcRgamma,DAP12,78,105,1.3461538461538463,False
gemma4_31b,Q3_Baixa_Popularidade,29558758,B and T Lymphocyte Attenuator,PD-1,97,1252,12.907216494845361,False
gemma4_31b,Q3_Baixa_Popularidade,20054002,DIP2A,LRP1,63,540,8.571428571428571,False
gemma4_31b,Q3_Baixa_Popularidade,20540360,FMN1,IGF1,34,2076,61.05882352941177,False
gemma4_31b,Q3_Baixa_Popularidade,23874748,miR-379,miR-182,41,286,6.975609756097561,False
gemma4_31b,Q3_Baixa_Popularidade,25320013,MT4-MMP,MT1-MMP,40,610,15.25,False
gemma4_31b,Q3_Baixa_Popularidade,30036656,zinc finger protein like 1,RNF126,51,93,1.8235294117647058,False
gemma4_31b,Q3_Baixa_Popularidade,35260070,CCNL1,CCND1,80,1799,22.4875,False
gemma4_31b,Q3_Baixa_Popularidade,11263960,DNASE1L1,DNASE1L3,43,56,1.302325581395349,False
gemma4_31b,Q3_Baixa_Popularidade,31356773,SLC25A30,SLC25A21,17,33,1.9411764705882353,False
gemma4_31b,Q3_Baixa_Popularidade,33053528,long stress-induced noncoding transcript 5,LINC00657,18,97,5.388888888888889,False
gemma4_31b,Q3_Baixa_Popularidade,35247384,METTL8,METTL10,25,9,0.36,False
gemma4_31b,Q3_Baixa_Popularidade,35697535,AZIN1,ALCAM,48,220,4.583333333333333,False
gemma4_31b,Q3_Baixa_Popularidade,37711058,MBNL1-AS1,LINC00662,15,28,1.8666666666666667,False
gemma4_31b,Q3_Baixa_Popularidade,38151566,NDUFB7,NDUFA13,49,173,3.5306122448979593,False
gemma4_31b,Q3_Baixa_Popularidade,38463028,JOSD2,USP47,38,108,2.8421052631578947,True
gemma4_31b,Q3_Baixa_Popularidade,8639829,HLF,TCF-1,58,120,2.0689655172413794,False
gemma4_31b,Q3_Baixa_Popularidade,21498506,APC membrane recruitment 1,Dvl2,89,224,2.5168539325842696,False
gemma4_31b,Q3_Baixa_Popularidade,23096689,ODF3,ODF2,11,77,7.0,False
gemma4_31b,Q3_Baixa_Popularidade,23312075,PLAC4,PLIN2,11,141,12.818181818181818,False
gemma4_31b,Q3_Baixa_Popularidade,24337656,SCN2B,SCN1B,36,88,2.4444444444444446,True
gemma4_31b,Q3_Baixa_Popularidade,34212559,FK506 binding protein-like,TEX11,37,38,1.027027027027027,False
gemma4_31b,Q3_Baixa_Popularidade,38462741,ADGRG4,ADGRG1,17,109,6.411764705882353,False
gemma4_31b,Q3_Baixa_Popularidade,22158537,FITM2,R3HDML,24,8,0.3333333333333333,True
gemma4_31b,Q3_Baixa_Popularidade,22194858,PAAF1,MYOD1,52,195,3.75,False
gemma4_31b,Q3_Baixa_Popularidade,28782631,CDHR3,ADAM32,29,11,0.3793103448275862,False
gemma4_31b,Q3_Baixa_Popularidade,31689297,VIPR2,VIP,93,168,1.8064516129032258,True
gemma4_31b,Q3_Baixa_Popularidade,33675808,DLEU2,LINC00662,43,28,0.6511627906976745,False
gemma4_31b,Q3_Baixa_Popularidade,39716028,TMEM63B,TMEM63A,29,39,1.3448275862068966,False
gemma4_31b,Q3_Baixa_Popularidade,9839802,ZNF85,ZNF91,16,27,1.6875,True
gemma4_31b,Q3_Baixa_Popularidade,26162986,SKA2,CEP120,63,51,0.8095238095238095,False
gemma4_31b,Q3_Baixa_Popularidade,30427759,ADP-ribosylation factor-like 4A,Arf6,19,332,17.473684210526315,False
gemma4_31b,Q3_Baixa_Popularidade,30735723,FAM81A,SAP102,15,115,7.666666666666667,False
gemma4_31b,Q3_Baixa_Popularidade,31431650,Daple,ADA2,74,84,1.135135135135135,False
gemma4_31b,Q3_Baixa_Popularidade,38158881,GYPB,SLN,73,33,0.4520547945205479,False
gemma4_31b,Q3_Baixa_Popularidade,38530280,OMA1,AFG3L2,50,185,3.7,False
gemma4_31b,Q3_Baixa_Popularidade,22106001,NAALADL2,SALL1,24,88,3.6666666666666665,False
gemma4_31b,Q3_Baixa_Popularidade,25950000,TTBK2,PRK1,65,142,2.1846153846153844,False
gemma4_31b,Q3_Baixa_Popularidade,27806084,TOX3,FTO,92,1053,11.445652173913043,False
gemma4_31b,Q3_Baixa_Popularidade,10821868,GLUT8,GLUT12,27,34,1.2592592592592593,False
gemma4_31b,Q3_Baixa_Popularidade,16263120,CKLFSF8,TM4SF12,33,61,1.8484848484848484,False
gemma4_31b,Q3_Baixa_Popularidade,17919311,Rai,Shc1,56,593,10.589285714285714,False
gemma4_31b,Q3_Baixa_Popularidade,17991420,Lipocalin-interacting-membrane-receptor,SCARA5,25,50,2.0,False
gemma4_31b,Q3_Baixa_Popularidade,20810650,TTI2,WDR83,36,63,1.75,False
gemma4_31b,Q3_Baixa_Popularidade,24607927,EHD3,VPS33B,52,97,1.8653846153846154,False
gemma4_31b,Q3_Baixa_Popularidade,27808366,STEAP4,ADIPONECTIN,54,2464,45.629629629629626,False
gemma4_31b,Q3_Baixa_Popularidade,30816485,Opa interacting protein 5,METTL3,70,425,6.071428571428571,False
gemma4_31b,Q3_Baixa_Popularidade,36610560,Rab26,SIRT1,29,1828,63.03448275862069,False
gemma4_31b,Q3_Baixa_Popularidade,14508106,rTS,TYMS,33,632,19.151515151515152,False
gemma4_31b,Q3_Baixa_Popularidade,19271754,Clph,CLPP,13,81,6.230769230769231,False
gemma4_31b,Q3_Baixa_Popularidade,22386526,CD52,CD55,48,272,5.666666666666667,False
gemma4_31b,Q3_Baixa_Popularidade,30389958,ADGRG2,CCDC114,30,25,0.8333333333333334,False
gemma4_31b,Q3_Baixa_Popularidade,30391163,Mitoferrin-1,FECH,34,172,5.0588235294117645,True
gemma4_31b,Q3_Baixa_Popularidade,32423803,miR-382,miR-21,57,1580,27.719298245614034,False
gemma4_31b,Q3_Baixa_Popularidade,34326813,NUS1,LPL,69,787,11.405797101449275,False
gemma4_31b,Q3_Baixa_Popularidade,37712743,WDR72,RUNX2,35,641,18.314285714285713,True
gemma4_31b,Q3_Baixa_Popularidade,39562739,ZBTB48,TRF2,44,54,1.2272727272727273,False
gemma4_31b,Q3_Baixa_Popularidade,21172805,TOX3,NR4A2,92,229,2.489130434782609,False
gemma4_31b,Q3_Baixa_Popularidade,26973091,CASPASE-12,TNFAIP3,49,541,11.040816326530612,False
gemma4_31b,Q3_Baixa_Popularidade,28346859,Zbed3,Zfp36,31,236,7.612903225806452,False
gemma4_31b,Q3_Baixa_Popularidade,33590725,TCTN2,CEP290,26,173,6.653846153846154,False
gemma4_31b,Q3_Baixa_Popularidade,35896531,INHBE,INHBB,31,134,4.32258064516129,False
gemma4_31b,Q3_Baixa_Popularidade,15544804,translin,RPA70,96,538,5.604166666666667,False
gemma4_31b,Q3_Baixa_Popularidade,20829348,Cactin,RNF146,72,57,0.7916666666666666,False
gemma4_31b,Q3_Baixa_Popularidade,22225612,Glycine decarboxylase,PHGDH,72,337,4.680555555555555,False
gemma4_31b,Q3_Baixa_Popularidade,25633185,annexin II receptor,PLA2G4A,15,252,16.8,False
gemma4_31b,Q3_Baixa_Popularidade,26867688,MicroRNA-1228,miR-21,26,1580,60.76923076923077,False
gemma4_31b,Q3_Baixa_Popularidade,29323771,IGFN1,CFH,12,890,74.16666666666667,False
gemma4_31b,Q3_Baixa_Popularidade,30253317,WNK3,NKCC1,66,177,2.6818181818181817,False
gemma4_31b,Q3_Baixa_Popularidade,31460868,ADAMTS7,CETP,59,707,11.983050847457626,False
gemma4_31b,Q3_Baixa_Popularidade,20301604,IL1RAPL1,GK,50,57,1.14,True
gemma4_31b,Q3_Baixa_Popularidade,23881105,SPG8,GBA,90,548,6.088888888888889,False
gemma4_31b,Q3_Baixa_Popularidade,25193023,Romo1,TOMM20,66,145,2.196969696969697,False
gemma4_31b,Q3_Baixa_Popularidade,29204446,TRIM14,TRIM28,62,615,9.919354838709678,False
gemma4_31b,Q3_Baixa_Popularidade,30181378,Renalase,MTHFR,92,3864,42.0,False
gemma4_31b,Q3_Baixa_Popularidade,30350935,MicroRNA-1246,miR-21,81,1580,19.506172839506174,False
gemma4_31b,Q3_Baixa_Popularidade,30854931,CD37,S100A10,45,198,4.4,False
gemma4_31b,Q3_Baixa_Popularidade,31363080,TTN-AS1,MALAT1,25,682,27.28,False
gemma4_31b,Q3_Baixa_Popularidade,32161263,BRAWNIN,MitoNEET,14,101,7.214285714285714,False
gemma4_31b,Q3_Baixa_Popularidade,36218358,Nidogen 1,COL4A1,95,264,2.778947368421053,False
gemma4_31b,Q3_Baixa_Popularidade,37314493,MRGPRF,MRGPRX1,16,23,1.4375,False
gemma4_31b,Q3_Baixa_Popularidade,22666496,DnaJ homolog subfamily C member 5B,SLCO1B1,15,410,27.333333333333332,False
gemma4_31b,Q3_Baixa_Popularidade,22975685,PHF20,GLI1,52,467,8.98076923076923,False
gemma4_31b,Q3_Baixa_Popularidade,23530209,intraflagellar transport protein 20,IFT140,65,48,0.7384615384615385,False
gemma4_31b,Q3_Baixa_Popularidade,25233099,DGKI,TERT,23,2104,91.47826086956522,False
gemma4_31b,Q3_Baixa_Popularidade,29261175,SLC15A4,SLC20A2,44,89,2.022727272727273,False
gemma4_31b,Q3_Baixa_Popularidade,36007377,DPPA4,SFPQ,44,468,10.636363636363637,False
gemma4_31b,Q3_Baixa_Popularidade,18163988,hArp8,ACTL6A,54,260,4.814814814814815,False
gemma4_31b,Q3_Baixa_Popularidade,21613359,TMEM127,MAX,37,267,7.216216216216216,False
gemma4_31b,Q3_Baixa_Popularidade,28302484,TSPAN12,SIRT1,61,1828,29.9672131147541,False
gemma4_31b,Q3_Baixa_Popularidade,29849566,ILDR1,MYO7A,26,163,6.269230769230769,False
gemma4_31b,Q3_Baixa_Popularidade,37756562,LINC01089,LINC00662,13,28,2.1538461538461537,False
gemma4_31b,Q3_Baixa_Popularidade,12825073,PHKG1,PHKG2,31,58,1.8709677419354838,False
gemma4_31b,Q3_Baixa_Popularidade,16690525,ice,bax,84,1126,13.404761904761905,False
gemma4_31b,Q3_Baixa_Popularidade,25383759,LRAT,NPC1L1,56,114,2.0357142857142856,False
gemma4_31b,Q3_Baixa_Popularidade,27909719,epithelial membrane protein 1,SIRT1,51,1828,35.84313725490196,False
gemma4_31b,Q3_Baixa_Popularidade,28870805,RAI3,Sox2,101,818,8.099009900990099,False
gemma4_31b,Q3_Baixa_Popularidade,31837357,MUC13,SND1,54,313,5.796296296296297,False
gemma4_31b,Q3_Baixa_Popularidade,32223575,CASC11,NEAT1,28,473,16.892857142857142,False
gemma4_31b,Q3_Baixa_Popularidade,34946860,WDR13,SLC6A8,29,116,4.0,False
gemma4_31b,Q3_Baixa_Popularidade,35111166,ANKRD55,OSMR,30,96,3.2,False
gemma4_31b,Q3_Baixa_Popularidade,8751391,RSC1A1,SLC5A1,26,129,4.961538461538462,False
gemma4_31b,Q3_Baixa_Popularidade,12801916,Strep14,Slp4,23,67,2.9130434782608696,False
gemma4_31b,Q3_Baixa_Popularidade,23431138,FBXO10,FBXW7,39,618,15.846153846153847,False
gemma4_31b,Q3_Baixa_Popularidade,23800065,CPI-17,SIRT1,43,1828,42.51162790697674,False
gemma4_31b,Q3_Baixa_Popularidade,33652941,SP6,FAM20C,19,63,3.3157894736842106,False
gemma4_31b,Q3_Baixa_Popularidade,35114100,STAMBPL1,USP10,45,280,6.222222222222222,False
gemma4_31b,Q4_Cauda_Longa,28635424,MCDR3,MCDR2,2,111,55.5,False
gemma4_31b,Q4_Cauda_Longa,31282173,TRABD2A,ADAM17,8,546,68.25,False
gemma4_31b,Q4_Cauda_Longa,35616822,LINC00886,SSTR2,7,206,29.428571428571427,False
gemma4_31b,Q4_Cauda_Longa,36700469,MCF2L-AS1,LINC00152,9,100,11.11111111111111,False
gemma4_31b,Q4_Cauda_Longa,38070791,Long intergenic non-protein coding RNA 115,HOTAIR,5,503,100.6,False
gemma4_31b,Q4_Cauda_Longa,24501229,PPIEL,DLK1,8,188,23.5,False
gemma4_31b,Q4_Cauda_Longa,32572918,Linc00601,SNHG12,1,67,67.0,False
gemma4_31b,Q4_Cauda_Longa,33414518,LINC00161,HNF4A,9,594,66.0,False
gemma4_31b,Q4_Cauda_Longa,34651202,PHEX-AS1,LINC00657,2,97,48.5,False
gemma4_31b,Q4_Cauda_Longa,30177389,miR-4496,miR-145,5,664,132.8,False
gemma4_31b,Q4_Cauda_Longa,34427876,LINC00943,LINC00662,7,28,4.0,False
gemma4_31b,Q4_Cauda_Longa,36523161,Fidgetin-like 2,FNDC1,8,18,2.25,False
gemma4_31b,Q4_Cauda_Longa,32857606,miR-548a-3p,hsa-miR-424,6,160,26.666666666666668,False
gemma4_31b,Q4_Cauda_Longa,35657686,OVAAL,LINC00662,5,28,5.6,False
gemma4_31b,Q4_Cauda_Longa,35707591,OR4M1,GPCR142,6,29,4.833333333333333,False
gemma4_31b,Q4_Cauda_Longa,8761437,CATR1,MET,3,1421,473.6666666666667,False
gemma4_31b,Q4_Cauda_Longa,9837827,TCO,TCOF1,1,255,255.0,False
gemma4_31b,Q4_Cauda_Longa,29700843,Spermatogenesis-associated 48,Tnp1,8,31,3.875,False
gemma4_31b,Q4_Cauda_Longa,34731149,EMX2OS,LINC01714,9,3,0.3333333333333333,True
gemma4_31b,Q4_Cauda_Longa,38880921,ZSWIM1,SND1,9,313,34.77777777777778,False
gemma4_31b,Q4_Cauda_Longa,41444079,IDH1-AS1,LINC00518,4,14,3.5,False
gemma4_31b,Q4_Cauda_Longa,22258142,Yiya,LINC00152,3,100,33.333333333333336,False
gemma4_31b,Q4_Cauda_Longa,27076786,LOC101926975,LINC00662,1,28,28.0,False
gemma4_31b,Q4_Cauda_Longa,31582214,LINC01419,LINC00662,7,28,4.0,False
gemma4_31b,Q4_Cauda_Longa,33504453,ERVV-1,ERVW-1,9,111,12.333333333333334,False
gemma4_31b,Q4_Cauda_Longa,34378327,GACAT1,LINC00662,4,28,7.0,False
gemma4_31b,Q4_Cauda_Longa,38017487,KCNMA1-AS1,LINC00662,5,28,5.6,False
gemma4_31b,Q4_Cauda_Longa,25294924,RNATapSaki,TAPS,3,30,10.0,False
gemma4_31b,Q4_Cauda_Longa,30341249,LINC00210,LINC00662,4,28,7.0,False
gemma4_31b,Q4_Cauda_Longa,32841458,LINC00210,SNHG12,4,67,16.75,False
gemma4_31b,Q4_Cauda_Longa,33237828,SMIM25,LINC00662,8,28,3.5,False
gemma4_31b,Q4_Cauda_Longa,36647631,LINC00926,LINC00518,7,14,2.0,False
gemma4_31b,Q4_Cauda_Longa,8005606,RT6,ACTN1,4,368,92.0,False
gemma4_31b,Q4_Cauda_Longa,16717440,DFNA24,DFNB12,2,99,49.5,False
gemma4_31b,Q4_Cauda_Longa,26527144,GemC1,Lin52,8,40,5.0,False
gemma4_31b,Q4_Cauda_Longa,31870402,HOXC-AS1,LINC00657,5,97,19.4,False
gemma4_31b,Q4_Cauda_Longa,28000886,hsa-miR-631,miR-145,8,664,83.0,False
gemma4_31b,Q4_Cauda_Longa,38848293,LINC01106,LINC00657,7,97,13.857142857142858,False
gemma4_31b,Q4_Cauda_Longa,12935778,MYAS1,PTPN22,1,590,590.0,False
gemma4_31b,Q4_Cauda_Longa,25303483,PTCSC2,LINC00517,7,2,0.2857142857142857,False
gemma4_31b,Q4_Cauda_Longa,28415780,PCAT-14,HULC,4,96,24.0,False
gemma4_31b,Q4_Cauda_Longa,36118523,LINC00674,LINC00662,6,28,4.666666666666667,False
gemma4_31b,Q4_Cauda_Longa,40068798,PLSCR5,TMEM165,6,90,15.0,False
gemma4_31b,Q4_Cauda_Longa,30657560,MiR-610,miR-145,9,664,73.77777777777777,False
gemma4_31b,Q4_Cauda_Longa,31138789,ZNF479,YBX1,8,777,97.125,False
gemma4_31b,Q4_Cauda_Longa,31504670,SNHG9,LINC00152,9,100,11.11111111111111,False
gemma4_31b,Q4_Cauda_Longa,32980991,PCAT19,LINC00662,9,28,3.111111111111111,False
gemma4_31b,Q4_Cauda_Longa,18093280,HB-1,HA-4,7,31,4.428571428571429,False
gemma4_31b,Q4_Cauda_Longa,28422318,ZNF404,SULT1A1,9,255,28.333333333333332,False
gemma4_31b,Q4_Cauda_Longa,29757368,LINC00514,FENDRR,8,36,4.5,True
gemma4_31b,Q4_Cauda_Longa,33818282,MicroRNA-1269b,miR-145,5,664,132.8,False
gemma4_31b,Q4_Cauda_Longa,36806387,NFIA-AS2,LINC00517,5,2,0.4,False
gemma4_31b,Q4_Cauda_Longa,28087599,LINC00092,LINC00152,6,100,16.666666666666668,False
gemma4_31b,Q4_Cauda_Longa,28184924,miR-922,miR-21,9,1580,175.55555555555554,False
gemma4_31b,Q4_Cauda_Longa,28701355,miR-4632,miR-145,5,664,132.8,False
gemma4_31b,Q4_Cauda_Longa,32279128,MicroRNA-4317,LINC00662,7,28,4.0,False
gemma4_31b,Q4_Cauda_Longa,32811869,EIF3J-AS1,LINC00662,6,28,4.666666666666667,False
gemma4_31b,Q4_Cauda_Longa,37248547,WAC-AS1,LINC00662,7,28,4.0,False
gemma4_31b,Q4_Cauda_Longa,11369687,FAA1,LOX,1,254,254.0,False
gemma4_31b,Q4_Cauda_Longa,16303764,CLN9,CLN8,2,39,19.5,True
gemma4_31b,Q4_Cauda_Longa,24886442,RP11-46A10.4,PVT1,1,314,314.0,True
gemma4_31b,Q4_Cauda_Longa,30448060,LINC00165,LINC00662,4,28,7.0,False
gemma4_31b,Q4_Cauda_Longa,32537885,microRNA-4661,miR-122,4,434,108.5,False
gemma4_31b,Q4_Cauda_Longa,35905044,MTHFDL1,MTHFD1L,2,156,78.0,True
gemma4_31b,Q4_Cauda_Longa,36602957,DNMBP-AS1,LINC00517,2,2,1.0,False
gemma4_31b,Q4_Cauda_Longa,19752191,ALL1,SET1,2,146,73.0,False
gemma4_31b,Q4_Cauda_Longa,29270239,ZNF542,KCNH1,7,117,16.714285714285715,False
gemma4_31b,Q4_Cauda_Longa,31736153,CHL1-AS1,LINC00662,3,28,9.333333333333334,False
gemma4_31b,Q4_Cauda_Longa,32298923,Leucine-rich repeat containing protein 10B,SIAH2,6,133,22.166666666666668,False
gemma4_31b,Q4_Cauda_Longa,33756228,linc00936,LINC00662,7,28,4.0,False
gemma4_31b,Q4_Cauda_Longa,34224057,MGC27382,LINC00662,4,28,7.0,False
gemma4_31b,Q4_Cauda_Longa,24393131,ZNF300P1,LINC00662,5,28,5.6,False
gemma4_31b,Q4_Cauda_Longa,28405738,miR-4316,miR-21,5,1580,316.0,False
gemma4_31b,Q4_Cauda_Longa,28767188,LINC01101,LINC00662,3,28,9.333333333333334,False
gemma4_31b,Q4_Cauda_Longa,25653177,C18orf42,C1orf157,3,3,1.0,False
gemma4_31b,Q4_Cauda_Longa,38587325,LINC01270,HULC,6,96,16.0,False
gemma4_31b,Q4_Cauda_Longa,26600424,FAM149A,EPAS1,9,638,70.88888888888889,False
gemma4_31b,Q4_Cauda_Longa,35137449,UBA6-AS1,LINC00518,4,14,3.5,False
gemma4_31b,Q4_Cauda_Longa,38221658,MTRNR2L2,IL6,9,5468,607.5555555555555,False
gemma4_31b,Q4_Cauda_Longa,11713263,Ribin,RRP12,3,175,58.333333333333336,False
gemma4_31b,Q4_Cauda_Longa,32196587,LINC01197,TNM,7,42,6.0,True
gemma4_31b,Q4_Cauda_Longa,35011680,C1orf185,CCT6A,5,349,69.8,False
gemma4_31b,Q4_Cauda_Longa,35605650,CLEC4GP1,LINC00518,3,14,4.666666666666667,False
gemma4_31b,Q4_Cauda_Longa,36284435,SNORD111,SNORD42B,3,3,1.0,True
gemma4_31b,Q4_Cauda_Longa,9205111,ERp60,PDIA4,7,212,30.285714285714285,False
gemma4_31b,Q4_Cauda_Longa,32964971,HMGA1P4,HOTAIR,2,503,251.5,False
gemma4_31b,Q4_Cauda_Longa,34767727,PTPRG Antisense RNA 1,LINC00662,9,28,3.111111111111111,False
gemma4_31b,Q4_Cauda_Longa,18154640,MRPS18CP2,CLDN23,2,22,11.0,True
gemma4_31b,Q4_Cauda_Longa,21460840,MS4A4E,MS4A4,8,19,2.375,False
gemma4_31b,Q4_Cauda_Longa,22126752,ZNF674,L1CAM,10,338,33.8,False
gemma4_31b,Q4_Cauda_Longa,30082910,ANKDD1A,SIRT1,10,1828,182.8,False
gemma4_31b,Q4_Cauda_Longa,32329849,LINC01551,SNHG12,3,67,22.333333333333332,False
gemma4_31b,Q4_Cauda_Longa,26393913,RP11-397D12.4,LINC00657,1,97,97.0,False
gemma4_31b,Q4_Cauda_Longa,31132669,LINC00909,LINC00662,7,28,4.0,False
gemma4_31b,Q4_Cauda_Longa,33037865,MCF2L-AS1,LINC00662,9,28,3.111111111111111,False
gemma4_31b,Q4_Cauda_Longa,35322763,LINC01315,LINC00657,6,97,16.166666666666668,False
gemma4_31b,Q4_Cauda_Longa,11150526,testis-specific poly(A) polymerase,Papd5,9,61,6.777777777777778,False
gemma4_31b,Q4_Cauda_Longa,35067783,LINC00160,MALAT1,4,682,170.5,False
gemma4_31b,Q4_Cauda_Longa,35404750,LINC00488,LINC00662,5,28,5.6,False
gemma4_31b,Q4_Cauda_Longa,20463881,DSCR9,CYP1B1,9,592,65.77777777777777,False
gemma4_31b,Q4_Cauda_Longa,23876241,transglutaminase 7,TG2,9,554,61.55555555555556,False
gemma4_31b,Q4_Cauda_Longa,31373842,miR-934,miR-145,8,664,83.0,False
gemma4_31b,Q4_Cauda_Longa,31604679,miR-5188,miR-21,5,1580,316.0,False
gemma4_31b,Q4_Cauda_Longa,32495869,linc00337,SNHG12,9,67,7.444444444444445,False
gemma4_31b,Q4_Cauda_Longa,32574189,Perm1,Prdm16,9,110,12.222222222222221,False
gemma4_31b,Q4_Cauda_Longa,12112072,SPG19,SPG11,1,114,114.0,False
gemma4_31b,Q4_Cauda_Longa,23657505,TRAV4,TRAV12-1,4,3,0.75,False
gemma4_31b,Q4_Cauda_Longa,25875936,ZNF700,ZNF609,6,81,13.5,False
gemma4_31b,Q4_Cauda_Longa,33147570,LINC00968,LINC00662,9,28,3.111111111111111,False
gemma4_31b,Q4_Cauda_Longa,31334828,LOC105373813,NEAT1,2,473,236.5,False
gemma4_31b,Q4_Cauda_Longa,33753211,LINC01614,LINC00662,9,28,3.111111111111111,False
gemma4_31b,Q4_Cauda_Longa,37469237,TMPOP2,LINC00662,2,28,14.0,False
gemma4_31b,Q4_Cauda_Longa,27813118,MicroRNA-649,SIRT1,3,1828,609.3333333333334,False
gemma4_31b,Q4_Cauda_Longa,29917192,MiR-4299,SNHG12,6,67,11.166666666666666,False
gemma4_31b,Q4_Cauda_Longa,39242532,POLH-AS1,SSTR3,2,69,34.5,False
gemma4_31b,Q4_Cauda_Longa,28138801,miR-668,miR-21,7,1580,225.71428571428572,False
gemma4_31b,Q4_Cauda_Longa,30536379,GACAT3,LINC00152,9,100,11.11111111111111,False
gemma4_31b,Q4_Cauda_Longa,31102367,lncUSMycN,LINC00662,4,28,7.0,False
gemma4_31b,Q4_Cauda_Longa,38279424,TEX41,MALAT1,6,682,113.66666666666667,False
gemma4_31b,Q4_Cauda_Longa,31262262,WWC2-AS1,H19,1,570,570.0,False
gemma4_31b,Q4_Cauda_Longa,33204302,LINC00426,LINC00662,4,28,7.0,False
gemma4_31b,Q4_Cauda_Longa,35278131,DFNA33,DFNA67,2,72,36.0,False
gemma4_31b,Q4_Cauda_Longa,30518158,PCAT18,LINC01129,7,2,0.2857142857142857,False
gemma4_31b,Q4_Cauda_Longa,31652445,miR-2392,SIRT1,9,1828,203.11111111111111,False
gemma4_31b,Q4_Cauda_Longa,34105888,LINC00525,LINC00657,9,97,10.777777777777779,False
gemma4_31b,Q4_Cauda_Longa,35624327,TRAJ19,S100A10,2,198,99.0,False
gemma4_31b,Q4_Cauda_Longa,37271897,DIO3OS,LINC00662,5,28,5.6,False
gemma4_31b,Q4_Cauda_Longa,15974297,PREG1,PE2,6,71,11.833333333333334,False
gemma4_31b,Q4_Cauda_Longa,30710292,S100Z,S100B,7,507,72.42857142857143,False
gemma4_31b,Q4_Cauda_Longa,31709617,EIF3J-AS1,SNHG12,6,67,11.166666666666666,False
gemma4_31b,Q4_Cauda_Longa,9736780,ERDA1,TBP,6,431,71.83333333333333,False
gemma4_31b,Q4_Cauda_Longa,22331267,SNORD30,SNORD29,5,4,0.8,False
gemma4_31b,Q4_Cauda_Longa,30394665,GAS6-AS2,LINC00662,4,28,7.0,False
gemma4_31b,Q4_Cauda_Longa,30468482,LINC00899,LINC00152,6,100,16.666666666666668,False
gemma4_31b,Q4_Cauda_Longa,31033124,SPATA31A3,S100A8,5,534,106.8,False
gemma4_31b,Q4_Cauda_Longa,36823542,ARL9,GNB2L1,5,642,128.4,False
gemma4_31b,Q4_Cauda_Longa,38099337,Linc00893,LINC00518,7,14,2.0,False
gemma4_31b,Q4_Cauda_Longa,38357893,TRG-AS1,LINC00662,4,28,7.0,False
gemma4_31b,Q4_Cauda_Longa,12620387,FRA7G,FRA3B,1,357,357.0,False
gemma4_31b,Q4_Cauda_Longa,18060868,BMZF3,ZNF248,9,15,1.6666666666666667,False
gemma4_31b,Q4_Cauda_Longa,29547645,POTEA,SLC22A5,8,200,25.0,False
gemma4_31b,Q4_Cauda_Longa,31163018,miR-3650,miR-122,4,434,108.5,False
gemma4_31b,Q4_Cauda_Longa,34006929,miR-378c,miR-145,9,664,73.77777777777777,False
gemma4_31b,Q4_Cauda_Longa,37222961,miR-6720,miR-145,6,664,110.66666666666667,False
gemma4_31b,Q4_Cauda_Longa,8733139,IDDM8,IDDM1,5,1556,311.2,False
gemma4_31b,Q4_Cauda_Longa,22197932,ACTL9,IL13,10,740,74.0,False
gemma4_31b,Q4_Cauda_Longa,24055526,C2ORF80,NR5A1,6,290,48.333333333333336,False
gemma4_31b,Q4_Cauda_Longa,27114614,Ae4,Slc4a11,6,81,13.5,False
gemma4_31b,Q4_Cauda_Longa,32419112,miR-1976,miR-145,8,664,83.0,False
gemma4_31b,Q4_Cauda_Longa,32769488,FKBP9P1,LINC00662,5,28,5.6,False
gemma4_31b,Q4_Cauda_Longa,38225865,LINC01405,LINC00662,3,28,9.333333333333334,False
gemma4_31b,Q4_Cauda_Longa,24530685,PTPLAD2,PTPRD,9,132,14.666666666666666,False
gemma4_31b,Q4_Cauda_Longa,28418939,MIR378D2,LINC00665,7,31,4.428571428571429,True
gemma4_31b,Q4_Cauda_Longa,34944551,Galectin-16,LGALS12,4,17,4.25,False
gemma4_31b,Q4_Cauda_Longa,35667653,LINC00680,LINC00662,8,28,3.5,False
gemma4_31b,Q4_Cauda_Longa,25720405,MTRNR2L12,APP,7,3204,457.7142857142857,False
gemma4_31b,Q4_Cauda_Longa,31289104,MIR30,SULT1A1,5,255,51.0,False
gemma4_31b,Q4_Cauda_Longa,37759778,HML6-c14,C1orf161,4,8,2.0,False
gemma4_31b,Q4_Cauda_Longa,37975233,MicroRNA-606,miR-145,3,664,221.33333333333334,False
gemma4_31b,Q4_Cauda_Longa,38503887,ZNF519,PINK1,9,511,56.77777777777778,False
gemma4_31b,Q4_Cauda_Longa,24056535,C6orf70,WDR62,8,112,14.0,False
gemma4_31b,Q4_Cauda_Longa,27889102,C9orf152,C1orf152,8,2,0.25,False
gemma4_31b,Q4_Cauda_Longa,28328537,LOC100129148,H19,1,570,570.0,False
gemma4_31b,Q4_Cauda_Longa,31054777,LINC01288,LINC00657,2,97,48.5,False
gemma4_31b,Q4_Cauda_Longa,34337719,ENO1-IT1,MALAT1,1,682,682.0,False
gemma4_31b,Q4_Cauda_Longa,37009826,LINC00493,LINC00942,9,3,0.3333333333333333,False
gemma4_31b,Q4_Cauda_Longa,33314669,RAD51-AS1,LINC00662,7,28,4.0,False
gemma4_31b,Q4_Cauda_Longa,35935583,LINC01574,LINC00517,2,2,1.0,False
gemma4_31b,Q4_Cauda_Longa,8812489,CRYBB2P1,CRYBB1,7,59,8.428571428571429,False
gemma4_31b,Q4_Cauda_Longa,28049826,PTCSC2,LINC00944,7,5,0.7142857142857143,False
gemma4_31b,Q4_Cauda_Longa,28380328,MIR4697,SNCA,8,2255,281.875,False
gemma4_31b,Q4_Cauda_Longa,29913236,Linc01060,LINC00662,5,28,5.6,False
gemma4_31b,Q4_Cauda_Longa,35357586,LINC01088,LINC00662,5,28,5.6,False
gemma4_31b,Q4_Cauda_Longa,35874989,FAM66C,LUCAT1,5,45,9.0,True
gemma4_31b,Q4_Cauda_Longa,25634023,OCT4 pseudogene 5,NEAT1,4,473,118.25,False
gemma4_31b,Q4_Cauda_Longa,25854761,CCDC129,SUSD2,8,34,4.25,False
gemma4_31b,Q4_Cauda_Longa,30936463,KCNE1B,KCNE2,2,94,47.0,False
gemma4_31b,Q4_Cauda_Longa,31847890,KLF3-AS1,MALAT1,6,682,113.66666666666667,False
gemma4_31b,Q4_Cauda_Longa,32352014,A2M-AS1,LINC00662,5,28,5.6,False
gemma4_31b,Q4_Cauda_Longa,32878637,LINC00301,LINC00662,5,28,5.6,False
gemma4_31b,Q4_Cauda_Longa,8065311,U20,U85,4,7,1.75,False
gemma4_31b,Q4_Cauda_Longa,28082678,NKp65,CLEC12A,6,51,8.5,False
gemma4_31b,Q4_Cauda_Longa,30274775,OGFRP1,LINC00662,6,28,4.666666666666667,False
gemma4_31b,Q4_Cauda_Longa,34626132,PXN-AS1,SNHG16,7,97,13.857142857142858,False
gemma4_31b,Q4_Cauda_Longa,21156761,RPS12P4,PTPN22,2,590,295.0,False
gemma4_31b,Q4_Cauda_Longa,23105016,DTHD1,C21orf2,9,40,4.444444444444445,True
gemma4_31b,Q4_Cauda_Longa,28410200,SNORD47,SNORD3A,3,15,5.0,False
gemma4_31b,Q4_Cauda_Longa,32592116,C5orf47,TXNIP,2,297,148.5,False
gemma4_31b,Q4_Cauda_Longa,32727980,IDI2-AS1,MALAT1,8,682,85.25,False
gemma4_31b,Q4_Cauda_Longa,1701012,GOR,LSM11,9,38,4.222222222222222,False
gemma4_31b,Q4_Cauda_Longa,25116943,LCAL1,LINC00657,5,97,19.4,False
gemma4_31b,Q4_Cauda_Longa,10684929,U83,U85,3,7,2.3333333333333335,False
gemma4_31b,Q4_Cauda_Longa,11896456,transmembrane protein 7,C3orf25,9,12,1.3333333333333333,False
gemma4_31b,Q4_Cauda_Longa,38084631,PSMB8-AS1,PVT1,8,314,39.25,False
gemma4_31b,Q4_Cauda_Longa,38309317,LINC00645,LINC00662,1,28,28.0,False
gemma4_31b,Q4_Cauda_Longa,38630521,STMND1,SCN1A,3,400,133.33333333333334,False
gemma4_31b,Q4_Cauda_Longa,28212545,SNORA74B,SNORD3A,6,15,2.5,False
gemma4_31b,Q4_Cauda_Longa,31514068,LINC01210,LINC00662,3,28,9.333333333333334,False
gemma4_31b,Q4_Cauda_Longa,34115333,A1BG-AS1,LINC00662,3,28,9.333333333333334,False
gemma4_31b,Q2_Medios,17389591,ASK1,RIP1,333,136,0.4084084084084084,True
gemma4_31b,Q2_Medios,11522670,hepatocyte nuclear factor-1alpha,GCK,542,357,0.6586715867158671,False
gemma4_31b,Q2_Medios,27631815,PALB2,FANCM,287,109,0.3797909407665505,False
gemma4_31b,Q2_Medios,12549978,SRp55,SRp40,249,226,0.9076305220883534,False
gemma4_31b,Q2_Medios,21152410,STXBP2,STX11,101,65,0.6435643564356436,False
gemma4_31b,Q2_Medios,35485293,CX3CL1,SULF1,347,129,0.37175792507204614,False
gemma4_31b,Q2_Medios,1373877,JAK1,BMX,535,86,0.16074766355140188,False
gemma4_31b,Q2_Medios,17690039,death-associated protein kinase,CDKN1A,293,1844,6.293515358361775,False
gemma4_31b,Q2_Medios,23102494,PGF,FLT1,429,834,1.944055944055944,False
gemma4_31b,Q2_Medios,19167348,MicroRNA-146a,miR-21,952,1580,1.6596638655462186,False
gemma4_31b,Q2_Medios,16110781,mannose binding lectin,TNF,863,6448,7.471610660486674,False
gemma4_31b,Q2_Medios,17333166,"SPINK1, -2, -4, and -5",SPINK4,261,13,0.04980842911877394,True
gemma4_31b,Q2_Medios,28373534,BSG,ZNF420,780,22,0.028205128205128206,False
gemma4_31b,Q2_Medios,23119111,CD30,Ki-67,237,1035,4.367088607594937,False
gemma4_31b,Q2_Medios,31866421,GAS5,H19,264,570,2.159090909090909,False
gemma4_31b,Q2_Medios,30242148,N-cadherin,Snail2,420,422,1.0047619047619047,False
gemma4_31b,Q2_Medios,17079677,Ataxin-3,AT3,333,1,0.003003003003003003,True
gemma4_31b,Q2_Medios,19197262,INSIG2,FTO,119,1053,8.84873949579832,False
gemma4_31b,Q2_Medios,24948143,nephrin,SHROOM3,162,89,0.5493827160493827,False
gemma4_31b,Q2_Medios,17544371,TRAF1,TRAF6,242,875,3.615702479338843,False
gemma4_31b,Q2_Medios,26188124,mortalin-2,c-Myc,573,2704,4.719022687609075,False
gemma4_31b,Q2_Medios,12207353,ICOS,CTLA-4,191,1339,7.010471204188482,False
gemma4_31b,Q2_Medios,21474972,epithelial cell transforming sequence-2,Tiam1,164,196,1.1951219512195121,False
gemma4_31b,Q2_Medios,34311033,TRPC3,TRPC1,159,201,1.2641509433962264,False
gemma4_31b,Q2_Medios,31001272,SATB1,Sall4,234,204,0.8717948717948718,False
gemma4_31b,Q2_Medios,19833493,LDL receptor-related protein 6,LRP5,284,326,1.147887323943662,False
gemma4_31b,Q2_Medios,19674979,STAT4,TNFAIP3,310,541,1.7451612903225806,True
gemma4_31b,Q2_Medios,31836669,GCN2,mTOR,148,2569,17.35810810810811,False
gemma4_31b,Q2_Medios,31002345,USP9X,USP10,364,280,0.7692307692307693,False
gemma4_31b,Q2_Medios,16403013,CD2BP2,SYG1,140,61,0.4357142857142857,False
gemma4_31b,Q2_Medios,32044406,PRDM2,ADIPOQ,101,2464,24.396039603960396,False
gemma4_31b,Q2_Medios,18952063,Cofilin,Myo1c,510,254,0.4980392156862745,False
gemma4_31b,Q2_Medios,31910357,HMGA2,LRP6,534,284,0.5318352059925093,False
gemma4_31b,Q2_Medios,25658015,CD49b,CD13,473,182,0.38477801268498946,False
gemma4_31b,Q2_Medios,12645871,XPD,XPA,926,273,0.29481641468682507,False
gemma4_31b,Q2_Medios,28743511,Raf-1,PDK1,712,165,0.23174157303370788,False
gemma4_31b,Q2_Medios,30828789,RIPK1,c-FLIP,551,402,0.7295825771324864,False
gemma4_31b,Q2_Medios,24446252,X-linked inhibitor of apoptosis,S100A11,687,159,0.2314410480349345,False
gemma4_31b,Q2_Medios,18295452,vascular endothelial growth factor-C,p16,497,1,0.002012072434607646,False
gemma4_31b,Q2_Medios,20220260,CCR2,CCR1,553,175,0.31645569620253167,False
gemma4_31b,Q2_Medios,20438829,CHRNA5,CHRNA4,269,218,0.8104089219330854,False
gemma4_31b,Q2_Medios,36181054,PLK1,TOP2A,935,692,0.7401069518716578,False
gemma4_31b,Q2_Medios,20808827,SRF,NRF1,233,125,0.5364806866952789,False
gemma4_31b,Q2_Medios,27694898,Prefoldin 1,PFDN3,102,122,1.196078431372549,False
gemma4_31b,Q3_Baixa_Popularidade,16858508,POU3F2,RFC1,69,255,3.6956521739130435,False
gemma4_31b,Q3_Baixa_Popularidade,26196590,SLC22A18,SSTR2,45,206,4.5777777777777775,False
gemma4_31b,Q3_Baixa_Popularidade,37958512,ZNF714,ZNF609,18,81,4.5,False
gemma4_31b,Q3_Baixa_Popularidade,27760195,Prolyl Oligopeptidase,MME,95,372,3.9157894736842107,False
gemma4_31b,Q3_Baixa_Popularidade,35618211,MAGEB2,MAGEA3,58,104,1.793103448275862,False
gemma4_31b,Q3_Baixa_Popularidade,26427795,CREB3L3,LPL,33,787,23.848484848484848,False
gemma4_31b,Q3_Baixa_Popularidade,32562573,PEAR1,PTGS1,45,284,6.311111111111111,False
gemma4_31b,Q3_Baixa_Popularidade,26892079,MARCO,CD169,59,79,1.3389830508474576,False
gemma4_31b,Q3_Baixa_Popularidade,29620236,RGS1,RGS4,69,142,2.0579710144927534,False
gemma4_31b,Q3_Baixa_Popularidade,37950760,FIG4,HSPB1,65,832,12.8,False
gemma4_31b,Q3_Baixa_Popularidade,17211733,carcinoembryonic antigen,CEA,47,16,0.3404255319148936,False
gemma4_31b,Q3_Baixa_Popularidade,30457983,ATPase II,PLSCR1,51,134,2.627450980392157,False
gemma4_31b,Q3_Baixa_Popularidade,9674711,HEK2,EphA2,65,456,7.015384615384615,False
gemma4_31b,Q3_Baixa_Popularidade,29550188,Eyes Shut Homolog,NPHP1,75,96,1.28,False
gemma4_31b,Q3_Baixa_Popularidade,30092222,miR-190,miR-21,35,1580,45.142857142857146,False
gemma4_31b,Q3_Baixa_Popularidade,36597175,SNIP1,E2F3,89,225,2.5280898876404496,False
gemma4_31b,Q3_Baixa_Popularidade,33852835,TIMMDC1,NDUFAF2,75,66,0.88,False
gemma4_31b,Q3_Baixa_Popularidade,30324420,NR2E3,PRPH2,70,121,1.7285714285714286,False
gemma4_31b,Q3_Baixa_Popularidade,38294104,TIM22,TIM17,33,37,1.121212121212121,False
gemma4_31b,Q3_Baixa_Popularidade,28824047,Osteoglycin,Periostin,76,415,5.4605263157894735,False
gemma4_31b,Q3_Baixa_Popularidade,36830709,KIF12,DLG4,23,120,5.217391304347826,False
gemma4_31b,Q3_Baixa_Popularidade,10082655,DOC-1R,DRG1,23,331,14.391304347826088,False
gemma4_31b,Q3_Baixa_Popularidade,36434627,SPAG16,TNFRSF1B,26,552,21.23076923076923,False
gemma4_31b,Q3_Baixa_Popularidade,34650124,GNG7,ADCY5,49,86,1.7551020408163265,False
gemma4_31b,Q3_Baixa_Popularidade,29514856,Samp1,Nup153,74,266,3.5945945945945947,False
gemma4_31b,Q3_Baixa_Popularidade,29098769,galectin-12,LGALS3,17,1065,62.64705882352941,False
gemma4_31b,Q3_Baixa_Popularidade,24223182,SPRY4-IT1,MALAT1,51,682,13.372549019607844,False
gemma4_31b,Q3_Baixa_Popularidade,33469885,ADAMTS18,CDH17,40,71,1.775,False
gemma4_31b,Q3_Baixa_Popularidade,22267732,TULA-2,SHP-1,75,468,6.24,False
gemma4_31b,Q3_Baixa_Popularidade,36951484,USP32,USP22,55,195,3.5454545454545454,False
gemma4_31b,Q3_Baixa_Popularidade,26722434,Contactin 1,NCAM1,97,409,4.216494845360825,False
gemma4_31b,Q3_Baixa_Popularidade,28383551,p45 NF-E2,Nrf2,83,121,1.4578313253012047,False
gemma4_31b,Q3_Baixa_Popularidade,18029424,KIN17,Nrf2,72,121,1.6805555555555556,False
gemma4_31b,Q3_Baixa_Popularidade,29974973,LIPH,KRT17,56,222,3.9642857142857144,False
gemma4_31b,Q3_Baixa_Popularidade,24190897,Soggy,BMP4,23,513,22.304347826086957,False
gemma4_31b,Q3_Baixa_Popularidade,25449536,CCL4L2,CCL5,36,821,22.805555555555557,False
gemma4_31b,Q3_Baixa_Popularidade,20876810,UGT2B17,UGT2B15,98,96,0.9795918367346939,False
gemma4_31b,Q3_Baixa_Popularidade,29126969,SNHG16,LINC00662,97,28,0.28865979381443296,False
gemma4_31b,Q3_Baixa_Popularidade,20692050,Glypican-5,Sema3A,69,204,2.9565217391304346,False
gemma4_31b,Q3_Baixa_Popularidade,17882223,KIR2DS3,KIR2DL2,99,175,1.7676767676767677,True
gemma4_31b,Q3_Baixa_Popularidade,20921899,CMKLR1,CCR2,91,553,6.076923076923077,False
gemma4_31b,Q3_Baixa_Popularidade,28759956,Fer-1-like protein 4,NEAT1,38,473,12.447368421052632,False
gemma4_31b,Q3_Baixa_Popularidade,16617106,Su48,CEP135,57,71,1.2456140350877194,False
gemma4_31b,Q3_Baixa_Popularidade,26054975,miR-573,miR-145,19,664,34.94736842105263,False
gemma4_31b,Q3_Baixa_Popularidade,17426099,PAX4,HNF1A,76,542,7.131578947368421,False
gemma4_31b,Q3_Baixa_Popularidade,24899684,DDX43,DDX5,44,541,12.295454545454545,False
gemma4_31b,Q3_Baixa_Popularidade,34781077,KIF15,HSP90AB1,82,649,7.914634146341464,False
gemma4_31b,Q3_Baixa_Popularidade,29697486,ETV2,Ets1,32,454,14.1875,False
gemma4_31b,Q3_Baixa_Popularidade,28270545,TMEM165,COG5,90,59,0.6555555555555556,False
gemma4_31b,Q3_Baixa_Popularidade,24098452,CCNJ,SIRT1,17,1828,107.52941176470588,False
gemma4_31b,Q3_Baixa_Popularidade,31285420,4-hydroxyphenylpyruvate dioxygenase,TAT,37,41,1.1081081081081081,False
gemma4_31b,Q3_Baixa_Popularidade,17355957,ZnT5,SLC30A1,60,97,1.6166666666666667,False
gemma4_31b,Q3_Baixa_Popularidade,37189200,OTOF,PCDH15,80,128,1.6,False
gemma4_31b,Q3_Baixa_Popularidade,22223847,Nkx2.8,NKX2-1,22,336,15.272727272727273,False
gemma4_31b,Q3_Baixa_Popularidade,35108062,CECR2,BRD4,34,524,15.411764705882353,False
gemma4_31b,Q3_Baixa_Popularidade,17137291,NY-ESO-1,MAGE-C2,26,61,2.3461538461538463,False
gemma4_31b,Q3_Baixa_Popularidade,38480859,MKRN1,TOP2A,58,692,11.931034482758621,False
gemma4_31b,Q3_Baixa_Popularidade,34697154,Kallikrein 11,SIRT1,58,1828,31.517241379310345,False
gemma4_31b,Q3_Baixa_Popularidade,22116073,DNMT3L,SYCP3,55,43,0.7818181818181819,False
gemma4_31b,Q3_Baixa_Popularidade,33361334,FAM83F,FAM83A,21,48,2.2857142857142856,False
gemma4_31b,Q3_Baixa_Popularidade,38280429,FOXS1,SMAD7,25,408,16.32,False
gemma4_31b,Q3_Baixa_Popularidade,23041287,calcium-modulating cyclophilin ligand,GET1,85,31,0.36470588235294116,False
gemma4_31b,Q3_Baixa_Popularidade,26813458,TP53INP1,ATG16L,70,314,4.485714285714286,False
gemma4_31b,Q3_Baixa_Popularidade,10825153,Cabin1,HDAC5,81,223,2.753086419753086,False
gemma4_31b,Q3_Baixa_Popularidade,27008867,C8ORF37,CEP290,25,173,6.92,False
gemma4_31b,Q4_Cauda_Longa,36038548,LINC00239,LINC00662,4,28,7.0,False
gemma4_31b,Q4_Cauda_Longa,8001978,RPL7P,RPL7,2,344,172.0,True
gemma4_31b,Q4_Cauda_Longa,36161911,TMEM95,IZUMO1,9,25,2.7777777777777777,False
gemma4_31b,Q4_Cauda_Longa,26078803,CXorf49,C1orf112,2,31,15.5,False
gemma4_31b,Q4_Cauda_Longa,18537981,GLC3B,GLC3A,2,592,296.0,False
gemma4_31b,Q4_Cauda_Longa,18364739,PSORS5,PSORS2,6,84,14.0,False
gemma4_31b,Q4_Cauda_Longa,34019714,RBM5-AS1,LINC00662,9,28,3.111111111111111,False
gemma4_31b,Q4_Cauda_Longa,33174047,LINC01535,LINC00662,5,28,5.6,False
gemma4_31b,Q4_Cauda_Longa,37848981,Linc00969,LINC00662,8,28,3.5,False
gemma4_31b,Q4_Cauda_Longa,21701570,TMEM212,FTO,9,1053,117.0,False
gemma4_31b,Q4_Cauda_Longa,37225681,PAXIP1-AS1,LINC00662,5,28,5.6,False
gemma4_31b,Q4_Cauda_Longa,31300455,ZC3H11B,KCNJ1,9,63,7.0,False
gemma4_31b,Q4_Cauda_Longa,28895409,ASAP1-IT1,LINC00662,5,28,5.6,False
gemma4_31b,Q4_Cauda_Longa,18454873,PCAN1,PSA,8,477,59.625,False
gemma4_31b,Q4_Cauda_Longa,33401249,FAM138B,linc00662,5,28,5.6,False
gemma4_31b,Q4_Cauda_Longa,2340091,NATP,NAT3,5,33,6.6,False
gemma4_31b,Q4_Cauda_Longa,34132072,LINC01508,LINC00662,3,28,9.333333333333334,False
gemma4_31b,Q4_Cauda_Longa,26291312,LUADT1,LINC00657,6,97,16.166666666666668,False
gemma4_31b,Q4_Cauda_Longa,32306523,RSF1-IT2,MALAT1,1,682,682.0,False
gemma4_31b,Q4_Cauda_Longa,31421822,EIF3J-AS1,LINC00662,6,28,4.666666666666667,False
gemma4_31b,Q4_Cauda_Longa,15820313,C14ORF19,C14ORF12,2,1,0.5,False
gemma4_31b,Q4_Cauda_Longa,33965958,ARAP1-AS1,LINC00662,9,28,3.111111111111111,False
gemma4_31b,Q4_Cauda_Longa,38568442,HLA-F antisense RNA 1,LINC00657,8,97,12.125,False
gemma4_31b,Q4_Cauda_Longa,28034876,DTHD1,CASP8,9,983,109.22222222222223,False
gemma4_31b,Q4_Cauda_Longa,32769868,miR-4293,MTHFR,8,3864,483.0,False
gemma4_31b,Q4_Cauda_Longa,32282962,Osteoclast stimulatory transmembrane protein,S100A4,5,408,81.6,False
gemma4_31b,Q4_Cauda_Longa,29917257,MHRT,NEAT1,7,473,67.57142857142857,False
gemma4_31b,Q4_Cauda_Longa,18669637,FGF-binding protein 3,hBP3,7,31,4.428571428571429,True
gemma4_31b,Q4_Cauda_Longa,32216054,LOC101928100,LINC00152,4,100,25.0,False
gemma4_31b,Q4_Cauda_Longa,24980697,PEG13,KCNK9,5,91,18.2,True
gemma4_31b,Q4_Cauda_Longa,33649783,RPLP0P2,SNHG12,8,67,8.375,False
gemma4_31b,Q4_Cauda_Longa,29945347,GACAT3,SNHG16,9,97,10.777777777777779,False
gemma4_31b,Q4_Cauda_Longa,26061759,MT-TF,MT-ND1,8,154,19.25,False
gemma4_31b,Q4_Cauda_Longa,36149758,LINC00960,LINC00690,6,1,0.16666666666666666,True
gemma4_31b,Q4_Cauda_Longa,31691516,LINC00426,NEAT1,4,473,118.25,False
gemma4_31b,Q4_Cauda_Longa,32351291,DNAH17-AS1,LINC00662,3,28,9.333333333333334,False
gemma4_31b,Q4_Cauda_Longa,32533688,LINC01207,SIAH2,7,133,19.0,False
gemma4_31b,Q4_Cauda_Longa,27779102,fatty acid-binding protein 9,FABP7,6,91,15.166666666666666,False
gemma4_31b,Q4_Cauda_Longa,36311770,METTL24,METTL16,4,80,20.0,False
gemma4_31b,Q4_Cauda_Longa,15607332,SLC5A9,SGLT6,9,20,2.2222222222222223,False
gemma4_31b,Q4_Cauda_Longa,12673650,MRX81,MRX16,1,742,742.0,False
gemma4_31b,Q4_Cauda_Longa,30964168,microRNA-4301,p21,6,7,1.1666666666666667,False
gemma4_31b,Q4_Cauda_Longa,33236153,EZR-AS1,SNHG12,3,67,22.333333333333332,False
gemma4_31b,Q4_Cauda_Longa,22547800,LRRC38,LRRC65,4,30,7.5,False
gemma4_31b,Q4_Cauda_Longa,32062699,SNORD44,SNORD3A,4,15,3.75,False
gemma4_31b,Q4_Cauda_Longa,39254474,TFAP2A-AS1,LINC00662,7,28,4.0,False
gemma4_31b,Q4_Cauda_Longa,10535461,NIDDM2,CIT,2,112,56.0,False
gemma4_31b,Q4_Cauda_Longa,17103222,FAM71B,SFPQ,9,468,52.0,False
gemma4_31b,Q4_Cauda_Longa,36028821,Hsa-miR-1248,hsa-miR-635,8,7,0.875,True
gemma4_31b,Q4_Cauda_Longa,25448679,HEPN1,GADD45B,8,80,10.0,False
gemma4_31b,Q4_Cauda_Longa,38139448,SNORD81,SNORD75,5,4,0.8,False
gemma4_31b,Q4_Cauda_Longa,36726346,LINC00886,LINC00518,7,14,2.0,False
gemma4_31b,Q4_Cauda_Longa,31197235,LINC00284,LINC00515,5,2,0.4,False
gemma4_31b,Q4_Cauda_Longa,15915442,SEPT13,SEPT14,7,21,3.0,False
gemma4_31b,Q4_Cauda_Longa,22094112,PANO,NPM1,2,1194,597.0,False
gemma4_31b,Q4_Cauda_Longa,31827084,XACT,XIST,5,263,52.6,False
gemma4_31b,Q4_Cauda_Longa,37582104,PAXIP1-AS1,LINC00662,5,28,5.6,False
gemma4_31b,Q4_Cauda_Longa,38498586,SNHG18,NEAT1,9,473,52.55555555555556,False
gemma4_31b,Q4_Cauda_Longa,35343265,LINC00092,LINC00662,6,28,4.666666666666667,False
gemma4_31b,Q4_Cauda_Longa,22643131,CTXN3,SLC12A3,8,169,21.125,False
gemma4_31b,Q4_Cauda_Longa,11486273,MS4A10,MS4A6A,9,28,3.111111111111111,True
gemma4_31b,Q4_Cauda_Longa,25432241,NATP,NAT3,5,33,6.6,True
gemma4_31b,Q4_Cauda_Longa,32130753,LOC100133669,LINC00662,4,28,7.0,False
gemma4_31b,Q4_Cauda_Longa,38493358,CLDN25,CLDN10,7,50,7.142857142857143,False
gemma4_31b,Q4_Cauda_Longa,37867401,LINC00501,LINC00662,3,28,9.333333333333334,False
gemma4_31b,Q4_Cauda_Longa,27649891,PRSS37,SPATA12,9,10,1.1111111111111112,False
gemma4_31b,Q4_Cauda_Longa,11381029,CDRT15,GPR126,6,71,11.833333333333334,False
gemma4_31b,Q4_Cauda_Longa,34768622,C1orf127,DNAH5,9,70,7.777777777777778,False
gemma4_31b,Q4_Cauda_Longa,37248611,miR-5193,miR-145,7,664,94.85714285714286,False
gemma4_31b,Q4_Cauda_Longa,19401682,AUTS1,AUTS2,2,91,45.5,False
gemma4_31b,Q4_Cauda_Longa,12130684,FMO6,FMO4,7,18,2.5714285714285716,False
gemma4_31b,Q4_Cauda_Longa,11747429,S100Z,S100A10,7,198,28.285714285714285,False
gemma4_31b,Q4_Cauda_Longa,36918789,LSAMP-AS1,LINC00662,1,28,28.0,False
gemma4_31b,Q4_Cauda_Longa,37084822,LINC00486,LINC00518,6,14,2.3333333333333335,False
gemma4_31b,Q4_Cauda_Longa,3446578,CSTP1,CST3,8,646,80.75,False
gemma4_31b,Q4_Cauda_Longa,14531651,Testis expressed sequence 13B,TCTE1L,7,41,5.857142857142857,True
gemma4_31b,Q4_Cauda_Longa,27272474,LINC00628,LINC00662,5,28,5.6,False
gemma4_31b,Q4_Cauda_Longa,32978449,LINC00336,SCNN1A,4,220,55.0,False
gemma4_31b,Q4_Cauda_Longa,33325089,miR-1587,miR-21,6,1580,263.3333333333333,False
gemma4_31b,Q4_Cauda_Longa,29346528,FLJ22447,LINC00517,3,2,0.6666666666666666,False
gemma4_31b,Q4_Cauda_Longa,32816024,miR-4454,MIR200c,9,353,39.22222222222222,False
gemma4_31b,Q4_Cauda_Longa,3481956,esterase B3,BCHE,1,276,276.0,False
gemma4_31b,Q4_Cauda_Longa,34339392,SPRR2C,PVT1,8,314,39.25,False
gemma4_31b,Q4_Cauda_Longa,27748806,lncUSMycN,PVT1,4,314,78.5,False
gemma4_31b,Q4_Cauda_Longa,28450954,LOC389332,LINC00662,3,28,9.333333333333334,False
gemma4_31b,Q4_Cauda_Longa,18844450,testis serine protease 1,TSP1,5,631,126.2,False
gemma4_31b,Q4_Cauda_Longa,30205394,miR-4633,miR-145,3,664,221.33333333333334,False
gemma4_31b,Q4_Cauda_Longa,40442284,RNU5B-1,RNU4-2,6,11,1.8333333333333333,True
gemma4_31b,Q4_Cauda_Longa,30131483,miR-718,miR-21,9,1580,175.55555555555554,True
gemma4_31b,Q4_Cauda_Longa,35300558,PTPRG-AS1,SNHG12,9,67,7.444444444444445,False
gemma4_31b,Q4_Cauda_Longa,39300525,SNHG22,SNHG12,7,67,9.571428571428571,False
gemma4_31b,Q4_Cauda_Longa,33562724,BCRP1,ABCG2,5,946,189.2,False
gemma4_31b,Q4_Cauda_Longa,36708020,DICER1-AS1,SNHG12,4,67,16.75,False
gemma4_31b,Q4_Cauda_Longa,20832056,SULT6B1,ZNF804A,9,140,15.555555555555555,False
gemma4_31b,Q4_Cauda_Longa,25410892,Otos,GJB2,9,861,95.66666666666667,False
gemma4_31b,Q4_Cauda_Longa,35679761,SNHG22,LINC00511,7,42,6.0,False
gemma4_31b,Q4_Cauda_Longa,31331909,FAM225A,LINC00662,7,28,4.0,False
gemma4_31b,Q4_Cauda_Longa,12032737,ERDA1,CACNA1C,6,398,66.33333333333333,False
gemma4_31b,Q4_Cauda_Longa,26003415,PPIEL,DLK1,8,188,23.5,False
gemma4_31b,Q4_Cauda_Longa,31280115,LINC00639,LINC00152,2,100,50.0,False
gemma4_31b,Q4_Cauda_Longa,33179755,LINC00861,LINC00662,3,28,9.333333333333334,False
gemma4_31b,Q4_Cauda_Longa,31158361,TONSL-AS1,LINC00662,4,28,7.0,False
gemma4_31b,Q4_Cauda_Longa,31702382,LINC00974,MALAT1,6,682,113.66666666666667,False
gemma4_31b,Q4_Cauda_Longa,38568058,LINC00524,LINC00662,1,28,28.0,False
gemma4_31b,Q4_Cauda_Longa,36721155,LINC01004,LINC00662,5,28,5.6,False
gemma4_31b,Q4_Cauda_Longa,18325041,DFNB45,DFNB21,1,50,50.0,False
gemma4_31b,Q4_Cauda_Longa,35184643,Long intergenic non-protein coding RNA 115,LINC00657,5,97,19.4,False
gemma4_31b,Q4_Cauda_Longa,9790502,BVR1,PVT1,2,314,157.0,True
gemma4_31b,Q4_Cauda_Longa,26458771,Tifab,RNF128,8,56,7.0,False
gemma4_31b,Q4_Cauda_Longa,33299501,FAM225B,LINC00152,8,100,12.5,False
gemma4_31b,Q4_Cauda_Longa,20068295,PXT1,PMP70,5,207,41.4,False
gemma4_31b,Q4_Cauda_Longa,36856111,LINC00992,LINC00517,5,2,0.4,False
gemma4_31b,Q4_Cauda_Longa,35088190,Linc00852,LINC00662,7,28,4.0,False
gemma4_31b,Q4_Cauda_Longa,20837016,LST-3TM12,ABCG8,7,137,19.571428571428573,True
gemma4_31b,Q4_Cauda_Longa,28926089,LINC00968,LINC00657,9,97,10.777777777777779,False
gemma4_31b,Q4_Cauda_Longa,23533661,C7ORF29,ZBED11,9,11,1.2222222222222223,False
gemma4_31b,Q4_Cauda_Longa,30991076,LINC01207,H19,7,570,81.42857142857143,False
gemma4_31b,Q4_Cauda_Longa,19030898,DFNA59,DFNB11,1,62,62.0,False
gemma4_31b,Q4_Cauda_Longa,33006432,FAM225A,LINC00662,7,28,4.0,False
gemma4_31b,Q4_Cauda_Longa,29416755,ADAM20,ADAM2,8,21,2.625,False
gemma4_31b,Q4_Cauda_Longa,23495172,C18orf62,SETBP1,8,86,10.75,False
gemma4_31b,Q4_Cauda_Longa,27787509,DINO,p53R2,5,104,20.8,False
gemma4_31b,Q4_Cauda_Longa,35663324,LINC01485,LINC00662,5,28,5.6,False
gemma4_31b,Q4_Cauda_Longa,35687049,LINC01614,LINC00657,9,97,10.777777777777779,False
gemma4_31b,Q4_Cauda_Longa,37960753,LINC01600,LINC00662,9,28,3.111111111111111,False
gemma4_31b,Q4_Cauda_Longa,30809827,FABP12,KRT17,9,222,24.666666666666668,False
gemma4_31b,Q4_Cauda_Longa,34617815,LINC00683,LINC00662,3,28,9.333333333333334,False
gemma4_31b,Q4_Cauda_Longa,38787854,MAMDC4,Numb,9,256,28.444444444444443,False
gemma4_31b,Q4_Cauda_Longa,30787392,LINC00336,LINC00662,4,28,7.0,False
gemma4_31b,Q4_Cauda_Longa,10922056,UBC4,CDC26,4,68,17.0,True
gemma4_31b,Q4_Cauda_Longa,32572878,Linc00703,SNHG12,4,67,16.75,False
gemma4_31b,Q4_Cauda_Longa,31982037,NHEG1,LINC00152,3,100,33.333333333333336,False
gemma4_31b,Q4_Cauda_Longa,36841801,LINC00543,LINC00662,2,28,14.0,False
gemma4_31b,Q4_Cauda_Longa,37263619,LRRC75A,KLF2,8,195,24.375,False
gemma4_31b,Q4_Cauda_Longa,16769699,SLED1,IFI27,4,73,18.25,True
gemma4_31b,Q4_Cauda_Longa,37955081,LINC01569,LINC00662,2,28,14.0,False
gemma4_31b,Q4_Cauda_Longa,28904974,MiR-3148,hsa-miR-20a,7,241,34.42857142857143,False
gemma4_31b,Q4_Cauda_Longa,36490268,CCDC175,RXRG,7,102,14.571428571428571,True
gemma4_31b,Q4_Cauda_Longa,11672774,HMGIYL1,HMGIY,3,452,150.66666666666666,True
gemma4_31b,Q4_Cauda_Longa,34789312,SNHG25,MALAT1,8,682,85.25,False
gemma4_31b,Q4_Cauda_Longa,12213198,TPM3L2,ACTN4,3,423,141.0,False
gemma4_31b,Q4_Cauda_Longa,9674898,DFNB17,DFNB68,2,102,51.0,False
gemma4_31b,Q4_Cauda_Longa,34308874,ATFB5,PITX2,3,226,75.33333333333333,False
gemma4_31b,Q4_Cauda_Longa,23303384,FONG,FTCD,9,30,3.3333333333333335,False
gemma4_31b,Q4_Cauda_Longa,34253104,LINC00942,LINC00511,3,42,14.0,False
gemma4_31b,Q4_Cauda_Longa,30429477,ARHGEF33,KRAS,7,3056,436.57142857142856,False
gemma4_31b,Q4_Cauda_Longa,32311343,LINC00612,LINC00662,5,28,5.6,False
gemma4_31b,Q4_Cauda_Longa,34787047,prostate cancer-associated transcript 18,LINC00662,7,28,4.0,False
gemma4_31b,Q4_Cauda_Longa,25298122,STL,ORAI1,3,407,135.66666666666666,False
gemma4_31b,Q4_Cauda_Longa,30914197,LOC730100,LINC00152,7,100,14.285714285714286,False
gemma4_31b,Q4_Cauda_Longa,25108386,C1orf141,IL12RB2,9,106,11.777777777777779,False
gemma4_31b,Q4_Cauda_Longa,21345374,Airn,ANRIL,8,325,40.625,False
gemma4_31b,Q4_Cauda_Longa,27342777,SOCS2-AS1,PRNCR1,9,32,3.5555555555555554,False
gemma4_31b,Q4_Cauda_Longa,34268074,LOC100505851,LINC00662,3,28,9.333333333333334,False
gemma4_31b,Q4_Cauda_Longa,37199315,LPP-AS2,LINC00662,5,28,5.6,False
gemma4_31b,Q4_Cauda_Longa,33566867,olfactory receptor family 51 subfamily j member 1,OR51E1,5,18,3.6,False
gemma4_31b,Q4_Cauda_Longa,23768067,C6orf70,Ire1,8,325,40.625,True
gemma4_31b,Q4_Cauda_Longa,17143515,MOST-1,MYC,4,2704,676.0,False
gemma4_31b,Q4_Cauda_Longa,23050561,OCA5,SLC45A2,1,82,82.0,False
gemma4_31b,Q4_Cauda_Longa,27460352,PCAT-14,PCGEM1,4,41,10.25,False
gemma4_31b,Q4_Cauda_Longa,31442606,LINC00997,LINC00662,3,28,9.333333333333334,False
gemma4_31b,Q4_Cauda_Longa,15958501,DFNA53,DFNA40,1,49,49.0,False
gemma4_31b,Q4_Cauda_Longa,24908062,RP11-462C24.1,LINC00662,9,28,3.111111111111111,False
gemma4_31b,Q4_Cauda_Longa,14676822,SULT6B1,SULT1E1,9,86,9.555555555555555,False
gemma4_31b,Q4_Cauda_Longa,31612616,miR-4510,miR-122,7,434,62.0,False
gemma4_31b,Q4_Cauda_Longa,29145177,CPS1-IT1,GAS5,6,264,44.0,False
gemma4_31b,Q4_Cauda_Longa,9387929,U22,U85,7,7,1.0,False
gemma4_31b,Q4_Cauda_Longa,24141781,DUNQU1,LINC00657,1,97,97.0,False
gemma4_31b,Q4_Cauda_Longa,28622593,linc00462,HULC,2,96,48.0,False
gemma4_31b,Q4_Cauda_Longa,37661873,LOC100130460,TUG1,8,235,29.375,False
gemma4_31b,Q4_Cauda_Longa,25842979,lncTCF7,LINC00657,5,97,19.4,False
gemma4_31b,Q4_Cauda_Longa,32720740,miR-5688,miR-145,3,664,221.33333333333334,False
gemma4_31b,Q4_Cauda_Longa,30496345,CCDC144NL-AS1,LINC00662,4,28,7.0,False
gemma4_31b,Q4_Cauda_Longa,32749762,ERICD,LINC00662,2,28,14.0,False
gemma4_31b,Q4_Cauda_Longa,14962666,MESTIT1,PEG10,4,135,33.75,False
gemma4_31b,Q4_Cauda_Longa,21667337,C9orf69,RBM3,7,137,19.571428571428573,False
gemma4_31b,Q4_Cauda_Longa,33771634,LINC01235,LINC00657,4,97,24.25,False
gemma4_31b,Q4_Cauda_Longa,1682866,His-1,Gin-1,2,16,8.0,True
gemma4_31b,Q4_Cauda_Longa,24906397,lncUSMycN,LINC00152,4,100,25.0,False
gemma4_31b,Q4_Cauda_Longa,30443961,SCARNA2,LINC00662,8,28,3.5,False
gemma4_31b,Q4_Cauda_Longa,28336556,MicroRNA-548p,miR-122,3,434,144.66666666666666,False
gemma4_31b,Q4_Cauda_Longa,16174644,ARSH,ARSJ,3,11,3.6666666666666665,True
gemma4_31b,Q4_Cauda_Longa,26210449,miR-3651,SIRT1,8,1828,228.5,False
gemma4_31b,Q4_Cauda_Longa,15526294,MRX82,MRX15,1,21,21.0,False
gemma4_31b,Q4_Cauda_Longa,29095316,LOC102724340,SNCG,1,133,133.0,False
gemma4_31b,Q4_Cauda_Longa,15676287,BEYLA,BPY2,3,15,5.0,True
gemma4_31b,Q4_Cauda_Longa,30317610,gastric cancer-associated transcript 3,LINC00662,9,28,3.111111111111111,False
gemma4_31b,Q4_Cauda_Longa,18347022,GPR20,GPR158,8,29,3.625,False
gemma4_31b,Q4_Cauda_Longa,16889908,PRNT,PRND,8,43,5.375,True
gemma4_31b,Q4_Cauda_Longa,36552724,OR10A3,OR51E1,8,18,2.25,False
gemma4_31b,Q4_Cauda_Longa,23118302,MS4A4E,PNPLA2,8,146,18.25,False
gemma4_31b,Q4_Cauda_Longa,38293907,UBAP1L,CPLANE1,6,45,7.5,False
gemma4_31b,Q4_Cauda_Longa,37801987,betaTrCP1,FBXO11,1,122,122.0,False
gemma4_31b,Q4_Cauda_Longa,38553452,SNHG26,LINC00662,4,28,7.0,False
gemma4_31b,Q4_Cauda_Longa,36182945,miR-1268a,miR-21,5,1580,316.0,False
gemma4_31b,Q4_Cauda_Longa,29367600,Transmembrane protein 170B,SFRP2,4,141,35.25,False
gemma4_31b,Q4_Cauda_Longa,34527595,WAC-AS1,SNHG15,7,45,6.428571428571429,False
gemma4_31b,Q4_Cauda_Longa,20228798,IL17REL,NOD2,7,1001,143.0,False
gemma4_31b,Q4_Cauda_Longa,11836362,DYX3,DYX1C1,2,58,29.0,False
gemma4_31b,Q4_Cauda_Longa,33910210,LINC01061,TERT,7,2104,300.57142857142856,False
gemma4_31b,Q4_Cauda_Longa,33968966,LINC00847,LINC00662,9,28,3.111111111111111,False
gemma4_31b,Q4_Cauda_Longa,32525601,LINC00853,LINC01419,6,7,1.1666666666666667,True
gemma4_31b,Q1_Super_Populares,27122154,HIF-1alpha,E2F1,3911,970,0.24801840961390947,False
gemma4_31b,Q1_Super_Populares,2469768,Fas,TNC,1262,331,0.2622820919175911,False
gemma4_31b,Q1_Super_Populares,18359883,IL-6,IL-8,5468,2502,0.45757132406730067,False
gemma4_31b,Q1_Super_Populares,22355348,VEGFA,C3,5214,759,0.14556962025316456,False
gemma4_31b,Q1_Super_Populares,25231232,heme oxygenase-1,Bcl-2,1207,2227,1.8450704225352113,False
gemma4_31b,Q1_Super_Populares,21245169,BRCA1,Rb,3456,1426,0.41261574074074076,False
gemma4_31b,Q1_Super_Populares,14661818,IFN-gamma,TNF,2159,6448,2.9865678554886523,False
gemma4_31b,Q1_Super_Populares,8881045,IL10,CYP2D6,3484,1089,0.31257175660160735,False
gemma4_31b,Q1_Super_Populares,32572911,CXCR4,SNAI2,2180,422,0.19357798165137616,False
gemma4_31b,Q1_Super_Populares,23255668,brain-derived neurotrophic factor,MTR,2560,491,0.191796875,False
gemma4_31b,Q1_Super_Populares,12666851,Methylene tetrahydrofolate reductase,LDLR,3864,897,0.23214285714285715,False
gemma4_31b,Q1_Super_Populares,27626171,RHOA,Src,1175,1520,1.2936170212765958,False
gemma4_31b,Q1_Super_Populares,27692705,BRCA2,CHEK2,2214,691,0.3121047877145438,False
gemma4_31b,Q1_Super_Populares,26549519,Bcl-2,Atg14,2227,129,0.057925460260440056,True
gemma4_31b,Q1_Super_Populares,23733877,Bcl-2,FOXP3,2227,1171,0.5258194881005838,False
gemma4_31b,Q1_Super_Populares,28463527,PARP-1,ATR,1610,107,0.06645962732919254,False
gemma4_31b,Q1_Super_Populares,39390397,FTO,ALKBH5,1053,173,0.16429249762583095,False
gemma4_31b,Q1_Super_Populares,15539626,interleukin-1beta,TNF,3216,6448,2.0049751243781095,False
gemma4_31b,Q1_Super_Populares,18752908,catechol-O-methyltransferase,GSTP1,2081,1727,0.829889476213359,False
gemma4_31b,Q1_Super_Populares,16306115,SDF1,JAK2,1471,1813,1.2324949014276003,False
gemma4_31b,Q1_Super_Populares,19861239,cJun,CREB3L1,1330,68,0.05112781954887218,False
gemma4_31b,Q1_Super_Populares,26676749,STAT1,STAT3,1158,3707,3.2012089810017272,False
gemma4_31b,Q1_Super_Populares,22178589,BRAF,TP53,2752,11629,4.225654069767442,False
gemma4_31b,Q1_Super_Populares,27111394,TGF-Beta 1,AKT,5008,3746,0.7480031948881789,False
gemma4_31b,Q1_Super_Populares,20430366,IL-6,TGFB1,5468,5008,0.9158741770299926,False
gemma4_31b,Q1_Super_Populares,33973090,PTEN,PUMA,2820,239,0.08475177304964539,False
gemma4_31b,Q1_Super_Populares,34520285,CXCL12,STAT3,1471,3707,2.520054384772264,False
gemma4_31b,Q1_Super_Populares,36401062,adiponectin,GH,2464,480,0.19480519480519481,False
gemma4_31b,Q1_Super_Populares,30898699,TLR2,SIRT1,1624,1828,1.125615763546798,False
gemma4_31b,Q1_Super_Populares,21184735,E-cadherin,TIMP3,2236,373,0.16681574239713776,False
gemma4_31b,Q1_Super_Populares,20730487,BRCA1/2,BRCA1,2214,3456,1.5609756097560976,False
gemma4_31b,Q1_Super_Populares,31983166,CXCR4,CD44,2180,1496,0.6862385321100918,False
gemma4_31b,Q1_Super_Populares,20832323,c-Met,VEGF,1421,5214,3.669247009148487,False
gemma4_31b,Q1_Super_Populares,16249002,monocyte chemoattractant protein-1,NOX4,1642,398,0.24238733252131547,False
gemma4_31b,Q1_Super_Populares,15380464,C-reactive protein,LPL,2459,787,0.3200488003253355,False
gemma4_31b,Q1_Super_Populares,24729086,GSTM1,GSTT1,2270,1900,0.8370044052863436,False
gemma4_31b,Q1_Super_Populares,16273766,Interleukin-18,TNF,1191,6448,5.413937867338371,False
gemma4_31b,Q1_Super_Populares,30468638,Beta2-adrenergic receptor,ADAM33,1130,161,0.1424778761061947,False
gemma4_31b,Q1_Super_Populares,17634443,histone deacetylase 1,SETDB1,1343,201,0.1496649292628444,False
gemma4_31b,Q1_Super_Populares,37353616,HSP90,CRM-1,1418,643,0.4534555712270804,True
gemma4_31b,Q1_Super_Populares,22921829,YAP,P300,1524,1409,0.9245406824146981,False
gemma4_31b,Q1_Super_Populares,25222025,Interleukin-1beta,MTHFR,3216,3864,1.2014925373134329,False
gemma4_31b,Q1_Super_Populares,20453884,Hdm2,MKRN1,2218,58,0.026149684400360685,False
gemma4_31b,Q1_Super_Populares,19875168,matrix metalloproteinases (MMPs) 2 and 9,MMP9,1978,3162,1.5985844287158746,True
gemma4_31b,Q1_Super_Populares,38064387,NF-kappaB,TNF-alpha,3397,6448,1.8981454224315573,False
gemma4_31b,Q1_Super_Populares,35931765,ACE2,CNTN1,1724,97,0.05626450116009281,False
gemma4_31b,Q1_Super_Populares,32581210,LMNA,Ttn,1094,474,0.43327239488117003,False
gemma4_31b,Q1_Super_Populares,25937083,ERK1/2,ERK,1498,2345,1.5654205607476634,True
gemma4_31b,Q1_Super_Populares,31679234,ABCB1,GSTP1,2567,1727,0.6727697701597195,False
gemma4_31b,Q1_Super_Populares,22138668,TGF-beta1,MUC1,5008,959,0.19149361022364217,False
gemma4_31b,Q1_Super_Populares,26242266,c-Met,E2F3,1421,225,0.15833919774806474,False
gemma4_31b,Q1_Super_Populares,22532139,Bcl-2,Fas,2227,1262,0.5666816344858554,False
gemma4_31b,Q2_Medios,22665368,MTRR,MTHFR,391,3864,9.882352941176471,False
gemma4_31b,Q2_Medios,31897529,BMP2,RUNX2,738,641,0.8685636856368564,False
gemma4_31b,Q2_Medios,20031582,HMGCR,LDLR,250,897,3.588,False
gemma4_31b,Q2_Medios,37578983,HUWE1,NEDD4,421,462,1.0973871733966747,False
gemma4_31b,Q2_Medios,36978108,Act1,NFKBIZ,102,66,0.6470588235294118,False
gemma4_31b,Q2_Medios,31210283,KCNQ1OT1,LINC00662,164,28,0.17073170731707318,False
gemma4_31b,Q2_Medios,28035363,IGFBP7,CASP12,195,49,0.2512820512820513,False
gemma4_31b,Q2_Medios,20495894,CEBPA,KIT,553,1173,2.121157323688969,False
gemma4_31b,Q2_Medios,24940653,CD63,CD151,252,185,0.7341269841269841,False
gemma4_31b,Q2_Medios,26884837,MiR-15b,miR-122,128,434,3.390625,False
gemma4_31b,Q2_Medios,20412587,CXCR5,CXCR4,139,2180,15.683453237410072,False
gemma4_31b,Q2_Medios,11867533,IGF2R,APC,342,1025,2.997076023391813,False
gemma4_31b,Q2_Medios,18547691,IL-4Ralpha,IL-13,480,740,1.5416666666666667,False
gemma4_31b,Q2_Medios,36129598,ANRIL,MALAT1,325,682,2.0984615384615384,False
gemma4_31b,Q2_Medios,34564711,E2F1,SNAI1,970,676,0.6969072164948453,False
gemma4_31b,Q2_Medios,37415738,KMT2C,KMT2D,177,285,1.6101694915254237,False
gemma4_31b,Q2_Medios,24219598,Cytokeratin-19,CA125,363,382,1.0523415977961432,False
gemma4_31b,Q2_Medios,35802146,NEDD4L,CHIP,395,686,1.7367088607594936,False
gemma4_31b,Q2_Medios,16843266,JAK3,FLT3,276,835,3.0253623188405796,False
gemma4_31b,Q2_Medios,19265433,manganese superoxide dismutase,SOD1,986,1331,1.3498985801217038,False
gemma4_31b,Q2_Medios,29288523,C-C motif ligand 5,CXCL12,821,1471,1.7917174177831912,False
gemma4_31b,Q2_Medios,29891694,gamma-glutamyl transferase 1,GCLC,267,150,0.5617977528089888,False
gemma4_31b,Q2_Medios,30409294,TLR3,STING,749,525,0.7009345794392523,False
gemma4_31b,Q2_Medios,20061558,DJ-1,MDM2,576,2218,3.8506944444444446,False
gemma4_31b,Q2_Medios,26718209,CCT8,JNK,362,1060,2.9281767955801103,True
gemma4_31b,Q2_Medios,37564210,vimentin,TJP1,970,441,0.45463917525773195,False
gemma4_31b,Q2_Medios,34842180,CHFR,UBE3A,118,427,3.6186440677966103,False
gemma4_31b,Q2_Medios,35220397,Atg13,ATG5,122,276,2.262295081967213,False
gemma4_31b,Q2_Medios,30431128,cIAP2,MDM2,310,2218,7.15483870967742,False
gemma4_31b,Q2_Medios,31770286,Drp1,SIRT1,467,1828,3.9143468950749463,False
gemma4_31b,Q2_Medios,23261530,toll-like receptor 5,NLRC4,259,92,0.3552123552123552,False
gemma4_31b,Q2_Medios,24517461,TSHR,TLR8,392,257,0.6556122448979592,False
gemma4_31b,Q2_Medios,12740341,S100A12,S100A8,151,534,3.5364238410596025,False
gemma4_31b,Q2_Medios,30805710,CD133,CD44,631,1496,2.370839936608558,False
gemma4_31b,Q2_Medios,18978792,PRKCQ,PTPN22,244,590,2.418032786885246,False
gemma4_31b,Q2_Medios,37960731,Splicing factor proline- and glutamine-rich,IGF2BP2,468,440,0.9401709401709402,False
gemma4_31b,Q2_Medios,37717099,USP10,FBXO11,280,122,0.4357142857142857,False
gemma4_31b,Q2_Medios,11035031,GSTO1-1,GSTP1,168,1727,10.279761904761905,False
gemma4_31b,Q2_Medios,33896830,uPA,KLK7,594,117,0.19696969696969696,False
gemma4_31b,Q2_Medios,21823217,MYL2,MYH7,110,350,3.1818181818181817,False
gemma4_31b,Q2_Medios,10713183,p21-activated kinase 1,PAK2,575,280,0.48695652173913045,False
gemma4_31b,Q2_Medios,32202508,ITGA2,SIRT1,473,1828,3.8646934460887947,False
gemma4_31b,Q2_Medios,30177839,GADD45alpha,p53,212,11629,54.85377358490566,True
gemma4_31b,Q2_Medios,32470140,Rheb,TSC2,200,543,2.715,False
gemma4_31b,Q2_Medios,9520398,RbAp48,SMRT,454,375,0.8259911894273128,False
gemma4_31b,Q2_Medios,24162852,LIMP-2,SCARB1,148,404,2.72972972972973,False
gemma4_31b,Q2_Medios,24911372,miR-185,miR-122,146,434,2.9726027397260273,False
gemma4_31b,Q2_Medios,25628040,neural cell adhesion molecule-1,JAM-A,409,182,0.4449877750611247,False
gemma4_31b,Q2_Medios,31412244,TOM40,VAPB,235,273,1.1617021276595745,False
gemma4_31b,Q2_Medios,30531326,Sox10,EMA,233,169,0.7253218884120172,False
gemma4_31b,Q2_Medios,11978801,CD40 ligand,CD40,547,627,1.146252285191956,True
gemma4_31b,Q2_Medios,24717336,Interleukin-6 receptor,AGTR1,518,996,1.9227799227799227,False
gemma4_31b,Q2_Medios,20098747,NEMO,TNFAIP3,563,541,0.9609236234458259,False
gemma4_31b,Q2_Medios,40209957,GLUT2,SLC2A9,119,172,1.4453781512605042,False
gemma4_31b,Q2_Medios,30459150,KDM4B,KDM4C,111,92,0.8288288288288288,False
gemma4_31b,Q2_Medios,33789112,DDX56,DDX17,135,419,3.1037037037037036,False
gemma4_31b,Q2_Medios,32533751,FLT3,NPM1,835,1194,1.429940119760479,False
gemma4_31b,Q2_Medios,23221578,IRS1,ADIPONECTIN,659,2464,3.738998482549317,False
gemma4_31b,Q2_Medios,32464244,IL12B,NOD2,601,1001,1.6655574043261232,False
gemma4_31b,Q2_Medios,15108285,TRIM37,SIM1,112,48,0.42857142857142855,False
gemma4_31b,Q2_Medios,35379950,CoREST,REST,188,276,1.4680851063829787,True
gemma4_31b,Q2_Medios,22976623,PAX9,IRF6,123,202,1.6422764227642277,False
gemma4_31b,Q2_Medios,23344954,Ku80,Ku70,720,754,1.0472222222222223,False
gemma4_31b,Q2_Medios,25562151,miR-34a,miR-21,766,1580,2.06266318537859,False
gemma4_31b,Q2_Medios,32692720,Mst1,TXNIP,106,297,2.80188679245283,False
gemma4_31b,Q2_Medios,33351100,PLK4,PLK1,166,935,5.632530120481928,False
gemma4_31b,Q2_Medios,26507355,EFTUD2,KDM2B,324,130,0.4012345679012346,False
gemma4_31b,Q2_Medios,26432333,miR-222,miR-21,286,1580,5.524475524475524,False
gemma4_31b,Q2_Medios,7884872,CD46,SLAM,255,107,0.4196078431372549,False
gemma4_31b,Q2_Medios,28465494,IRF-2,IRF1,110,398,3.618181818181818,False
gemma4_31b,Q2_Medios,23660400,COCH,SLC12A6,100,71,0.71,False
gemma4_31b,Q2_Medios,24304270,TPH2,SLC6A4,295,2401,8.138983050847457,False
gemma4_31b,Q2_Medios,18294255,NPPA,ADAM33,315,161,0.5111111111111111,False
gemma4_31b,Q2_Medios,16628003,AIF,PARP-1,470,45,0.09574468085106383,True
gemma4_31b,Q2_Medios,15121856,SPOP,ZNF385,218,30,0.13761467889908258,False
gemma4_31b,Q2_Medios,26146606,ERAP1,TAP1,267,53,0.19850187265917604,False
gemma4_31b,Q2_Medios,20717968,profilin-1,TRIOBP,368,98,0.266304347826087,True
gemma4_31b,Q2_Medios,34073604,SIRT6,AMPK,368,256,0.6956521739130435,False
gemma4_31b,Q2_Medios,34868829,ANRIL,LINC00662,325,28,0.08615384615384615,False
gemma4_31b,Q2_Medios,26125726,Fyn,Bcl-2,678,2227,3.284660766961652,True
gemma4_31b,Q2_Medios,27348078,glycyl-tRNA synthetase,SARS2,198,84,0.42424242424242425,False
gemma4_31b,Q2_Medios,18937499,IFN-alpha2,IFN-alpha,186,377,2.0268817204301075,False
gemma4_31b,Q2_Medios,29801457,M-CSF,SPI1,285,282,0.9894736842105263,False
gemma4_31b,Q2_Medios,17335815,CUB domain containing protein 1,CEACAM5,119,299,2.5126050420168067,False
gemma4_31b,Q3_Baixa_Popularidade,11078725,prenylcysteine lyase,NPC2,58,116,2.0,False
gemma4_31b,Q3_Baixa_Popularidade,28077445,IFIX,ZBP1,19,74,3.8947368421052633,False
gemma4_31b,Q3_Baixa_Popularidade,23325605,FAM20c,ENPP1,63,281,4.4603174603174605,False
gemma4_31b,Q3_Baixa_Popularidade,21321083,SUV420H2,SUV39H1,36,185,5.138888888888889,False
gemma4_31b,Q3_Baixa_Popularidade,18588884,Arl2,Arl3,98,77,0.7857142857142857,True
gemma4_31b,Q3_Baixa_Popularidade,15750039,DNAI1,DNAH11,40,56,1.4,False
gemma4_31b,Q3_Baixa_Popularidade,12759139,Leukotactin-1,CCL5,65,821,12.63076923076923,False
gemma4_31b,Q3_Baixa_Popularidade,17581768,PHKA2,PYGL,80,125,1.5625,False
gemma4_31b,Q3_Baixa_Popularidade,29534718,SPSB1,SPRY2,54,213,3.9444444444444446,False
gemma4_31b,Q3_Baixa_Popularidade,25755145,USP26,CYP11B1,51,129,2.5294117647058822,False
gemma4_31b,Q3_Baixa_Popularidade,33791682,TMEM218,CEP290,15,173,11.533333333333333,False
gemma4_31b,Q3_Baixa_Popularidade,17588684,HOXC9,E2F1,51,970,19.019607843137255,False
gemma4_31b,Q3_Baixa_Popularidade,23387408,Rab24,Rab11a,33,311,9.424242424242424,False
gemma4_31b,Q3_Baixa_Popularidade,35021853,mdig,ACE2,96,1724,17.958333333333332,True
gemma4_31b,Q3_Baixa_Popularidade,23349863,AROS,SIRT2,62,314,5.064516129032258,False
gemma4_31b,Q3_Baixa_Popularidade,19998449,BAMBI,LTBP2,64,99,1.546875,False
gemma4_31b,Q3_Baixa_Popularidade,22920728,Rab31,Rab27a,68,193,2.838235294117647,False
gemma4_31b,Q3_Baixa_Popularidade,16969476,TKTL1,TKT,70,225,3.2142857142857144,False
gemma4_31b,Q3_Baixa_Popularidade,24608966,VTI1A,SNAI1,66,676,10.242424242424242,False
gemma4_31b,Q3_Baixa_Popularidade,16784888,TM7SF2,SC4MOL,29,43,1.4827586206896552,False
gemma4_31b,Q3_Baixa_Popularidade,26888427,Ndufc2,Ndufs1,53,176,3.3207547169811322,False
gemma4_31b,Q3_Baixa_Popularidade,24378532,PLEKHG2,Tiam1,35,196,5.6,False
gemma4_31b,Q3_Baixa_Popularidade,30323624,UROC28,SNAI1,12,676,56.333333333333336,False
gemma4_31b,Q3_Baixa_Popularidade,11118034,PSGR,GPR15,31,49,1.5806451612903225,False
gemma4_31b,Q3_Baixa_Popularidade,30787304,PHLDA3,DAXX,29,385,13.275862068965518,False
gemma4_31b,Q3_Baixa_Popularidade,23995790,CKIP-1,Sost,65,331,5.092307692307692,False
gemma4_31b,Q3_Baixa_Popularidade,38309700,ZNF335,FURIN,32,345,10.78125,False
gemma4_31b,Q3_Baixa_Popularidade,27079220,TRPV3,TRPV1,83,481,5.795180722891566,False
gemma4_31b,Q3_Baixa_Popularidade,20817722,NPAS2,Clock,86,315,3.6627906976744184,True
gemma4_31b,Q3_Baixa_Popularidade,36399257,LINC01089,LINC00662,13,28,2.1538461538461537,False
gemma4_31b,Q3_Baixa_Popularidade,38834852,DTX3L,DXO,70,32,0.45714285714285713,False
gemma4_31b,Q3_Baixa_Popularidade,29240020,FGF18,DYX1C1,59,58,0.9830508474576272,False
gemma4_31b,Q3_Baixa_Popularidade,23788032,CPEB1,EIF4E,65,515,7.923076923076923,False
gemma4_31b,Q3_Baixa_Popularidade,15848047,PDCD2,PSMB1,51,254,4.980392156862745,False
gemma4_31b,Q3_Baixa_Popularidade,34048708,LSECtin,CD9,32,284,8.875,False
gemma4_31b,Q3_Baixa_Popularidade,22455811,POU3F4,OTOF,53,80,1.509433962264151,False
gemma4_31b,Q3_Baixa_Popularidade,21732829,RSPO2,LRP1,66,540,8.181818181818182,False
gemma4_31b,Q3_Baixa_Popularidade,32139259,TMPO-AS1,MALAT1,20,682,34.1,False
gemma4_31b,Q3_Baixa_Popularidade,31386624,AGAP2,ARHGAP2,66,63,0.9545454545454546,False
gemma4_31b,Q3_Baixa_Popularidade,26987071,TULP1,RPGR,49,184,3.7551020408163267,False
gemma4_31b,Q3_Baixa_Popularidade,20463552,STXBP5,SULT1A1,59,255,4.322033898305085,False
gemma4_31b,Q3_Baixa_Popularidade,18195106,syntaxin 10,GCC185,53,80,1.509433962264151,True
gemma4_31b,Q3_Baixa_Popularidade,24222123,acyl-CoA synthetase long-chain family member 5,CDH1,70,280,4.0,False
gemma4_31b,Q3_Baixa_Popularidade,21926972,ODZ4,CACNA1C,31,398,12.838709677419354,True
gemma4_31b,Q3_Baixa_Popularidade,10455022,Rab6C,Rab6a,29,183,6.310344827586207,False
gemma4_31b,Q3_Baixa_Popularidade,34086889,GPR34,P2Y5,31,54,1.7419354838709677,False
gemma4_31b,Q3_Baixa_Popularidade,22426282,Pbx3,PBX1,86,194,2.255813953488372,True
gemma4_31b,Q3_Baixa_Popularidade,15034568,CDC91L1,PIGW,64,19,0.296875,False
gemma4_31b,Q3_Baixa_Popularidade,38649821,SOX2OT,LINC00662,63,28,0.4444444444444444,False
gemma4_31b,Q3_Baixa_Popularidade,15906478,ATP5G1,ATP6V1G1,46,93,2.0217391304347827,False
gemma4_31b,Q3_Baixa_Popularidade,32426838,LINC00657,LINC00662,97,28,0.28865979381443296,False
gemma4_31b,Q3_Baixa_Popularidade,15595951,RBMY,T-STAR,50,93,1.86,True
gemma4_31b,Q3_Baixa_Popularidade,28370702,SMYD2,SETD2,93,215,2.3118279569892475,False
gemma4_31b,Q3_Baixa_Popularidade,16849634,GPD1,TRIM64,45,4,0.08888888888888889,False
gemma4_31b,Q3_Baixa_Popularidade,21521691,NEU4,NEU1,32,162,5.0625,False
gemma4_31b,Q3_Baixa_Popularidade,22108903,TNFRSF17,NOD2,81,1001,12.358024691358025,False
gemma4_31b,Q3_Baixa_Popularidade,18343808,cellular retinol binding protein 1,CRABP1,89,53,0.5955056179775281,False
gemma4_31b,Q3_Baixa_Popularidade,32179649,ZNT6,ZNT8,65,247,3.8,False
gemma4_31b,Q3_Baixa_Popularidade,8798479,glia maturation factor,MAPKAPK2,40,195,4.875,False
gemma4_31b,Q3_Baixa_Popularidade,28790179,CCDC103,DNAH11,24,56,2.3333333333333335,False
gemma4_31b,Q3_Baixa_Popularidade,19005416,properdin,CFB,92,233,2.532608695652174,False
gemma4_31b,Q3_Baixa_Popularidade,37814093,MEG8,NEAT1,22,473,21.5,False
gemma4_31b,Q3_Baixa_Popularidade,7916003,CD79 alpha,CGM2,90,37,0.4111111111111111,False
gemma4_31b,Q3_Baixa_Popularidade,32655569,Helios,Il10,83,3484,41.975903614457835,False
gemma4_31b,Q3_Baixa_Popularidade,23953852,SGOL1,GABRA2,91,123,1.3516483516483517,False
gemma4_31b,Q3_Baixa_Popularidade,35145093,KRT82,KRTAP1-1,23,9,0.391304347826087,False
gemma4_31b,Q3_Baixa_Popularidade,20139089,ClC-3,CLIC4,95,126,1.3263157894736841,False
gemma4_31b,Q3_Baixa_Popularidade,20952760,EphB6,EphA2,86,456,5.3023255813953485,False
gemma4_31b,Q3_Baixa_Popularidade,20693981,TIMP-4,CD147,74,780,10.54054054054054,False
gemma4_31b,Q3_Baixa_Popularidade,40982696,MIB2,FBXO2,66,72,1.0909090909090908,False
gemma4_31b,Q3_Baixa_Popularidade,17264173,CRYM,Crb1,49,117,2.3877551020408165,False
gemma4_31b,Q3_Baixa_Popularidade,12089149,CT2,SLC22A5,30,200,6.666666666666667,False
gemma4_31b,Q3_Baixa_Popularidade,30583076,Med19,SND1,79,313,3.962025316455696,False
gemma4_31b,Q3_Baixa_Popularidade,33466733,MBNL2,IGF2BP2,48,440,9.166666666666666,False
gemma4_31b,Q3_Baixa_Popularidade,23217148,Rab27B,Sar1b,85,79,0.9294117647058824,False
gemma4_31b,Q3_Baixa_Popularidade,26563945,CRAM-A,ACKR3,31,285,9.193548387096774,False
gemma4_31b,Q3_Baixa_Popularidade,31732561,AREL1,RNF111,27,81,3.0,False
gemma4_31b,Q3_Baixa_Popularidade,29278703,Lhx2,TLX1,38,50,1.3157894736842106,False
gemma4_31b,Q3_Baixa_Popularidade,35840934,LZTR1,SMARCA4,75,771,10.28,False
gemma4_31b,Q3_Baixa_Popularidade,26123324,MIR137HG,MIR137,14,252,18.0,False
gemma4_31b,Q3_Baixa_Popularidade,35022017,TSPAN12,NRG1,61,571,9.360655737704919,False
gemma4_31b,Q3_Baixa_Popularidade,27630294,PRKX,WNT10A,30,82,2.7333333333333334,False
gemma4_31b,Q3_Baixa_Popularidade,30189201,SETD6,SETD8,30,127,4.233333333333333,False
gemma4_31b,Q3_Baixa_Popularidade,34312940,ADAMTS9-AS2,ADAMTS9-AS1,31,13,0.41935483870967744,False
gemma4_31b,Q3_Baixa_Popularidade,26917260,GHRH,JAM-A,82,182,2.2195121951219514,False
gemma4_31b,Q3_Baixa_Popularidade,30515917,NLRP6,NOD2,54,1001,18.537037037037038,False
gemma4_31b,Q3_Baixa_Popularidade,10570955,chondromodulin-I,CMP,28,38,1.3571428571428572,False
gemma4_31b,Q3_Baixa_Popularidade,24547928,TULP1,CRX,49,94,1.9183673469387754,False
gemma4_31b,Q3_Baixa_Popularidade,30684280,LINC00520,LINC00662,17,28,1.6470588235294117,False
gemma4_31b,Q3_Baixa_Popularidade,33203694,SKAP2,SULT1A1,56,255,4.553571428571429,False
gemma4_31b,Q3_Baixa_Popularidade,31959200,LINC01234,LINC00152,23,100,4.3478260869565215,False
gemma4_31b,Q3_Baixa_Popularidade,28390114,Transmembrane 9 Superfamily 3,SIRT1,89,1828,20.53932584269663,False
gemma4_31b,Q3_Baixa_Popularidade,28981099,SNHG20,LINC00662,29,28,0.9655172413793104,False
gemma4_31b,Q3_Baixa_Popularidade,28013291,SLC44A4,SLC44A1,35,58,1.6571428571428573,False
gemma4_31b,Q3_Baixa_Popularidade,26010150,UGT1A4,UGT1A6,94,133,1.4148936170212767,False
gemma4_31b,Q3_Baixa_Popularidade,16936762,SLITRK1,HTR2A,45,737,16.377777777777776,False
gemma4_31b,Q3_Baixa_Popularidade,34338998,ARHGAP6,PTEN,25,2820,112.8,False
gemma4_31b,Q3_Baixa_Popularidade,34624206,ZNF558,ZNF202,16,33,2.0625,False
gemma4_31b,Q3_Baixa_Popularidade,19461657,C18orf1,PTPRT,31,51,1.6451612903225807,False
gemma4_31b,Q3_Baixa_Popularidade,26993346,FAM46A,KIBRA,46,153,3.3260869565217392,False
gemma4_31b,Q3_Baixa_Popularidade,18986759,TRAK1,KIFAP3,66,69,1.0454545454545454,False
gemma4_31b,Q3_Baixa_Popularidade,40127622,DTX3,RNF146,33,57,1.7272727272727273,False
gemma4_31b,Q3_Baixa_Popularidade,34857952,DUSP4,DUSP5,93,60,0.6451612903225806,False
gemma4_31b,Q3_Baixa_Popularidade,23192843,p42.3,CKS1B,41,125,3.048780487804878,False
gemma4_31b,Q3_Baixa_Popularidade,30053862,TP53RK,OSGEP,59,69,1.1694915254237288,True
gemma4_31b,Q3_Baixa_Popularidade,21577013,GUCY2C,SSTR2,64,206,3.21875,False
gemma4_31b,Q3_Baixa_Popularidade,33116033,miR-520b,miR-145,31,664,21.419354838709676,False
gemma4_31b,Q3_Baixa_Popularidade,27782152,HULC,NEAT1,96,473,4.927083333333333,False
gemma4_31b,Q3_Baixa_Popularidade,26036949,DNAH14,CUX1,29,199,6.862068965517241,False
gemma4_31b,Q3_Baixa_Popularidade,7913891,HOXB3,HOXA3,47,45,0.9574468085106383,False
gemma4_31b,Q3_Baixa_Popularidade,30912129,SOX21-AS1,LINC00662,21,28,1.3333333333333333,False
gemma4_31b,Q3_Baixa_Popularidade,35139106,NKX3-2,SOX9,25,569,22.76,False
gemma4_31b,Q3_Baixa_Popularidade,19523119,Abl-interactor-2,SHANK2,83,82,0.9879518072289156,False
gemma4_31b,Q3_Baixa_Popularidade,32911886,galectin-10,S100A8,46,534,11.608695652173912,False
gemma4_31b,Q3_Baixa_Popularidade,38201288,Synaptopodin-2,ZASP,48,49,1.0208333333333333,False
gemma4_31b,Q3_Baixa_Popularidade,25970784,PTPRG,Sirt1,90,1828,20.31111111111111,False
gemma4_31b,Q3_Baixa_Popularidade,14676191,Mo25,STRAD,75,54,0.72,False
gemma4_31b,Q3_Baixa_Popularidade,10611343,p75,Siglec-8,56,39,0.6964285714285714,False
gemma4_31b,Q4_Cauda_Longa,32459848,BRCAT54,LINC00662,8,28,3.5,False
gemma4_31b,Q4_Cauda_Longa,21668797,ANKFN1,CHRNA5,9,269,29.88888888888889,False
gemma4_31b,Q4_Cauda_Longa,36002354,MIR3117,MIR155,8,920,115.0,False
gemma4_31b,Q4_Cauda_Longa,37612290,C12ORF40,TEX12,8,17,2.125,False
gemma4_31b,Q4_Cauda_Longa,15485837,TRAP2,RIP1,5,136,27.2,False
gemma4_31b,Q4_Cauda_Longa,8617492,IDDM11,IDDM1,2,1556,778.0,False
gemma4_31b,Q4_Cauda_Longa,32461121,LINC00998,LINC00662,8,28,3.5,False
gemma4_31b,Q4_Cauda_Longa,36933158,miR4458HG,LINC00662,3,28,9.333333333333334,False
gemma4_31b,Q4_Cauda_Longa,9284941,AACP,NAT3,5,33,6.6,False
gemma4_31b,Q4_Cauda_Longa,29864963,miR-610,PTEN,9,2820,313.3333333333333,False
gemma4_31b,Q4_Cauda_Longa,29424901,TUC338,LINC00657,9,97,10.777777777777779,False
gemma4_31b,Q4_Cauda_Longa,36715854,CEBPA-AS1,LINC00518,9,14,1.5555555555555556,False
gemma4_31b,Q4_Cauda_Longa,36952069,TGFBR3L,CGA,6,186,31.0,False
gemma4_31b,Q4_Cauda_Longa,24606728,RNU6B,SNORD44,7,4,0.5714285714285714,False
gemma4_31b,Q4_Cauda_Longa,31679434,UBE2QL1,UBC13,9,385,42.77777777777778,False
gemma4_31b,Q4_Cauda_Longa,18505454,USH1H,USH1G,2,44,22.0,False
gemma4_31b,Q4_Cauda_Longa,36252997,LINC00624,LINC00662,6,28,4.666666666666667,False
gemma4_31b,Q4_Cauda_Longa,1882841,CRIPTO,CR-1,7,120,17.142857142857142,True
gemma4_31b,Q4_Cauda_Longa,29207070,DIO3OS,LINC00662,5,28,5.6,False
gemma4_31b,Q4_Cauda_Longa,29202958,ZNF676,HLA-DQA1,6,838,139.66666666666666,False
gemma4_31b,Q4_Cauda_Longa,37654102,MT-TW,MT-TL1,9,86,9.555555555555555,False
gemma4_31b,Q4_Cauda_Longa,8920921,U14,U3,2,15,7.5,False
gemma4_31b,Q4_Cauda_Longa,35715331,LINC01559,LINC00662,8,28,3.5,False
gemma4_31b,Q4_Cauda_Longa,12634859,DFNA47,DFNA11,1,163,163.0,False
gemma4_31b,Q4_Cauda_Longa,41315668,C5orf66-AS1,LINC00662,6,28,4.666666666666667,False
gemma4_31b,Q4_Cauda_Longa,28771797,hsa-miR-600,hsa-miR-143,9,393,43.666666666666664,False
gemma4_31b,Q4_Cauda_Longa,16982625,Tctex2beta,DLC1,8,187,23.375,False
gemma4_31b,Q4_Cauda_Longa,39014929,USP30-AS1,LINC00518,7,14,2.0,False
gemma4_31b,Q4_Cauda_Longa,31332380,LOC642361,NOTCH2NLC,4,28,7.0,True
gemma4_31b,Q4_Cauda_Longa,39278369,FAM230B,SNHG12,9,67,7.444444444444445,False
gemma4_31b,Q4_Cauda_Longa,36583781,HAR1B,NEAT1,4,473,118.25,False
gemma4_31b,Q4_Cauda_Longa,11313754,DFNA18,DFNA12,2,50,25.0,False
gemma4_31b,Q4_Cauda_Longa,28957321,ZNF404,TBC1D3,9,26,2.888888888888889,False
gemma4_31b,Q4_Cauda_Longa,34830378,LINC01010,LINC00662,5,28,5.6,False
gemma4_31b,Q4_Cauda_Longa,30905893,LINC00202,LINC00662,3,28,9.333333333333334,False
gemma4_31b,Q4_Cauda_Longa,8934543,GML,GPNMB,9,142,15.777777777777779,False
gemma4_31b,Q4_Cauda_Longa,8559254,U25-,SNO,6,61,10.166666666666666,False
gemma4_31b,Q4_Cauda_Longa,24840790,c11orf45,C1orf107,9,61,6.777777777777778,False
gemma4_31b,Q4_Cauda_Longa,31800155,SH2D6,CAPG,6,96,16.0,True
gemma4_31b,Q4_Cauda_Longa,25317109,APeg3,Mest,4,89,22.25,False
gemma4_31b,Q4_Cauda_Longa,21980299,LOC154449,C6orf191,4,4,1.0,False
gemma4_31b,Q4_Cauda_Longa,10644448,PI8L1,PI11,3,100,33.333333333333336,False
gemma4_31b,Q4_Cauda_Longa,26308446,C22orf42,CASK,8,199,24.875,False
gemma4_31b,Q4_Cauda_Longa,28134766,IQCJ,C1orf112,9,31,3.4444444444444446,False
gemma4_31b,Q4_Cauda_Longa,21103834,PRO2268,NLRP1,2,201,100.5,False
gemma4_31b,Q4_Cauda_Longa,35156520,LINC00525,H19,9,570,63.333333333333336,False
gemma4_31b,Q4_Cauda_Longa,37620336,LINC00880,LINC00662,3,28,9.333333333333334,False
gemma4_31b,Q4_Cauda_Longa,30399588,LINC01510,LINC00662,8,28,3.5,False
gemma4_31b,Q4_Cauda_Longa,10100857,MYCL2,MYCL1,8,52,6.5,True
gemma4_31b,Q4_Cauda_Longa,35100495,SNORA71A,SNORD3A,6,15,2.5,False
gemma4_31b,Q4_Cauda_Longa,34927228,miR-3648,miR-21,9,1580,175.55555555555554,False
gemma4_31b,Q4_Cauda_Longa,22394158,DRGX,GNB3,6,429,71.5,False
gemma4_31b,Q4_Cauda_Longa,35759180,LINC01013,LINC00926,7,7,1.0,False
gemma4_31b,Q4_Cauda_Longa,38697447,FIBIN,SULF1,7,129,18.428571428571427,False
gemma4_31b,Q4_Cauda_Longa,26468016,TGFBR3L,ALK,6,837,139.5,False
gemma4_31b,Q4_Cauda_Longa,30266405,OLFML1,OLFM4,8,101,12.625,False
gemma4_31b,Q4_Cauda_Longa,27391432,Yiya,MALAT1,3,682,227.33333333333334,False
gemma4_31b,Q4_Cauda_Longa,21044875,SLC15A5,SLC10A6,7,15,2.142857142857143,True
gemma4_31b,Q4_Cauda_Longa,27874091,HMGA1P7,HMGA1P1,5,3,0.6,False
gemma4_31b,Q4_Cauda_Longa,27362534,miR-4639-,miR-145,4,664,166.0,False
gemma4_31b,Q4_Cauda_Longa,24882193,PER4,APOB,2,955,477.5,True
gemma4_31b,Q4_Cauda_Longa,10698202,HE2,RNase10,8,9,1.125,False
gemma4_31b,Q4_Cauda_Longa,31680049,LINC00540,SIRT1,3,1828,609.3333333333334,False
gemma4_31b,Q4_Cauda_Longa,22275255,C1orf192,SDHD,8,177,22.125,False
gemma4_31b,Q4_Cauda_Longa,28659570,Carcinoembryonic Antigen-related Cell Adhesion Molecule 20,PIRB,6,174,29.0,False
gemma4_31b,Q4_Cauda_Longa,32236626,ZNF710,CCND1,9,1799,199.88888888888889,False
gemma4_31b,Q4_Cauda_Longa,34766250,KRT18P55,NEAT1,6,473,78.83333333333333,False
gemma4_31b,Q4_Cauda_Longa,27644252,IRAIN,HOTAIR,3,503,167.66666666666666,False
gemma4_31b,Q4_Cauda_Longa,12160729,BCL8,AKAP15,6,35,5.833333333333333,False
gemma4_31b,Q4_Cauda_Longa,36071454,LINC01132,LINC00662,7,28,4.0,False
gemma4_31b,Q4_Cauda_Longa,9792872,RP24,RP4,1,248,248.0,False
gemma4_31b,Q4_Cauda_Longa,11056398,KCNQ1DN,NEK6,5,77,15.4,False
gemma4_31b,Q4_Cauda_Longa,35404406,LINC01510,LINC00662,8,28,3.5,False
gemma4_31b,Q4_Cauda_Longa,37789393,LINC00922,SFPQ,7,468,66.85714285714286,False
gemma4_31b,Q4_Cauda_Longa,20186789,ZNF630,ZNF423,5,54,10.8,False
gemma4_31b,Q4_Cauda_Longa,16596430,DFNB65,DFNB72,1,23,23.0,False
gemma4_31b,Q4_Cauda_Longa,30610803,LINC01170,LINC00518,2,14,7.0,False
gemma4_31b,Q4_Cauda_Longa,19888295,DFNB85,DFNB86,1,64,64.0,False
gemma4_31b,Q4_Cauda_Longa,11245978,DUX3,DUX4,7,146,20.857142857142858,False
gemma4_31b,Q4_Cauda_Longa,25476897,Linc00974,LINC00662,6,28,4.666666666666667,False
gemma4_31b,Q4_Cauda_Longa,38182548,LINC00629,LINC00662,6,28,4.666666666666667,False
gemma4_31b,Q4_Cauda_Longa,14627674,DFNA49,DFNA40,1,49,49.0,False
gemma4_31b,Q4_Cauda_Longa,29871690,MIR3065,MIR145,9,664,73.77777777777777,False
gemma4_31b,Q4_Cauda_Longa,23095746,Regulator of G-protein signaling-21,RGS2,4,169,42.25,False
gemma4_31b,Q4_Cauda_Longa,34496800,LINC00852,LINC00662,7,28,4.0,False
gemma4_31b,Q4_Cauda_Longa,36747161,WEE2-AS1,SNHG12,9,67,7.444444444444445,False
gemma4_31b,Q4_Cauda_Longa,33435769,miR-3615,SNHG12,7,67,9.571428571428571,False
gemma4_31b,Q4_Cauda_Longa,27764782,LINC01198,SNHG16,6,97,16.166666666666668,False
gemma4_31b,Q4_Cauda_Longa,37782686,LINC01485,LINC00662,5,28,5.6,False
gemma4_31b,Q4_Cauda_Longa,28327197,miR-3908,miR-145,3,664,221.33333333333334,False
gemma4_31b,Q4_Cauda_Longa,33206629,LINC01235,LINC00662,4,28,7.0,False
gemma4_31b,Q4_Cauda_Longa,36071306,SNHG25,LINC00662,8,28,3.5,False
gemma4_31b,Q4_Cauda_Longa,28628559,miR-1206,DICER1,6,652,108.66666666666667,False
gemma4_31b,Q4_Cauda_Longa,38756100,NUDT17,MMP9,7,3162,451.7142857142857,False
gemma4_31b,Q4_Cauda_Longa,21525244,Bet3L.,TRAPPC13,7,29,4.142857142857143,False
gemma4_31b,Q4_Cauda_Longa,34121925,Lipocalin 10,ST2,8,293,36.625,False
gemma4_31b,Q4_Cauda_Longa,37584416,LINC01559,LINC00662,8,28,3.5,False
gemma4_31b,Q4_Cauda_Longa,34204736,OR5H2,OR51E2,4,31,7.75,False
gemma4_31b,Q4_Cauda_Longa,37364417,FAM215A,SNHG16,8,97,12.125,False
gemma4_31b,Q4_Cauda_Longa,27371842,miR-449c,MAX,7,267,38.142857142857146,False
gemma4_31b,Q4_Cauda_Longa,11920285,PARK3,PARK2,3,992,330.6666666666667,False
gemma4_31b,Q4_Cauda_Longa,37890508,LINC01339,LINC00662,2,28,14.0,False
gemma4_31b,Q4_Cauda_Longa,33045317,LINC00922,LINC00662,7,28,4.0,False
gemma4_31b,Q4_Cauda_Longa,27510544,U6atac,U4atac,8,24,3.0,False
gemma4_31b,Q4_Cauda_Longa,19193627,SUNC1,CLCC1,9,107,11.88888888888889,False
gemma4_31b,Q4_Cauda_Longa,32099381,LINC01124,LINC00657,2,97,48.5,False
gemma4_31b,Q4_Cauda_Longa,16511635,SPG27,SPG13,2,755,377.5,False
gemma4_31b,Q4_Cauda_Longa,33068730,long intergenic non-coding RNA 01087,LINC00662,5,28,5.6,False
gemma4_31b,Q4_Cauda_Longa,32196572,LINC00689,LINC00662,7,28,4.0,False
gemma4_31b,Q4_Cauda_Longa,30121664,Linc00515,SNHG12,2,67,33.5,False
gemma4_31b,Q4_Cauda_Longa,35264071,CATIP antisense RNA 1,LINC00662,1,28,28.0,False
gemma4_31b,Q4_Cauda_Longa,23077621,miR-1206,miR-17-92,6,132,22.0,False
gemma4_31b,Q4_Cauda_Longa,15108195,ETM2,ET,6,44,7.333333333333333,False
gemma4_31b,Q4_Cauda_Longa,31655495,LOC105377871,CASC11,1,28,28.0,False
gemma4_31b,Q4_Cauda_Longa,30241482,RIPPLY3,NCOR1,9,404,44.888888888888886,False
gemma4_31b,Q4_Cauda_Longa,36056690,SNORA70E,SNORA42,2,10,5.0,False
gemma4_31b,Q4_Cauda_Longa,36934544,LINC01480,LINC00662,2,28,14.0,False
gemma4_31b,Q4_Cauda_Longa,24121108,NAT16,NAT8L,8,30,3.75,False
gemma4_31b,Q4_Cauda_Longa,35163220,miR4749,miR-21,6,1580,263.3333333333333,False
gemma4_31b,Q4_Cauda_Longa,17338636,PSMP,MSMB,8,104,13.0,False
gemma4_31b,Q4_Cauda_Longa,8026106,MRX14,MRX44,2,70,35.0,False
gemma4_31b,Q4_Cauda_Longa,17509818,Mimt1,Mest,4,89,22.25,False
gemma4_31b,Q4_Cauda_Longa,34588321,LINC01572,SNHG15,8,45,5.625,False
gemma4_31b,Q4_Cauda_Longa,29753758,miR-924,miR-122,4,434,108.5,False
gemma4_31b,Q4_Cauda_Longa,38396001,hsa-miR-7704,miR-122,4,434,108.5,False
gemma4_31b,Q4_Cauda_Longa,33506901,DBH-AS1,SNHG16,9,97,10.777777777777779,False
gemma4_31b,Q4_Cauda_Longa,27450454,GCASPC,PCGEM1,2,41,20.5,False
gemma4_31b,Q4_Cauda_Longa,36520299,miR-2053,ZEB1,6,656,109.33333333333333,False
gemma4_31b,Q4_Cauda_Longa,18065488,FXRbeta,NR1H4,4,320,80.0,False
gemma4_31b,Q4_Cauda_Longa,36951025,miR-448-3p,miR-145,3,664,221.33333333333334,False
gemma4_31b,Q4_Cauda_Longa,25558065,WDR93,C12orf40,6,8,1.3333333333333333,False
gemma4_31b,Q3_Baixa_Popularidade,28276201,GRHL3,VANGL2,54,81,1.5,False
llama3.3_70b,Q1_Super_Populares,17244614,heme oxygenase-1,MT1A,1207,90,0.07456503728251865,False
llama3.3_70b,Q1_Super_Populares,18037739,brain natriuretic peptide,ANP,1153,315,0.2732003469210755,False
llama3.3_70b,Q1_Super_Populares,20972462,E-cadherin,PTEN,2236,2820,1.2611806797853309,False
llama3.3_70b,Q1_Super_Populares,23867349,OPN,VEGFA,1206,5214,4.323383084577115,False
llama3.3_70b,Q1_Super_Populares,17704059,beta1 integrin,ITGA5,1513,503,0.33245208195637804,False
llama3.3_70b,Q1_Super_Populares,22590959,Sirt1,mTOR,1828,2569,1.4053610503282277,False
llama3.3_70b,Q1_Super_Populares,27595159,ICAM-1,IL23R,1358,415,0.30559646539027985,False
llama3.3_70b,Q1_Super_Populares,34293399,mTOR,LDHB,2569,320,0.12456208641494745,False
llama3.3_70b,Q1_Super_Populares,23359812,CTLA4,CD86,1339,255,0.19044062733383121,False
llama3.3_70b,Q1_Super_Populares,26931569,Tau,GRN,2221,615,0.2769022962629446,False
llama3.3_70b,Q1_Super_Populares,37392490,C-X-C chemokine receptor 4,CXCL12,2180,1471,0.6747706422018349,False
llama3.3_70b,Q1_Super_Populares,12086670,BCL2,Kit,2227,1173,0.5267175572519084,True
llama3.3_70b,Q1_Super_Populares,19254255,HLA DRB1,DRB1,2875,46,0.016,False
llama3.3_70b,Q1_Super_Populares,24142575,p300,p53,1409,11629,8.253371185237757,False
llama3.3_70b,Q1_Super_Populares,25735793,Beta-catenin,NF-kappaB,3367,3397,1.008910008910009,False
llama3.3_70b,Q1_Super_Populares,10842192,cyclooxygenase 2,NOS2,2314,18,0.007778738115816767,False
llama3.3_70b,Q1_Super_Populares,19188749,COX-2,VEGF,2314,5214,2.2532411408815904,False
llama3.3_70b,Q1_Super_Populares,11239517,HLA-DQB,GC,1556,401,0.2577120822622108,False
llama3.3_70b,Q1_Super_Populares,16044857,TLR4,TLR2,2778,1624,0.5845932325413967,False
llama3.3_70b,Q1_Super_Populares,18816594,c-myc,BRCA1,2704,3456,1.2781065088757397,False
llama3.3_70b,Q1_Super_Populares,20820192,BRCA1,Oct1,3456,253,0.07320601851851852,True
llama3.3_70b,Q1_Super_Populares,15592292,FAS,IL8,1262,2502,1.98256735340729,False
llama3.3_70b,Q1_Super_Populares,17207024,IL-4,CD14,1301,824,0.633358954650269,False
llama3.3_70b,Q1_Super_Populares,29148541,MYC,STAT3,2704,3707,1.370931952662722,True
llama3.3_70b,Q1_Super_Populares,8892658,beta1- and beta2-adrenoceptors,beta2,1130,139,0.12300884955752213,True
llama3.3_70b,Q1_Super_Populares,18683754,hMLH1,XRCC1,1112,1351,1.214928057553957,False
llama3.3_70b,Q1_Super_Populares,24280143,RHOA,SEMA3A,1175,204,0.17361702127659576,False
llama3.3_70b,Q1_Super_Populares,27423588,BIRC5,GRIA1,1365,162,0.11868131868131868,False
llama3.3_70b,Q1_Super_Populares,39191344,Mapk14,LC3,1467,397,0.27062031356509886,False
llama3.3_70b,Q1_Super_Populares,22673112,galectin-3,CRP,1065,1,0.0009389671361502347,False
llama3.3_70b,Q1_Super_Populares,31357837,IGF-1R,CRK,1274,345,0.2708006279434851,False
llama3.3_70b,Q1_Super_Populares,19953622,GSTT1,GSTM1,1900,2270,1.194736842105263,True
llama3.3_70b,Q1_Super_Populares,31661551,MMP2,TWIST1,1978,746,0.37714863498483314,False
llama3.3_70b,Q1_Super_Populares,37661113,HDAC1,TET2,1343,474,0.35294117647058826,False
llama3.3_70b,Q1_Super_Populares,12858534,HIF-1 alpha,VEGFA,3911,5214,1.3331628739452825,False
llama3.3_70b,Q1_Super_Populares,16009381,CYP1A1MspI,XRCC1,1118,1351,1.2084078711985689,False
llama3.3_70b,Q1_Super_Populares,22734943,beta-catenin,VEGFR2,3367,1105,0.3281853281853282,False
llama3.3_70b,Q1_Super_Populares,28256105,CYP2C19,CYP2D6,1111,1089,0.9801980198019802,True
llama3.3_70b,Q1_Super_Populares,30853520,TLR2,MyD88,1624,626,0.3854679802955665,True
llama3.3_70b,Q1_Super_Populares,36737794,CD54,CD133,1358,631,0.4646539027982327,False
llama3.3_70b,Q1_Super_Populares,38368381,specificity protein 1,RBBP7,1342,337,0.2511177347242921,True
llama3.3_70b,Q1_Super_Populares,15563891,APOE,HLA-DRB1,5224,2875,0.5503445635528331,False
llama3.3_70b,Q1_Super_Populares,18042361,von Willebrand factor,ApoE,1035,5224,5.047342995169082,False
llama3.3_70b,Q1_Super_Populares,24721839,C-kit,SNAI2,1173,422,0.3597612958226769,False
llama3.3_70b,Q1_Super_Populares,32285172,TGf-beta1,CSF1R,5008,275,0.05491214057507987,False
llama3.3_70b,Q1_Super_Populares,20377868,osteopontin,CA9,1206,366,0.3034825870646766,False
llama3.3_70b,Q1_Super_Populares,20971508,CD44,CD117,1496,1173,0.7840909090909091,False
llama3.3_70b,Q1_Super_Populares,21136273,heme oxygenase-1,TIMP1,1207,772,0.6396023198011599,False
llama3.3_70b,Q1_Super_Populares,21475975,RhoA,CD147,1175,780,0.6638297872340425,False
llama3.3_70b,Q1_Super_Populares,36172747,ctla-4,PD-1,1339,1252,0.935026138909634,False
llama3.3_70b,Q1_Super_Populares,11895912,hMLH1,XRCC3,1112,522,0.4694244604316547,False
llama3.3_70b,Q1_Super_Populares,16923217,GSTP1,GSTM1,1727,2270,1.3144180660104228,False
llama3.3_70b,Q1_Super_Populares,26635038,STAT1,STAT3,1158,3707,3.2012089810017272,False
llama3.3_70b,Q1_Super_Populares,29267651,GSTT1,GSTM3,1900,223,0.11736842105263158,False
llama3.3_70b,Q1_Super_Populares,30115631,E-cadherin,Oct4,2236,688,0.3076923076923077,False
llama3.3_70b,Q1_Super_Populares,37916628,CYP2D6,HMOX1,1089,1207,1.108356290174472,False
llama3.3_70b,Q1_Super_Populares,12855573,STAT1,STAT3,1158,3707,3.2012089810017272,False
llama3.3_70b,Q1_Super_Populares,15598682,RhoA,Rho,1175,248,0.21106382978723404,True
llama3.3_70b,Q1_Super_Populares,19479998,MCP-1,CSF1,1642,285,0.1735688185140073,False
llama3.3_70b,Q1_Super_Populares,30266980,interleukin-8,IL6,2502,5468,2.185451638689049,False
llama3.3_70b,Q1_Super_Populares,33502650,p65,NF-kappaB,1687,3397,2.013633669235329,True
llama3.3_70b,Q1_Super_Populares,12748184,RhoA,Rho,1175,248,0.21106382978723404,True
llama3.3_70b,Q1_Super_Populares,22499302,osteopontin,VEGF,1206,5214,4.323383084577115,False
llama3.3_70b,Q1_Super_Populares,29277264,MAPK14,PAI1,1467,1549,1.0558963871847307,False
llama3.3_70b,Q1_Super_Populares,29903026,IFN-gamma,IL-10,2159,3484,1.6137100509495137,True
llama3.3_70b,Q1_Super_Populares,35145272,CCND1,ATM,1799,1579,0.877709838799333,False
llama3.3_70b,Q1_Super_Populares,25192544,p300,CBP,1409,67,0.047551454932576294,False
llama3.3_70b,Q1_Super_Populares,29654697,c-Myc,p53,2704,11629,4.300665680473373,False
llama3.3_70b,Q1_Super_Populares,32541093,YAP1,VEGFA,1524,5214,3.421259842519685,False
llama3.3_70b,Q1_Super_Populares,19059448,serotonin transporter,HTR2A,2401,737,0.3069554352353186,False
llama3.3_70b,Q1_Super_Populares,22986536,Notch1,PI3K,1591,1725,1.0842237586423633,False
llama3.3_70b,Q1_Super_Populares,23653000,CXCL12,MDM2,1471,2218,1.5078178110129163,False
llama3.3_70b,Q1_Super_Populares,28164497,Cytochrome P450 1A1,XPD,1118,926,0.8282647584973166,False
llama3.3_70b,Q1_Super_Populares,30257941,ERbeta,SMAD4,1278,918,0.7183098591549296,False
llama3.3_70b,Q1_Super_Populares,30797824,HLA-C,HLA-G,1113,984,0.8840970350404312,False
llama3.3_70b,Q1_Super_Populares,16395669,GSTP1,NFE2L2,1727,1916,1.1094383323682686,False
llama3.3_70b,Q1_Super_Populares,18597093,VEGF,VDR,5214,2492,0.4779439969313387,False
llama3.3_70b,Q1_Super_Populares,19933216,GSTM1,SERPINA1,2270,763,0.33612334801762117,True
llama3.3_70b,Q1_Super_Populares,23568005,Cyclin D1,p53,1799,11629,6.464146748193441,False
llama3.3_70b,Q1_Super_Populares,15688415,NF-kappaB,Bcl-xL,3397,781,0.22990874300853695,False
llama3.3_70b,Q1_Super_Populares,15821810,factor V Leiden,MTHFR,1345,3864,2.8728624535315985,True
llama3.3_70b,Q1_Super_Populares,16414014,CYP1A1,AhR,1118,805,0.7200357781753131,True
llama3.3_70b,Q1_Super_Populares,23559006,GSK-3beta,mTOR,1566,2569,1.640485312899106,False
llama3.3_70b,Q1_Super_Populares,28956745,Peroxisome Proliferator-Activated Receptor-gamma2,NOS3,2278,22,0.009657594381035996,False
llama3.3_70b,Q1_Super_Populares,32916992,LRRK2,SIRT1,1110,1828,1.646846846846847,False
llama3.3_70b,Q1_Super_Populares,25051498,IFNgamma,IFN,2159,377,0.174617878647522,True
llama3.3_70b,Q1_Super_Populares,29358618,EZH2,TET2,1554,474,0.305019305019305,False
llama3.3_70b,Q1_Super_Populares,37816710,SIRT1,HSF1,1828,452,0.24726477024070023,True
llama3.3_70b,Q1_Super_Populares,20658730,Bcl-2,c-myc,2227,2704,1.2141894925909296,False
llama3.3_70b,Q1_Super_Populares,21169230,apolipoprotein E,ApoA1,5224,1129,0.21611791730474733,False
llama3.3_70b,Q1_Super_Populares,11229461,HLA-B27,TNF,2225,6448,2.897977528089888,True
llama3.3_70b,Q1_Super_Populares,16160620,dopamine D2 and D3 receptors,DRD3,1329,426,0.32054176072234764,True
llama3.3_70b,Q1_Super_Populares,21061795,bcl-2,HER2,2227,3357,1.5074090704984284,False
llama3.3_70b,Q1_Super_Populares,21320563,Toll-like receptor 2,TOLLIP,1624,169,0.10406403940886699,False
llama3.3_70b,Q1_Super_Populares,27535224,ATM,NF-kappaB,1579,3397,2.1513616212792908,True
llama3.3_70b,Q1_Super_Populares,17314097,NF-kappaB,NEMO,3397,563,0.1657344715925817,False
llama3.3_70b,Q1_Super_Populares,25245053,AKT1,WNT5A,3746,482,0.12867058195408435,False
llama3.3_70b,Q1_Super_Populares,17106238,p16,Kras,2699,3056,1.132271211559837,False
llama3.3_70b,Q1_Super_Populares,22883195,caveolin-1,ADIPONECTIN,1228,2464,2.006514657980456,False
llama3.3_70b,Q1_Super_Populares,25381333,CYP2D6,CYP3A4,1089,971,0.891643709825528,False
llama3.3_70b,Q1_Super_Populares,30704758,MMP9,MT1-MMP,3162,610,0.19291587602783047,False
llama3.3_70b,Q1_Super_Populares,20457620,NF-kappaB p65,NF-kappaB,1687,3397,2.013633669235329,True
llama3.3_70b,Q1_Super_Populares,23814118,plasminogen activator inhibitor-1,SERPINH1,1549,292,0.18850871530019367,False
llama3.3_70b,Q1_Super_Populares,25556445,insulin-like growth factor 1 receptor,BCL2L2,1274,130,0.10204081632653061,False
llama3.3_70b,Q1_Super_Populares,34256773,PD-L1,HIF1A,2649,3911,1.4764061910154775,False
llama3.3_70b,Q1_Super_Populares,15539430,Cyclin D1,NCoR2,1799,375,0.2084491384102279,False
llama3.3_70b,Q1_Super_Populares,18085494,interleukin-1alpha,TNF-alpha,1010,6448,6.3841584158415845,False
llama3.3_70b,Q1_Super_Populares,21832283,VEGF,VEGFR,5214,1105,0.2119294207901803,False
llama3.3_70b,Q1_Super_Populares,32921413,PPARgamma,GLUT4,2278,230,0.1009657594381036,False
llama3.3_70b,Q1_Super_Populares,33117339,IL18,IL12B,1191,601,0.5046179680940386,False
llama3.3_70b,Q1_Super_Populares,15667866,GSTM1,XRCC1,2270,1351,0.5951541850220264,False
llama3.3_70b,Q1_Super_Populares,15811326,p16,p53,2699,11629,4.308632826972953,False
llama3.3_70b,Q1_Super_Populares,19921474,matrix metalloproteinase-9,CD44,3162,1496,0.4731182795698925,False
llama3.3_70b,Q1_Super_Populares,27192561,STAT3,Smad3,3707,1034,0.2789317507418398,False
llama3.3_70b,Q1_Super_Populares,27354275,vascular endothelial growth factor,CRP,5214,1,0.00019179133103183735,False
llama3.3_70b,Q1_Super_Populares,17164408,IGF1,PI3K,2076,1725,0.8309248554913294,False
llama3.3_70b,Q1_Super_Populares,21049023,HLA-DRB1,DRB1,2875,46,0.016,False
llama3.3_70b,Q1_Super_Populares,21135555,brain-derived neurotrophic factor,TNF-alpha,2560,6448,2.51875,False
llama3.3_70b,Q1_Super_Populares,23270673,C-reactive protein,IL-6,2459,5468,2.2236681577877184,False
llama3.3_70b,Q1_Super_Populares,26096306,EZH2,MDM2,1554,2218,1.4272844272844274,False
llama3.3_70b,Q1_Super_Populares,21861665,CYP2C19,CYP3A5,1111,763,0.6867686768676867,False
llama3.3_70b,Q1_Super_Populares,23158993,Foxp3,IL7,1171,310,0.26473099914602904,False
llama3.3_70b,Q1_Super_Populares,25464604,integrin beta-3,ITGA2,1223,473,0.38675388389206866,False
llama3.3_70b,Q1_Super_Populares,29763840,interleukins 4 and 10,IL6,1301,5468,4.202920830130669,False
llama3.3_70b,Q1_Super_Populares,30902832,Her2,MYC,3357,2704,0.8054810843014596,False
llama3.3_70b,Q1_Super_Populares,33966039,EZH2,STAT3,1554,3707,2.3854568854568856,False
llama3.3_70b,Q1_Super_Populares,10640275,HDAC1,HDAC3,1343,512,0.3812360387192852,False
llama3.3_70b,Q1_Super_Populares,18175066,AGT,ACE,1161,2771,2.3867355727820843,False
llama3.3_70b,Q1_Super_Populares,19152241,interleukin-18,CYP1A1,1191,1118,0.9387069689336692,False
llama3.3_70b,Q1_Super_Populares,20693286,ERK1/2,ERK,1498,2345,1.5654205607476634,True
llama3.3_70b,Q1_Super_Populares,21590492,FAK,AKT,1103,3746,3.3961922030825025,True
llama3.3_70b,Q1_Super_Populares,29495952,c-Kit,FLT3,1173,835,0.711849957374254,False
llama3.3_70b,Q1_Super_Populares,31111520,p16,SPINK1,2699,261,0.09670248240088922,False
llama3.3_70b,Q1_Super_Populares,21948293,Vitamin d receptor,TP53,2492,11629,4.66653290529695,False
llama3.3_70b,Q1_Super_Populares,25854163,STAT3,SRF,3707,233,0.06285405988670084,False
llama3.3_70b,Q1_Super_Populares,37858201,p65,NF-kappaB,1687,3397,2.013633669235329,True
llama3.3_70b,Q1_Super_Populares,38779680,Plasminogen activator inhibitor-1,IL6,1549,5468,3.5300193673337636,False
llama3.3_70b,Q1_Super_Populares,15908432,GRP78,LRP1,1188,540,0.45454545454545453,False
llama3.3_70b,Q1_Super_Populares,17724596,toll-like receptor-4 and 8,CD14,2778,824,0.2966162706983441,False
llama3.3_70b,Q1_Super_Populares,24522376,Akt,PI3K,3746,1725,0.4604911906033102,True
llama3.3_70b,Q1_Super_Populares,27113703,CYP 3A4 and 1A1,CYP1A2,1118,512,0.45796064400715564,False
llama3.3_70b,Q1_Super_Populares,27846285,apolipoprotein A-I,LPL,1129,787,0.6970770593445527,False
llama3.3_70b,Q1_Super_Populares,30784360,NF-kappaB,PDGFR,3397,567,0.16691198115984693,True
llama3.3_70b,Q1_Super_Populares,19349390,interleukin-6,TNF-alpha,5468,6448,1.179224579370885,False
llama3.3_70b,Q1_Super_Populares,37379210,p53,NGLY1,11629,82,0.0070513371743056155,True
llama3.3_70b,Q1_Super_Populares,38159247,MDM2,p21,2218,7,0.0031559963931469793,False
llama3.3_70b,Q1_Super_Populares,10480607,von Willebrand factor,SERPINA1,1035,763,0.7371980676328502,False
llama3.3_70b,Q1_Super_Populares,29072241,"glutathione S-transferase T1, M1, and P1",GSTP1,2270,1727,0.7607929515418502,True
llama3.3_70b,Q1_Super_Populares,18021343,CYP2C19,VKORC1,1111,462,0.4158415841584158,False
llama3.3_70b,Q1_Super_Populares,21824286,ATM,p53,1579,11629,7.36478784040532,True
llama3.3_70b,Q1_Super_Populares,24127926,NF-kappaB p65,S100A4,1687,408,0.24184943687018376,False
llama3.3_70b,Q1_Super_Populares,31150457,EGFR,KRAS,6689,3056,0.4568694872178203,False
llama3.3_70b,Q1_Super_Populares,36807750,RB1,TP53,1426,11629,8.154978962131837,True
llama3.3_70b,Q1_Super_Populares,17141222,Src,PTEN,1520,2820,1.855263157894737,False
llama3.3_70b,Q1_Super_Populares,18155264,HLA-A and -B,CD4,1682,2027,1.2051129607609987,False
llama3.3_70b,Q1_Super_Populares,18237245,cyclin D1,XPD,1799,926,0.5147304057809894,False
llama3.3_70b,Q1_Super_Populares,27863403,BRAF,NRAS,2752,686,0.2492732558139535,False
llama3.3_70b,Q1_Super_Populares,9660747,p300,CBP,1409,67,0.047551454932576294,True
llama3.3_70b,Q1_Super_Populares,12761493,pRB,p53,1426,11629,8.154978962131837,True
llama3.3_70b,Q1_Super_Populares,19826003,CREB-binding protein,Cdh1,1018,280,0.275049115913556,False
llama3.3_70b,Q1_Super_Populares,27320800,Receptor for Advanced Glycation End-Product,TLR4,1028,2778,2.7023346303501947,False
llama3.3_70b,Q1_Super_Populares,30628725,FAK,SRC,1103,1520,1.3780598368087036,False
llama3.3_70b,Q1_Super_Populares,31018945,von Willebrand Factor,F2R,1035,414,0.4,False
llama3.3_70b,Q1_Super_Populares,17335808,Hypoxia-inducible factor 1alpha,SNAI1,3911,676,0.17284581948350805,False
llama3.3_70b,Q1_Super_Populares,19091404,cyclin D1,p27,1799,1,0.0005558643690939411,False
llama3.3_70b,Q1_Super_Populares,20932315,EP300,CBP,1409,67,0.047551454932576294,True
llama3.3_70b,Q1_Super_Populares,32646478,SOD1,VSX1,1331,53,0.039819684447783624,False
llama3.3_70b,Q1_Super_Populares,25344320,beta-catenin,PTEN,3367,2820,0.8375408375408375,False
llama3.3_70b,Q1_Super_Populares,28242758,EZH2,YAP1,1554,1524,0.9806949806949807,False
llama3.3_70b,Q1_Super_Populares,28402926,SDF-1,ROBO1,1471,203,0.1380013596193066,False
llama3.3_70b,Q1_Super_Populares,37554278,PTK2,NF-kappaB,1103,3397,3.0797824116047146,True
llama3.3_70b,Q1_Super_Populares,24078094,CDKN1B,XRCC1,1107,1351,1.2204155374887082,False
llama3.3_70b,Q1_Super_Populares,24963148,MCP-1,TNF-alpha,1642,6448,3.9269183922046285,False
llama3.3_70b,Q1_Super_Populares,25311665,STAT1,STAT3,1158,3707,3.2012089810017272,False
llama3.3_70b,Q1_Super_Populares,22389297,FOXP3,CD44,1171,1496,1.2775405636208368,False
llama3.3_70b,Q1_Super_Populares,11122213,IL-4,CD14,1301,824,0.633358954650269,False
llama3.3_70b,Q1_Super_Populares,19621391,Cyclooxygenase-2,COX-2,2314,164,0.07087294727744166,True
llama3.3_70b,Q1_Super_Populares,21673190,BiP,HSPA8,1188,1007,0.8476430976430976,False
llama3.3_70b,Q1_Super_Populares,21675959,p53,Edr2,11629,87,0.007481296758104738,True
llama3.3_70b,Q1_Super_Populares,37312615,miR-21,PD-L1,1580,2649,1.6765822784810127,False
llama3.3_70b,Q1_Super_Populares,15572666,p21,Bax,1844,1126,0.6106290672451193,True
llama3.3_70b,Q1_Super_Populares,20595916,IL-1RN,IL-6,1051,5468,5.202664129400571,False
llama3.3_70b,Q1_Super_Populares,20827430,GSTP1,XPC,1727,452,0.2617255356108859,False
llama3.3_70b,Q1_Super_Populares,27094578,beta1 integrin,Ets-1,1513,454,0.30006609385327165,True
llama3.3_70b,Q1_Super_Populares,37968472,PIK3CA,AXIN2,1725,193,0.11188405797101449,False
llama3.3_70b,Q1_Super_Populares,12181570,Rac1,Rac,1346,3746,2.7830609212481425,True
llama3.3_70b,Q1_Super_Populares,20869334,ATM,DNA-PKcs,1579,933,0.590880303989867,True
llama3.3_70b,Q1_Super_Populares,32636443,SIRT1,SIRT2,1828,314,0.17177242888402625,False
llama3.3_70b,Q1_Super_Populares,20399384,interleukin 1 receptor antagonist,IL1A,1051,1010,0.9609895337773549,False
llama3.3_70b,Q1_Super_Populares,22290228,PTEN,p16,2820,1,0.0003546099290780142,False
llama3.3_70b,Q1_Super_Populares,24994675,integrin subunit beta3,ITGA2B,1223,442,0.36140637775960754,False
llama3.3_70b,Q1_Super_Populares,25624455,JAK2,JAK1,1813,535,0.29509100937672367,False
llama3.3_70b,Q1_Super_Populares,36640339,ATM,BRCA1,1579,3456,2.188727042431919,False
llama3.3_70b,Q1_Super_Populares,18790046,SOD1,MnSOD,1331,986,0.7407963936889557,False
llama3.3_70b,Q1_Super_Populares,23293110,VEGFR-2,VEGF,1105,5214,4.718552036199095,False
llama3.3_70b,Q1_Super_Populares,11751905,beta 1 integrin,RhoA,1513,1175,0.7766027759418375,False
llama3.3_70b,Q1_Super_Populares,26457672,c-Src,Syk,1520,591,0.3888157894736842,False
llama3.3_70b,Q1_Super_Populares,26937962,GSTM1,GSTT1,2270,1900,0.8370044052863436,True
llama3.3_70b,Q1_Super_Populares,29111166,caveolin-1,PI3K,1228,1725,1.4047231270358307,True
llama3.3_70b,Q1_Super_Populares,31609157,CTLA-4,PD-1,1339,1252,0.935026138909634,False
llama3.3_70b,Q1_Super_Populares,34265288,HIF1alpha,JAK2,3911,1813,0.46356430580414215,False
llama3.3_70b,Q1_Super_Populares,16782382,cyclooxygenase-2,COX-2,2314,164,0.07087294727744166,False
llama3.3_70b,Q1_Super_Populares,21485219,MMP-9,ITGA6,3162,372,0.11764705882352941,False
llama3.3_70b,Q1_Super_Populares,25810340,SMAD3,Akt,1034,3746,3.622823984526112,True
llama3.3_70b,Q1_Super_Populares,31629819,SIRT1,SP1,1828,1342,0.7341356673960613,False
llama3.3_70b,Q2_Medios,12486717,aldose reductase,AKR1A1,248,86,0.3467741935483871,False
llama3.3_70b,Q2_Medios,15454735,CYP2A6,CYP2D6,318,1089,3.4245283018867925,False
llama3.3_70b,Q2_Medios,22425648,Suppressor of cytokine signaling 3,NPY,554,351,0.6335740072202166,True
llama3.3_70b,Q2_Medios,24101588,APOBEC3C,APOBEC3A,151,161,1.0662251655629138,False
llama3.3_70b,Q2_Medios,24209998,Wnt3A.,CTNNB1,240,3367,14.029166666666667,False
llama3.3_70b,Q2_Medios,27339399,SOCS1,SOCS3,485,554,1.1422680412371133,False
llama3.3_70b,Q2_Medios,31037158,HOXB13,HOXA1,156,123,0.7884615384615384,False
llama3.3_70b,Q2_Medios,35247231,PLA2G6,PHGDH,186,337,1.8118279569892473,False
llama3.3_70b,Q2_Medios,29276125,TPX2,Nedd1,260,88,0.3384615384615385,False
llama3.3_70b,Q2_Medios,30089592,SGLT-2,GLUT3,129,158,1.2248062015503876,False
llama3.3_70b,Q2_Medios,2308864,pG2,CYP21A2,188,386,2.0531914893617023,False
llama3.3_70b,Q2_Medios,18287540,NDUFA9,NDUFS1,142,176,1.2394366197183098,False
llama3.3_70b,Q2_Medios,18301763,TRPV6,EDAR,141,73,0.5177304964539007,False
llama3.3_70b,Q2_Medios,28267437,DEPTOR,SIRT1,104,1828,17.576923076923077,False
llama3.3_70b,Q2_Medios,29227529,NS5ATP9,BECN1,108,721,6.675925925925926,False
llama3.3_70b,Q2_Medios,29604056,CRIPTO,SNAI1,120,676,5.633333333333334,False
llama3.3_70b,Q2_Medios,32892482,BACH2,RB1,120,1426,11.883333333333333,False
llama3.3_70b,Q2_Medios,35069550,HuR,PTBP1,811,514,0.6337854500616523,False
llama3.3_70b,Q2_Medios,37522198,CD59,CD44,290,1496,5.158620689655172,False
llama3.3_70b,Q2_Medios,12388095,ATRC1,CAT1,102,141,1.3823529411764706,False
llama3.3_70b,Q2_Medios,18955490,matrix metalloproteinase-7,MMP11,513,101,0.1968810916179337,False
llama3.3_70b,Q2_Medios,30578397,BMP9,EIF2AK4,141,148,1.049645390070922,False
llama3.3_70b,Q2_Medios,34127318,FASL,FADD,706,361,0.5113314447592068,False
llama3.3_70b,Q2_Medios,36233342,RAI14,MITF,158,389,2.462025316455696,False
llama3.3_70b,Q2_Medios,15548692,WWOX,SMAD4,334,918,2.748502994011976,False
llama3.3_70b,Q2_Medios,18275081,PABPN1,PTBP1,239,514,2.1506276150627617,False
llama3.3_70b,Q2_Medios,19157142,urokinase-type plasminogen activator,VEGF,594,5214,8.777777777777779,False
llama3.3_70b,Q2_Medios,26700805,GEMIN1,SMN1,300,475,1.5833333333333333,False
llama3.3_70b,Q2_Medios,29931229,RBPJ,KLF5,244,291,1.1926229508196722,False
llama3.3_70b,Q2_Medios,34428304,RING1B,CBX2,265,95,0.3584905660377358,False
llama3.3_70b,Q2_Medios,36891052,APOC1,SPP1,216,1206,5.583333333333333,False
llama3.3_70b,Q2_Medios,12576441,CD23,BCL2,151,2227,14.748344370860927,False
llama3.3_70b,Q2_Medios,19859911,testicular orphan receptor 4,RXRG,187,102,0.5454545454545454,False
llama3.3_70b,Q2_Medios,20018869,leukemia-associated RhoGEF,Tiam1,121,196,1.6198347107438016,True
llama3.3_70b,Q2_Medios,22884369,ID3,ID1,138,310,2.246376811594203,False
llama3.3_70b,Q2_Medios,20375790,LyGDI,ARHGAP1,109,142,1.3027522935779816,False
llama3.3_70b,Q2_Medios,22479496,CD25,IL10,577,3484,6.038128249566724,False
llama3.3_70b,Q2_Medios,22974333,Cdc6,CDK4,192,720,3.75,False
llama3.3_70b,Q2_Medios,28165497,Wnt7a,Dkk3,108,194,1.7962962962962963,False
llama3.3_70b,Q2_Medios,32753499,PPP6C,PPM1A,176,133,0.7556818181818182,False
llama3.3_70b,Q2_Medios,33970409,Octamer transcription factor-1,HIF1A,253,3911,15.458498023715414,False
llama3.3_70b,Q2_Medios,34564849,DUOX2,TPO,135,152,1.125925925925926,False
llama3.3_70b,Q2_Medios,12173049,TIEG,TOB1,107,82,0.7663551401869159,False
llama3.3_70b,Q2_Medios,25220500,Cyclin A2,CDK2,395,931,2.356962025316456,True
llama3.3_70b,Q2_Medios,30709905,RAB8A,RAB7A,230,378,1.6434782608695653,True
llama3.3_70b,Q2_Medios,37541622,WNT7A,WNT5A,108,482,4.462962962962963,False
llama3.3_70b,Q2_Medios,15987717,GSPT1,eRF1,164,155,0.9451219512195121,False
llama3.3_70b,Q2_Medios,21880146,Mesothelin,STAT3,179,3707,20.70949720670391,False
llama3.3_70b,Q2_Medios,30377053,interleukin-22,WNT5A,421,482,1.144893111638955,False
llama3.3_70b,Q2_Medios,31601979,DNA Methyltransferase 1,DNMT3B,884,493,0.5576923076923077,False
llama3.3_70b,Q2_Medios,19636416,elongation factor 2 kinase,HSP60,107,755,7.05607476635514,False
llama3.3_70b,Q2_Medios,20853600,L-arginine amidinohydrolase,ARG1,119,283,2.3781512605042017,False
llama3.3_70b,Q2_Medios,23794184,IL-31,ST2,116,293,2.5258620689655173,False
llama3.3_70b,Q2_Medios,23975336,SGLT1,GLUT2,129,119,0.9224806201550387,False
llama3.3_70b,Q2_Medios,32873229,miR-223,miR-122,380,434,1.1421052631578947,False
llama3.3_70b,Q2_Medios,37100772,polyadenylate-binding protein 1,KRAS,549,3056,5.56648451730419,False
llama3.3_70b,Q2_Medios,9230071,Rab9,Rab6,114,183,1.605263157894737,False
llama3.3_70b,Q2_Medios,22882268,PINX1,TP53,119,11629,97.72268907563026,False
llama3.3_70b,Q2_Medios,23329754,FGF19,GLP-1,155,374,2.412903225806452,False
llama3.3_70b,Q2_Medios,23364988,lysosomal-associated transmembrane protein 4 beta,CHL1,106,68,0.6415094339622641,False
llama3.3_70b,Q2_Medios,25303370,interleukin-22,TNF,421,6448,15.315914489311163,False
llama3.3_70b,Q2_Medios,30711569,MEG3,H19,337,570,1.6913946587537092,False
llama3.3_70b,Q2_Medios,38146125,CXCL16,CXCL10,206,776,3.766990291262136,False
llama3.3_70b,Q2_Medios,1374067,cytokeratin 8 and 18,KRT18,329,430,1.3069908814589666,False
llama3.3_70b,Q2_Medios,23621219,HDAC6,CDK4,523,720,1.3766730401529637,False
llama3.3_70b,Q2_Medios,26803106,Sirtuin 6,HIF1A,368,3911,10.627717391304348,False
llama3.3_70b,Q2_Medios,27609643,WDR1,DIAPH1,163,205,1.2576687116564418,False
llama3.3_70b,Q2_Medios,38831335,NEDD4L,NEDD4,395,462,1.169620253164557,True
llama3.3_70b,Q2_Medios,8943276,growth hormone,EPO,480,772,1.6083333333333334,False
llama3.3_70b,Q2_Medios,10224125,AF6,RIN1,175,75,0.42857142857142855,False
llama3.3_70b,Q2_Medios,21368691,Neuron-specific enolase,UCH-L1,278,420,1.5107913669064748,False
llama3.3_70b,Q2_Medios,25758468,CD45,CD16,353,494,1.3994334277620397,False
llama3.3_70b,Q2_Medios,26341115,macrophage-derived chemokine,CXCL8,142,2502,17.619718309859156,False
llama3.3_70b,Q2_Medios,26407101,CD31,CD157,338,64,0.1893491124260355,False
llama3.3_70b,Q2_Medios,26487755,TEAD4,TEAD1,137,161,1.1751824817518248,False
llama3.3_70b,Q2_Medios,3816496,ornithine aminotransferase,ORNT1,176,55,0.3125,False
llama3.3_70b,Q2_Medios,11590181,giantin,GM130,143,205,1.4335664335664335,False
llama3.3_70b,Q2_Medios,24574362,ACTN4,HER2,423,3357,7.9361702127659575,False
llama3.3_70b,Q2_Medios,27517149,SNHG1,TUG1,146,235,1.6095890410958904,False
llama3.3_70b,Q2_Medios,29407292,Interleukin-17F,IL17,259,1656,6.3938223938223935,False
llama3.3_70b,Q2_Medios,11776032,platelet-derived growth factor receptor-alpha,PDGFR,560,567,1.0125,False
llama3.3_70b,Q2_Medios,12169206,FHIT,RARB,357,273,0.7647058823529411,False
llama3.3_70b,Q2_Medios,15926113,CAPN10,PPARGC1A,175,807,4.611428571428571,False
llama3.3_70b,Q2_Medios,19332728,OPRT,ERCC2,128,926,7.234375,False
llama3.3_70b,Q2_Medios,31425729,transforming growth factor beta2,KRAS,387,3056,7.896640826873385,False
llama3.3_70b,Q2_Medios,32970737,INHBA,FOXO3,320,807,2.521875,True
llama3.3_70b,Q2_Medios,16598308,FGFR1,FGFR3,762,619,0.8123359580052494,False
llama3.3_70b,Q2_Medios,18385516,GRASP55,GRASP65,127,78,0.6141732283464567,False
llama3.3_70b,Q2_Medios,19118547,Ankyrin repeat domain 28,ANLN,107,143,1.3364485981308412,False
llama3.3_70b,Q2_Medios,20214763,SLC11A1,IL10,206,3484,16.9126213592233,False
llama3.3_70b,Q2_Medios,24695378,CDKAL1,MC4R,297,494,1.6632996632996633,False
llama3.3_70b,Q2_Medios,28988713,Otx2,PAX6,125,424,3.392,False
llama3.3_70b,Q2_Medios,16517613,adrenomedullin,CRH,401,229,0.571072319201995,False
llama3.3_70b,Q2_Medios,18353079,IL12RB2,IFNG,106,2159,20.367924528301888,False
llama3.3_70b,Q2_Medios,24766303,PLCE1,DNMT1,192,884,4.604166666666667,False
llama3.3_70b,Q2_Medios,27103069,RAB8a,RAB1A,230,259,1.126086956521739,False
llama3.3_70b,Q2_Medios,35025009,Integrin alpha6,S100A4,372,408,1.096774193548387,False
llama3.3_70b,Q2_Medios,7896837,Lck,Syk,564,591,1.047872340425532,False
llama3.3_70b,Q2_Medios,14677049,PPARalpha,PPARG,656,2278,3.472560975609756,False
llama3.3_70b,Q2_Medios,17192875,TGFBR3,SMAD4,172,918,5.337209302325581,False
llama3.3_70b,Q2_Medios,18592168,LRP8,MTHFD1L,147,156,1.0612244897959184,False
llama3.3_70b,Q2_Medios,23775149,IGF2,H19,749,570,0.7610146862483311,True
llama3.3_70b,Q2_Medios,28724915,Smurf2,SMURF1,213,239,1.1220657276995305,False
llama3.3_70b,Q2_Medios,32900848,CD81,SCARB1,336,404,1.2023809523809523,False
llama3.3_70b,Q2_Medios,34694182,LTA4H,CHRNA5,148,269,1.8175675675675675,False
llama3.3_70b,Q2_Medios,17015733,C4b,C4a,216,248,1.1481481481481481,False
llama3.3_70b,Q2_Medios,22026458,Glypican-3,NKX2-2,260,43,0.16538461538461538,False
llama3.3_70b,Q2_Medios,29353204,CDC25B,CDK1,161,1218,7.565217391304348,False
llama3.3_70b,Q2_Medios,29561707,INO80,MDR1,108,2567,23.76851851851852,False
llama3.3_70b,Q2_Medios,34971753,C5a,C3a,187,759,4.0588235294117645,False
llama3.3_70b,Q2_Medios,23325686,Ezrin,TSG101,675,386,0.5718518518518518,False
llama3.3_70b,Q2_Medios,23487342,PTPRA,PROX1,137,176,1.2846715328467153,False
llama3.3_70b,Q2_Medios,22749388,neutrophil gelatinase-associated lipocalin,NAG,897,62,0.06911928651059086,False
llama3.3_70b,Q2_Medios,23642263,UPF1,RBM3,410,137,0.33414634146341465,False
llama3.3_70b,Q2_Medios,24834797,YTHDC2,DHX34,149,40,0.2684563758389262,False
llama3.3_70b,Q2_Medios,27356469,TRPA1,TRPV1,242,481,1.987603305785124,True
llama3.3_70b,Q2_Medios,31380412,IRF4,FOXP3,258,1171,4.538759689922481,False
llama3.3_70b,Q2_Medios,31900208,Acylglycerol kinase,PIK3C2A,151,163,1.0794701986754967,False
llama3.3_70b,Q2_Medios,33498624,Arylsulfatase A,CD52,154,48,0.3116883116883117,False
llama3.3_70b,Q2_Medios,35661648,Megalin,CUBN,196,103,0.5255102040816326,False
llama3.3_70b,Q2_Medios,10875927,HOXA5,HOXB7,127,115,0.905511811023622,False
llama3.3_70b,Q2_Medios,12715918,activation-induced cytidine deaminase,UNG,277,207,0.7472924187725631,False
llama3.3_70b,Q2_Medios,17556010,fucosyltransferase IV,FUT3,113,115,1.0176991150442478,False
llama3.3_70b,Q2_Medios,17923735,thymidine phosphorylase,TP,190,88,0.4631578947368421,True
llama3.3_70b,Q2_Medios,20601551,SLC22A4,OCTN2,156,200,1.2820512820512822,False
llama3.3_70b,Q2_Medios,21471203,Msx2,ALPL,106,305,2.8773584905660377,False
llama3.3_70b,Q2_Medios,21505994,netrin-1,SEMA3A,202,204,1.00990099009901,False
llama3.3_70b,Q2_Medios,24418192,CNTNAP2,CUX1,150,199,1.3266666666666667,False
llama3.3_70b,Q2_Medios,28426188,EXT1,EXT2,144,150,1.0416666666666667,False
llama3.3_70b,Q2_Medios,19303401,arginase 1,ACE2,283,1724,6.091872791519434,False
llama3.3_70b,Q2_Medios,20504295,Spartin,SPAST,138,242,1.7536231884057971,False
llama3.3_70b,Q2_Medios,34265287,Snail,TWIST1,676,746,1.1035502958579881,False
llama3.3_70b,Q2_Medios,36439870,BMAL1,PER2,269,205,0.7620817843866171,False
llama3.3_70b,Q2_Medios,37841254,LAG-3,CTLA-4,163,1339,8.214723926380367,False
llama3.3_70b,Q2_Medios,17849285,ASPM,MCPH1,159,154,0.9685534591194969,False
llama3.3_70b,Q2_Medios,18451177,TIP60,SRC1,391,355,0.907928388746803,False
llama3.3_70b,Q2_Medios,18507837,CCNE1,CDK1,521,1218,2.3378119001919386,False
llama3.3_70b,Q2_Medios,23121977,cytokeratin 10,KRT1,244,279,1.1434426229508197,False
llama3.3_70b,Q2_Medios,30696053,KIR2DL3,KIR2DL2,175,175,1.0,True
llama3.3_70b,Q2_Medios,32167078,Exonuclease 1,XRCC4,164,291,1.774390243902439,False
llama3.3_70b,Q2_Medios,32783369,BANF1,ZMPSTE24,212,126,0.5943396226415094,False
llama3.3_70b,Q2_Medios,34418458,PFKP,PKM2,250,859,3.436,False
llama3.3_70b,Q2_Medios,17123722,AP-2beta,DRD4,112,725,6.473214285714286,False
llama3.3_70b,Q2_Medios,18984771,NOV,MAD2L1,129,354,2.744186046511628,True
llama3.3_70b,Q2_Medios,20605702,NOS1AP,DISC1,150,309,2.06,False
llama3.3_70b,Q2_Medios,22417750,neutral endopeptidase,MMP12,372,216,0.5806451612903226,False
llama3.3_70b,Q2_Medios,26150353,Pin1,SIRT1,529,1828,3.455576559546314,False
llama3.3_70b,Q2_Medios,36724820,PGRMC1,TFRC,262,599,2.286259541984733,False
llama3.3_70b,Q2_Medios,15735762,E2Fs 1-5,E2F1,225,970,4.311111111111111,True
llama3.3_70b,Q2_Medios,19356052,UGT1A6,UGT1A,133,57,0.42857142857142855,True
llama3.3_70b,Q2_Medios,21440262,SPG11,FA2H,114,53,0.4649122807017544,False
llama3.3_70b,Q2_Medios,22722750,DNMT3A,FLT3,614,835,1.3599348534201954,False
llama3.3_70b,Q2_Medios,25578727,USP24,USP7,104,660,6.346153846153846,False
llama3.3_70b,Q2_Medios,1915414,p62,NUP153,212,266,1.2547169811320755,False
llama3.3_70b,Q2_Medios,9498238,CYP11A.,CYP1B1,154,592,3.844155844155844,False
llama3.3_70b,Q2_Medios,18337829,CD209,CD14,469,824,1.7569296375266525,False
llama3.3_70b,Q2_Medios,25209430,VAMP8,NDRG3,131,53,0.40458015267175573,False
llama3.3_70b,Q2_Medios,10672042,20alpha-hydroxysteroid dehydrogenase,HSD17B1,114,157,1.3771929824561404,False
llama3.3_70b,Q2_Medios,34378358,PU.1,FOXO1,282,823,2.9184397163120566,False
llama3.3_70b,Q2_Medios,38373841,KLF2,ITGAM,195,352,1.8051282051282052,False
llama3.3_70b,Q2_Medios,24259048,ECM1,GPX4,134,274,2.044776119402985,False
llama3.3_70b,Q2_Medios,24916695,CLIC4,Cyr61,126,336,2.6666666666666665,False
llama3.3_70b,Q2_Medios,25335168,"eukaryotic translation initiation factor 4 gamma, 3",ZNF672,110,10,0.09090909090909091,False
llama3.3_70b,Q2_Medios,36266732,Piezo1,NFAT5,267,175,0.6554307116104869,False
llama3.3_70b,Q2_Medios,20442269,SPAK,OSR1,129,19,0.14728682170542637,False
llama3.3_70b,Q2_Medios,30792187,HAVCR2,RHOA,463,1175,2.537796976241901,False
llama3.3_70b,Q2_Medios,8962055,ETF alpha,ETF,169,46,0.27218934911242604,True
llama3.3_70b,Q2_Medios,11306556,GM130,Golgin-84,205,91,0.44390243902439025,False
llama3.3_70b,Q2_Medios,21870514,matrix Gla-protein,MMP3,153,794,5.189542483660131,False
llama3.3_70b,Q2_Medios,25053464,MVK,SART3,124,219,1.7661290322580645,False
llama3.3_70b,Q2_Medios,26305249,Neuroglobin,NOS2,117,18,0.15384615384615385,False
llama3.3_70b,Q2_Medios,27578485,DCP1A,HIWI,145,95,0.6551724137931034,False
llama3.3_70b,Q2_Medios,31578589,Follistatin-like protein 1,STAT6,137,405,2.9562043795620436,True
llama3.3_70b,Q2_Medios,37278569,RAB6A,RAB27B,183,85,0.4644808743169399,False
llama3.3_70b,Q2_Medios,23532381,PICT1,RPL5,141,385,2.730496453900709,False
llama3.3_70b,Q2_Medios,26018753,E2F7,YAP1,105,1524,14.514285714285714,False
llama3.3_70b,Q2_Medios,15199049,"FGFs 9, 16, and 20",FGF8,111,97,0.8738738738738738,False
llama3.3_70b,Q2_Medios,21131967,GLP,G9a,167,332,1.9880239520958083,False
llama3.3_70b,Q2_Medios,27429853,PCDH15,YAP1,128,1524,11.90625,False
llama3.3_70b,Q2_Medios,22675500,Atrophin-1,LMO4,119,69,0.5798319327731093,False
llama3.3_70b,Q2_Medios,26832416,SMARCAL1,BLM,107,399,3.7289719626168223,False
llama3.3_70b,Q2_Medios,27458165,lactate dehydrogenase A,NOTCH1,531,1591,2.9962335216572504,False
llama3.3_70b,Q2_Medios,29374162,IL3Ralpha,IL-3,114,175,1.5350877192982457,True
llama3.3_70b,Q2_Medios,20619150,ANRIL,HOTAIR,325,503,1.5476923076923077,False
llama3.3_70b,Q2_Medios,22106281,Rac2,RhoA,172,1175,6.8313953488372094,False
llama3.3_70b,Q2_Medios,24386364,BTF3,AMACR,136,133,0.9779411764705882,False
llama3.3_70b,Q2_Medios,25337209,AdipoR2,SMAD7,163,408,2.503067484662577,False
llama3.3_70b,Q2_Medios,33917494,PER2,PER,205,158,0.7707317073170732,True
llama3.3_70b,Q2_Medios,34583995,glutamine synthetase,GSPT1,177,164,0.9265536723163842,False
llama3.3_70b,Q2_Medios,34673637,FGFR4,FGFR1,267,762,2.853932584269663,False
llama3.3_70b,Q2_Medios,16803467,angiopoietin 1,VEGF,336,5214,15.517857142857142,False
llama3.3_70b,Q2_Medios,21337384,fucosyltransferase IV,FUT8,113,129,1.1415929203539823,False
llama3.3_70b,Q2_Medios,32557257,FKBP4,NR3C1,265,1295,4.886792452830188,False
llama3.3_70b,Q2_Medios,35170374,RHOT1,NOTCH1,116,1591,13.71551724137931,False
llama3.3_70b,Q2_Medios,35563402,Klotho,HGF,529,835,1.5784499054820416,False
llama3.3_70b,Q2_Medios,20558747,Thioredoxin-interacting protein,ChREBP,297,142,0.4781144781144781,True
llama3.3_70b,Q2_Medios,20858966,neurotensin,obestatin,128,920,7.1875,False
llama3.3_70b,Q2_Medios,31020542,GATA3,p53,516,11629,22.536821705426355,False
llama3.3_70b,Q2_Medios,31169983,PC4,TAF4,199,165,0.8291457286432161,False
llama3.3_70b,Q2_Medios,32924985,miR-150,SRC,298,1520,5.100671140939597,True
llama3.3_70b,Q2_Medios,17202338,Klotho,GUSB,529,94,0.1776937618147448,False
llama3.3_70b,Q2_Medios,25780036,CD40,ICOSL,627,87,0.13875598086124402,False
llama3.3_70b,Q2_Medios,27505134,L1CAM,p53,338,11629,34.405325443786985,False
llama3.3_70b,Q2_Medios,30515972,Cbl-b,MDM2,208,2218,10.663461538461538,False
llama3.3_70b,Q2_Medios,32752071,miR-96,CTNNB1,166,3367,20.283132530120483,False
llama3.3_70b,Q2_Medios,36994687,G-protein-coupled receptor kinase-interacting protein-1,CD44,149,1496,10.04026845637584,False
llama3.3_70b,Q2_Medios,12427559,DDA3,TP53I3,100,49,0.49,False
llama3.3_70b,Q2_Medios,13679391,CCL7,CXCL8,120,2502,20.85,False
llama3.3_70b,Q2_Medios,23654079,CD26,CD40L,621,547,0.8808373590982287,False
llama3.3_70b,Q2_Medios,31233974,hepcidin,HE4,478,241,0.50418410041841,False
llama3.3_70b,Q2_Medios,12515253,ELAC2,SOD2,128,986,7.703125,False
llama3.3_70b,Q2_Medios,18845326,DNA ligase IV,RAG1,216,159,0.7361111111111112,False
llama3.3_70b,Q2_Medios,21821000,BAF53,WAPL,260,133,0.5115384615384615,False
llama3.3_70b,Q2_Medios,24560809,GP73,GDF15,179,649,3.625698324022346,False
llama3.3_70b,Q2_Medios,29867203,aggrecan,FBN1,178,523,2.938202247191011,False
llama3.3_70b,Q2_Medios,11816564,HSP22,p53,148,11629,78.57432432432432,False
llama3.3_70b,Q2_Medios,33865911,IL-33,STAT3,732,3707,5.064207650273224,False
llama3.3_70b,Q2_Medios,34251884,MEKK1,NEK10,206,24,0.11650485436893204,False
llama3.3_70b,Q2_Medios,21439723,TXNIP,p53,297,11629,39.15488215488215,False
llama3.3_70b,Q2_Medios,25214041,CEBPA,NPM1,553,1194,2.159132007233273,False
llama3.3_70b,Q2_Medios,25450647,NOB1,NIN1,128,52,0.40625,False
llama3.3_70b,Q2_Medios,34272384,CDKN1C,KLF15,252,87,0.34523809523809523,False
llama3.3_70b,Q2_Medios,19850743,Toll-like receptor 8,TLR4,257,2778,10.809338521400779,False
llama3.3_70b,Q2_Medios,19862010,HBS1L,KLF1,141,129,0.9148936170212766,False
llama3.3_70b,Q2_Medios,22761865,Dopamine beta hydroxylase,COMT,231,2081,9.008658008658008,False
llama3.3_70b,Q2_Medios,23043469,HBS1L,BCL11A,141,191,1.3546099290780143,False
llama3.3_70b,Q2_Medios,28759957,SNHG1,HOTAIR,146,503,3.4452054794520546,False
llama3.3_70b,Q2_Medios,32764530,Reelin,SIRT1,256,1828,7.140625,False
llama3.3_70b,Q2_Medios,7987321,BAM22,BAP1,172,127,0.7383720930232558,False
llama3.3_70b,Q2_Medios,9145435,adrenomedullin,Amylin,401,358,0.8927680798004988,False
llama3.3_70b,Q2_Medios,12167657,EphA2,SRC,456,1520,3.3333333333333335,False
llama3.3_70b,Q2_Medios,12714585,mitogen-activated protein kinase kinase-4,JNK,216,1060,4.907407407407407,True
llama3.3_70b,Q2_Medios,22484241,RIPK2,SYK,213,591,2.7746478873239435,False
llama3.3_70b,Q2_Medios,26654793,ABCA7,TREM2,101,351,3.4752475247524752,False
llama3.3_70b,Q2_Medios,30449416,DDR2,PDGFRB,142,567,3.992957746478873,False
llama3.3_70b,Q2_Medios,32019397,Dll1,NOTCH1,127,1591,12.527559055118111,False
llama3.3_70b,Q2_Medios,16354680,raptor,S6K1,300,453,1.51,False
llama3.3_70b,Q2_Medios,17132480,Glycodelin,HIF1A,141,3911,27.73758865248227,False
llama3.3_70b,Q2_Medios,29683064,XPO5,DROSHA,185,239,1.2918918918918918,False
llama3.3_70b,Q2_Medios,29970682,suppressor of cytokine signaling 3,STAT3,554,3707,6.691335740072202,True
llama3.3_70b,Q2_Medios,23867215,pituitary tumor transforming gene,c-MYC,313,2704,8.638977635782748,False
llama3.3_70b,Q2_Medios,24670704,CXCL10,CRP,776,1,0.001288659793814433,False
llama3.3_70b,Q2_Medios,26045788,CSN5,SNAI1,353,676,1.915014164305949,False
llama3.3_70b,Q2_Medios,26585362,allograft inflammatory factor-1,CD68,101,108,1.0693069306930694,False
llama3.3_70b,Q2_Medios,29491476,EP2/4,EP4,164,203,1.2378048780487805,False
llama3.3_70b,Q2_Medios,35902872,RUNX1T1,RUNX1,208,936,4.5,True
llama3.3_70b,Q2_Medios,20179686,neutrophil gelatinase-associated lipocalin,IL-6,897,5468,6.0958751393534,False
llama3.3_70b,Q2_Medios,21707688,thyroid peroxidase,DUOX2,185,135,0.7297297297297297,False
llama3.3_70b,Q2_Medios,27882533,RAD21,SMC1A,233,347,1.4892703862660943,False
llama3.3_70b,Q2_Medios,34366322,PPM1G,PPM1D,177,188,1.0621468926553672,False
llama3.3_70b,Q2_Medios,17562792,C/EBPdelta,p63,124,967,7.798387096774194,False
llama3.3_70b,Q2_Medios,21643791,KIBRA,APOE,153,5224,34.1437908496732,False
llama3.3_70b,Q2_Medios,23814047,BRK,SRC,135,1520,11.25925925925926,True
llama3.3_70b,Q2_Medios,38154209,IL-38,IL37,105,274,2.6095238095238096,False
llama3.3_70b,Q3_Baixa_Popularidade,20067102,ARLTS1,XRCC2,32,185,5.78125,False
llama3.3_70b,Q3_Baixa_Popularidade,20865290,CNDP1,CARNS1,61,11,0.18032786885245902,False
llama3.3_70b,Q3_Baixa_Popularidade,24013428,HUS1B,RAD17,14,105,7.5,False
llama3.3_70b,Q3_Baixa_Popularidade,24174618,collectin liver 1,CL-11,36,248,6.888888888888889,True
llama3.3_70b,Q3_Baixa_Popularidade,26761440,LGR7,RLN1,86,68,0.7906976744186046,False
llama3.3_70b,Q3_Baixa_Popularidade,27010727,SPON1,CYP2D6,41,1089,26.5609756097561,False
llama3.3_70b,Q3_Baixa_Popularidade,34373992,L3MBTL3,BMP2,73,738,10.10958904109589,False
llama3.3_70b,Q3_Baixa_Popularidade,36720253,PAR1,DNMT3B,11,493,44.81818181818182,False
llama3.3_70b,Q3_Baixa_Popularidade,10409432,WHSC2,WHSC1,97,206,2.1237113402061856,False
llama3.3_70b,Q3_Baixa_Popularidade,11179671,NBR2,NBR1,32,151,4.71875,True
llama3.3_70b,Q3_Baixa_Popularidade,18559515,Lynx1,LY6G6D,26,14,0.5384615384615384,False
llama3.3_70b,Q3_Baixa_Popularidade,19013439,ADHFe1,ALDH2,19,838,44.10526315789474,False
llama3.3_70b,Q3_Baixa_Popularidade,22690081,GABRQ,GABRB3,26,146,5.615384615384615,False
llama3.3_70b,Q3_Baixa_Popularidade,24386373,FZD1,WNT5A,70,482,6.885714285714286,False
llama3.3_70b,Q3_Baixa_Popularidade,31423895,DHRS2,BIM,69,519,7.521739130434782,False
llama3.3_70b,Q3_Baixa_Popularidade,31909476,ISPD,FKTN,28,65,2.3214285714285716,False
llama3.3_70b,Q3_Baixa_Popularidade,32457413,connexin50,Cx46,98,78,0.7959183673469388,False
llama3.3_70b,Q3_Baixa_Popularidade,37485351,RNF19B,HHARI,29,105,3.6206896551724137,False
llama3.3_70b,Q3_Baixa_Popularidade,3145196,Lyt-3,CD4,50,2027,40.54,False
llama3.3_70b,Q3_Baixa_Popularidade,16131712,NPHP4,NPHP1,65,96,1.476923076923077,False
llama3.3_70b,Q3_Baixa_Popularidade,23864657,Rap1 GTPase-activating protein,SPRED1,90,83,0.9222222222222223,False
llama3.3_70b,Q3_Baixa_Popularidade,24792382,ALLC,FKBP5,11,458,41.63636363636363,False
llama3.3_70b,Q3_Baixa_Popularidade,25221423,FAM18B,SIRT1,16,1828,114.25,False
llama3.3_70b,Q3_Baixa_Popularidade,26852655,SLC17A2,SLC20A1,11,80,7.2727272727272725,False
llama3.3_70b,Q3_Baixa_Popularidade,27223121,miR-765,INSM1,25,83,3.32,False
llama3.3_70b,Q3_Baixa_Popularidade,29159834,LINC00473,CCAT1,30,121,4.033333333333333,False
llama3.3_70b,Q3_Baixa_Popularidade,31991095,DAGL-Beta,HSD3B7,35,26,0.7428571428571429,False
llama3.3_70b,Q3_Baixa_Popularidade,34997220,Kv4.3,CaV1,77,1228,15.948051948051948,False
llama3.3_70b,Q3_Baixa_Popularidade,35609331,PCAT6,HOTAIR,25,503,20.12,False
llama3.3_70b,Q3_Baixa_Popularidade,22593196,RASSF3,RASSF8,30,64,2.1333333333333333,False
llama3.3_70b,Q3_Baixa_Popularidade,25243493,"solute carrier family 16, member 7",DRD2,50,1329,26.58,False
llama3.3_70b,Q3_Baixa_Popularidade,26355662,AGBL5,GNS,35,56,1.6,True
llama3.3_70b,Q3_Baixa_Popularidade,27215332,SLC24A4,TOMM40,31,235,7.580645161290323,False
llama3.3_70b,Q3_Baixa_Popularidade,28958330,STAP1,APOA2,38,197,5.184210526315789,False
llama3.3_70b,Q3_Baixa_Popularidade,32633355,miR-593,miR-145,22,664,30.181818181818183,False
llama3.3_70b,Q3_Baixa_Popularidade,12456399,Kir4.1,Kir5.1,98,38,0.3877551020408163,True
llama3.3_70b,Q3_Baixa_Popularidade,16129570,ADAMTS6,ADAMTS15,35,24,0.6857142857142857,False
llama3.3_70b,Q3_Baixa_Popularidade,16527195,Irx5,IRX3,30,36,1.2,False
llama3.3_70b,Q3_Baixa_Popularidade,17622474,sorting nexin (SNX) 3,APPL1,100,145,1.45,False
llama3.3_70b,Q3_Baixa_Popularidade,19262745,arylsulfatase I,ARSD,12,19,1.5833333333333333,False
llama3.3_70b,Q3_Baixa_Popularidade,25064737,DEPDC1,DEPDC7,51,25,0.49019607843137253,False
llama3.3_70b,Q3_Baixa_Popularidade,27057006,microRNA-324,miR-122,55,434,7.890909090909091,False
llama3.3_70b,Q3_Baixa_Popularidade,28157695,ABHD11-AS1,H19,19,570,30.0,False
llama3.3_70b,Q3_Baixa_Popularidade,30415267,FOLR2,CSF1R,63,275,4.365079365079365,False
llama3.3_70b,Q3_Baixa_Popularidade,30683112,MLC1,SENP1,87,203,2.3333333333333335,False
llama3.3_70b,Q3_Baixa_Popularidade,33060568,DHODH,CAD,63,26,0.4126984126984127,False
llama3.3_70b,Q3_Baixa_Popularidade,9268648,DNA primase 1,MDM2,78,2218,28.435897435897434,False
llama3.3_70b,Q3_Baixa_Popularidade,17460191,MORF4,MRG15,15,128,8.533333333333333,True
llama3.3_70b,Q3_Baixa_Popularidade,19414016,Tbx20,TBX5,54,161,2.9814814814814814,False
llama3.3_70b,Q3_Baixa_Popularidade,22291991,RINL,RIN1,12,75,6.25,False
llama3.3_70b,Q3_Baixa_Popularidade,22842048,CHCHD5,CHCHD2,15,113,7.533333333333333,False
llama3.3_70b,Q3_Baixa_Popularidade,23760366,MAP3K4,MAP3K7,76,540,7.105263157894737,True
llama3.3_70b,Q3_Baixa_Popularidade,29730655,ARHGAP17,ARHGAP30,61,21,0.3442622950819672,False
llama3.3_70b,Q3_Baixa_Popularidade,36861928,LINC00511,STAT3,42,3707,88.26190476190476,False
llama3.3_70b,Q3_Baixa_Popularidade,37419299,MXRA7,PML,48,686,14.291666666666666,True
llama3.3_70b,Q3_Baixa_Popularidade,12800209,MLH3,MSH3,73,191,2.6164383561643834,False
llama3.3_70b,Q3_Baixa_Popularidade,20607790,XKR4,CNTNAP2,17,150,8.823529411764707,False
llama3.3_70b,Q3_Baixa_Popularidade,23739915,ZBTB46,IL12A,28,464,16.571428571428573,False
llama3.3_70b,Q3_Baixa_Popularidade,24337749,KLRG1,PD-1,55,1252,22.763636363636362,False
llama3.3_70b,Q3_Baixa_Popularidade,25367361,CCDC122,FCER1A,15,149,9.933333333333334,False
llama3.3_70b,Q3_Baixa_Popularidade,31158522,ubxn6,CXCR6,82,114,1.3902439024390243,False
llama3.3_70b,Q3_Baixa_Popularidade,31546831,SH3BP5,STAT3,46,3707,80.58695652173913,False
llama3.3_70b,Q3_Baixa_Popularidade,34904858,Heparan sulfate 3-O-sulfotransferase 4,TLR2,13,1624,124.92307692307692,False
llama3.3_70b,Q3_Baixa_Popularidade,36192519,ANGPTL7,TBK1,38,566,14.894736842105264,False
llama3.3_70b,Q3_Baixa_Popularidade,12820898,polyadenylated-binding protein)-interacting protein (Paip) 2,PABP1,51,549,10.764705882352942,False
llama3.3_70b,Q3_Baixa_Popularidade,28046031,OVOL2,ZEB1,45,656,14.577777777777778,True
llama3.3_70b,Q3_Baixa_Popularidade,28112756,FTX,NEAT1,35,473,13.514285714285714,False
llama3.3_70b,Q3_Baixa_Popularidade,34274945,SLC38A4,SFRP1,25,245,9.8,False
llama3.3_70b,Q3_Baixa_Popularidade,17086543,seizure-related (SEZ) 6,SCN1A,18,400,22.22222222222222,False
llama3.3_70b,Q3_Baixa_Popularidade,19302705,KIAA1109,IL10,65,3484,53.6,False
llama3.3_70b,Q3_Baixa_Popularidade,38235871,UNC5D,CDKN1A,24,1844,76.83333333333333,False
llama3.3_70b,Q3_Baixa_Popularidade,38252411,STK19,SMG1,44,118,2.6818181818181817,False
llama3.3_70b,Q3_Baixa_Popularidade,12721283,TIRP,TIRAP,53,154,2.9056603773584904,False
llama3.3_70b,Q3_Baixa_Popularidade,17850865,RNF24,NHERF1,12,301,25.083333333333332,False
llama3.3_70b,Q3_Baixa_Popularidade,28042826,"AQP3, -7, -8, and -11",AQP3,47,228,4.851063829787234,False
llama3.3_70b,Q3_Baixa_Popularidade,30575903,ABHD11-AS1,HOTAIR,19,503,26.473684210526315,False
llama3.3_70b,Q3_Baixa_Popularidade,32223671,CKIP-1,DUSP6,65,141,2.169230769230769,False
llama3.3_70b,Q3_Baixa_Popularidade,32319600,SAC3D1,CDK6,21,485,23.095238095238095,False
llama3.3_70b,Q3_Baixa_Popularidade,16684505,integrin alpha10,COL2A1,25,381,15.24,False
llama3.3_70b,Q3_Baixa_Popularidade,21718987,Aven,BCL2,47,2227,47.38297872340426,False
llama3.3_70b,Q3_Baixa_Popularidade,29323101,Actin Filament-Associated Protein 1-Like 1,AFAP1L2,26,50,1.9230769230769231,True
llama3.3_70b,Q3_Baixa_Popularidade,35663198,SLC38A1,TP53,89,11629,130.6629213483146,False
llama3.3_70b,Q3_Baixa_Popularidade,22464020,IGHV3-21,SF3B1,13,545,41.92307692307692,False
llama3.3_70b,Q3_Baixa_Popularidade,24114056,GPR113,SSTR2,16,206,12.875,False
llama3.3_70b,Q3_Baixa_Popularidade,25445601,RBP-J-interacting and tubulin-associated,NUMB,31,256,8.258064516129032,False
llama3.3_70b,Q3_Baixa_Popularidade,29321644,miR655,miR-21,26,1580,60.76923076923077,False
llama3.3_70b,Q3_Baixa_Popularidade,30394818,RAD54B,RHOA,76,1175,15.460526315789474,False
llama3.3_70b,Q3_Baixa_Popularidade,31401365,ATP4A,MEN1,45,390,8.666666666666666,False
llama3.3_70b,Q3_Baixa_Popularidade,32678982,KRT81,KRAS,52,3056,58.76923076923077,False
llama3.3_70b,Q3_Baixa_Popularidade,9427755,APM-1,KLLN,20,24,1.2,False
llama3.3_70b,Q3_Baixa_Popularidade,11672448,ZNF230,ZNF165,23,27,1.173913043478261,False
llama3.3_70b,Q3_Baixa_Popularidade,17521822,KCNMB2,beta2,33,139,4.212121212121212,True
llama3.3_70b,Q3_Baixa_Popularidade,19321927,glial cells missing a,Syncytin-2,56,40,0.7142857142857143,False
llama3.3_70b,Q3_Baixa_Popularidade,19682311,FCRL2,CD200,27,154,5.703703703703703,False
llama3.3_70b,Q3_Baixa_Popularidade,23280965,SNX10,CLCN7,40,122,3.05,False
llama3.3_70b,Q3_Baixa_Popularidade,29459713,SLC25A29,SLC25A2,20,21,1.05,False
llama3.3_70b,Q3_Baixa_Popularidade,33017352,PLXNA4,APLP2,54,136,2.5185185185185186,False
llama3.3_70b,Q3_Baixa_Popularidade,40972734,SLC35F2,SLC22A2,33,143,4.333333333333333,False
llama3.3_70b,Q3_Baixa_Popularidade,27413799,TXNL4A,TEK,59,309,5.237288135593221,False
llama3.3_70b,Q3_Baixa_Popularidade,28289210,Homeodomain-Interacting Protein Kinase 1,SRC,58,1520,26.20689655172414,False
llama3.3_70b,Q3_Baixa_Popularidade,29373811,CASC2,LINC00312,75,21,0.28,False
llama3.3_70b,Q3_Baixa_Popularidade,32323793,LINC00858,LINC00461,20,25,1.25,False
llama3.3_70b,Q3_Baixa_Popularidade,33225420,KIAA0125,HOTAIR,12,503,41.916666666666664,False
llama3.3_70b,Q3_Baixa_Popularidade,35133174,CELSR1,NOTCH1,62,1591,25.661290322580644,False
llama3.3_70b,Q3_Baixa_Popularidade,11112352,v7-3,NET4,79,14,0.17721518987341772,False
llama3.3_70b,Q3_Baixa_Popularidade,11909874,"Egr-1, -2, and -3",EGR1,65,555,8.538461538461538,False
llama3.3_70b,Q3_Baixa_Popularidade,24903490,Angiopoietin-like 7,ANGPTL2,38,95,2.5,False
llama3.3_70b,Q3_Baixa_Popularidade,25590759,Iws1,HNRPD,76,456,6.0,False
llama3.3_70b,Q3_Baixa_Popularidade,28807727,PARK16,SNCA,21,2255,107.38095238095238,False
llama3.3_70b,Q3_Baixa_Popularidade,31488582,CCDC157,TMEM199,12,55,4.583333333333333,False
llama3.3_70b,Q3_Baixa_Popularidade,35229923,PCDHGB1,GNAL,16,63,3.9375,False
llama3.3_70b,Q3_Baixa_Popularidade,26578655,PRAS40,YAP1,93,1524,16.387096774193548,False
llama3.3_70b,Q3_Baixa_Popularidade,27799161,Munc13-4,SH2D1A,94,153,1.627659574468085,False
llama3.3_70b,Q3_Baixa_Popularidade,31515271,KLHL13,KLHL6,54,46,0.8518518518518519,False
llama3.3_70b,Q3_Baixa_Popularidade,37673336,GPR114,GPR56,17,109,6.411764705882353,True
llama3.3_70b,Q3_Baixa_Popularidade,8093033,apolipoprotein F,APOA1,29,1129,38.93103448275862,False
llama3.3_70b,Q3_Baixa_Popularidade,16827919,ACSL6,DISC1,41,309,7.536585365853658,False
llama3.3_70b,Q3_Baixa_Popularidade,16986515,ZIP4,MT,83,49,0.5903614457831325,False
llama3.3_70b,Q3_Baixa_Popularidade,18264133,AEN,DFF40,24,81,3.375,False
llama3.3_70b,Q3_Baixa_Popularidade,27784631,FAM26F,ULBP2,12,87,7.25,False
llama3.3_70b,Q3_Baixa_Popularidade,28846095,ZSCAN10,NANOG,15,342,22.8,False
llama3.3_70b,Q3_Baixa_Popularidade,30367141,DHX40,DDX54,75,160,2.1333333333333333,False
llama3.3_70b,Q3_Baixa_Popularidade,30683861,QRICH2,DNAH1,11,42,3.8181818181818183,False
llama3.3_70b,Q3_Baixa_Popularidade,10520995,plexin-C1,PLXNB2,32,111,3.46875,False
llama3.3_70b,Q3_Baixa_Popularidade,11294831,BENE,MAL2,24,52,2.1666666666666665,False
llama3.3_70b,Q3_Baixa_Popularidade,27160456,PHF17,SLC22A5,61,200,3.278688524590164,False
llama3.3_70b,Q3_Baixa_Popularidade,29544748,AFAP1-AS1,HOTAIR,65,503,7.7384615384615385,False
llama3.3_70b,Q3_Baixa_Popularidade,30993766,SCN3A,E2F1,51,970,19.019607843137255,False
llama3.3_70b,Q3_Baixa_Popularidade,34431894,TXNRD2,CDKN2B,90,479,5.322222222222222,False
llama3.3_70b,Q3_Baixa_Popularidade,17904127,SVH,MDM2,33,2218,67.21212121212122,False
llama3.3_70b,Q3_Baixa_Popularidade,21646352,Apolipoprotein L6,BOK,27,51,1.8888888888888888,False
llama3.3_70b,Q3_Baixa_Popularidade,22046970,CD300a/c,CD161,44,82,1.8636363636363635,False
llama3.3_70b,Q3_Baixa_Popularidade,23531852,urocortin,p53,86,11629,135.22093023255815,False
llama3.3_70b,Q3_Baixa_Popularidade,25240856,Ind1,CIA30,55,51,0.9272727272727272,False
llama3.3_70b,Q3_Baixa_Popularidade,27359356,Cartilage Intermediate Layer Protein,TGFB1,36,5008,139.11111111111111,False
llama3.3_70b,Q3_Baixa_Popularidade,34667079,PROSER1,OGT,31,405,13.064516129032258,True
llama3.3_70b,Q3_Baixa_Popularidade,34925640,LMO4,MET,69,1421,20.594202898550726,False
llama3.3_70b,Q3_Baixa_Popularidade,10873651,Klp1,CP2,34,139,4.088235294117647,False
llama3.3_70b,Q3_Baixa_Popularidade,11237735,RSHL1,DNAI1,17,40,2.3529411764705883,False
llama3.3_70b,Q3_Baixa_Popularidade,18814951,BTG1,IL10,75,3484,46.45333333333333,False
llama3.3_70b,Q3_Baixa_Popularidade,26110394,ANXA13,CXCL13,28,249,8.892857142857142,False
llama3.3_70b,Q3_Baixa_Popularidade,31256822,NBPF8,DCHS1,11,26,2.3636363636363638,False
llama3.3_70b,Q3_Baixa_Popularidade,32495872,LIFR-AS1,HOTAIR,11,503,45.72727272727273,False
llama3.3_70b,Q3_Baixa_Popularidade,35467255,ZNF543,PINK1,13,511,39.30769230769231,False
llama3.3_70b,Q3_Baixa_Popularidade,10500198,B cell-stimulating factor-3,CNTF,38,114,3.0,False
llama3.3_70b,Q3_Baixa_Popularidade,23746317,TSPAN9,CDK4,28,720,25.714285714285715,False
llama3.3_70b,Q3_Baixa_Popularidade,25480944,TUSC4,SHFM1,78,86,1.1025641025641026,False
llama3.3_70b,Q3_Baixa_Popularidade,25510670,PAQR3,ADIPOR1,54,242,4.481481481481482,False
llama3.3_70b,Q3_Baixa_Popularidade,27531281,HHLA2,B7-H3,56,241,4.303571428571429,False
llama3.3_70b,Q3_Baixa_Popularidade,32503626,HAS-1,VEGFA,71,5214,73.43661971830986,True
llama3.3_70b,Q3_Baixa_Popularidade,35345673,GPC2,GPC6,23,58,2.5217391304347827,False
llama3.3_70b,Q3_Baixa_Popularidade,14756426,synaptotagmin 10,SYT,11,109,9.909090909090908,True
llama3.3_70b,Q3_Baixa_Popularidade,18815158,GPR39,GHSR,62,172,2.774193548387097,False
llama3.3_70b,Q3_Baixa_Popularidade,19372141,ALOX12B,CXCL12,61,1471,24.114754098360656,False
llama3.3_70b,Q3_Baixa_Popularidade,15979100,MYCBP,c-MYC,87,2704,31.080459770114942,True
llama3.3_70b,Q3_Baixa_Popularidade,18164932,Procollagen C-proteinase enhancer-1,BMP1,54,117,2.1666666666666665,False
llama3.3_70b,Q3_Baixa_Popularidade,19000305,PTPN5,PTPRK,43,89,2.0697674418604652,False
llama3.3_70b,Q3_Baixa_Popularidade,19727524,NOR1,NTRK3,27,208,7.703703703703703,False
llama3.3_70b,Q3_Baixa_Popularidade,20431721,connexin 46,CRYBA1,78,56,0.717948717948718,False
llama3.3_70b,Q3_Baixa_Popularidade,25270871,gastrokine-2,RUNX3,26,443,17.03846153846154,False
llama3.3_70b,Q3_Baixa_Popularidade,27862679,ARHGAP15,Rac1,34,1346,39.588235294117645,True
llama3.3_70b,Q3_Baixa_Popularidade,28340487,LRP3,RUNX2,18,641,35.611111111111114,False
llama3.3_70b,Q3_Baixa_Popularidade,28926138,TNFAIP8,YAP1,68,1524,22.41176470588235,False
llama3.3_70b,Q3_Baixa_Popularidade,32489020,MSC-AS1,HULC,17,96,5.647058823529412,False
llama3.3_70b,Q3_Baixa_Popularidade,34345014,RNF141,RNF43,16,93,5.8125,False
llama3.3_70b,Q3_Baixa_Popularidade,14678797,CHMP4,CHMP2,71,102,1.4366197183098592,False
llama3.3_70b,Q3_Baixa_Popularidade,22367439,NIPA2,CNNM2,20,65,3.25,False
llama3.3_70b,Q3_Baixa_Popularidade,23284291,DNER,INTS12,42,68,1.619047619047619,False
llama3.3_70b,Q3_Baixa_Popularidade,24498354,PRODH,DRD2,96,1329,13.84375,False
llama3.3_70b,Q3_Baixa_Popularidade,27858163,PIWIL3,PIWIL2,15,71,4.733333333333333,False
llama3.3_70b,Q3_Baixa_Popularidade,29314551,MYH3,MYBPC1,61,56,0.9180327868852459,False
llama3.3_70b,Q3_Baixa_Popularidade,32519472,KIAA1199,PTK2,97,1103,11.371134020618557,False
llama3.3_70b,Q3_Baixa_Popularidade,32759789,MUDENG,TRAIL,20,929,46.45,True
llama3.3_70b,Q3_Baixa_Popularidade,33427755,SLC52A1,RFK,25,25,1.0,False
llama3.3_70b,Q3_Baixa_Popularidade,36030582,LINC01234,CCAT2,23,88,3.8260869565217392,False
llama3.3_70b,Q3_Baixa_Popularidade,38755710,SLCO2A1,TLR4,64,2778,43.40625,False
llama3.3_70b,Q3_Baixa_Popularidade,16406239,GJB3,MITF,77,389,5.0519480519480515,False
llama3.3_70b,Q3_Baixa_Popularidade,18309376,ZNF311,HLA-B,14,2225,158.92857142857142,False
llama3.3_70b,Q3_Baixa_Popularidade,20150366,GLTSCR1,ERCC5,53,308,5.811320754716981,True
llama3.3_70b,Q3_Baixa_Popularidade,27261276,CD300b,MD-1,19,32,1.6842105263157894,False
llama3.3_70b,Q3_Baixa_Popularidade,28670957,XPNPEP2,DPP4,32,621,19.40625,False
llama3.3_70b,Q3_Baixa_Popularidade,36736276,MIR503HG,CASC2,26,75,2.8846153846153846,False
llama3.3_70b,Q3_Baixa_Popularidade,38890684,LAT2,LAT1,45,156,3.466666666666667,False
llama3.3_70b,Q3_Baixa_Popularidade,15094188,CHL2,NOV,19,75,3.9473684210526314,False
llama3.3_70b,Q3_Baixa_Popularidade,19578367,CCDC26,MYC,28,2704,96.57142857142857,False
llama3.3_70b,Q3_Baixa_Popularidade,21795595,Regulator of G protein signaling-1,AHR,69,805,11.666666666666666,False
llama3.3_70b,Q3_Baixa_Popularidade,22386842,ACTL7a,CD52,25,48,1.92,False
llama3.3_70b,Q3_Baixa_Popularidade,23519214,SifA-kinesin interacting protein,SKIP,34,63,1.8529411764705883,True
llama3.3_70b,Q3_Baixa_Popularidade,24231739,NAC1,KEAP1,96,648,6.75,False
llama3.3_70b,Q3_Baixa_Popularidade,29426014,NEURL4,NEDD4,66,462,7.0,False
llama3.3_70b,Q3_Baixa_Popularidade,33099917,Arylsulfatase D,TP53,19,11629,612.0526315789474,True
llama3.3_70b,Q3_Baixa_Popularidade,33603952,TXNDC2,TXNL1,18,118,6.555555555555555,False
llama3.3_70b,Q3_Baixa_Popularidade,38670394,TGOLN2,TP53BP1,62,471,7.596774193548387,False
llama3.3_70b,Q3_Baixa_Popularidade,9126492,zonadhesin,IZUMO1,20,25,1.25,False
llama3.3_70b,Q3_Baixa_Popularidade,12036287,BIVM,DUSP10,15,68,4.533333333333333,False
llama3.3_70b,Q3_Baixa_Popularidade,15309632,hCGbeta,CGB,58,155,2.6724137931034484,False
llama3.3_70b,Q3_Baixa_Popularidade,19415746,P21-activated kinase 5,PAK4,79,224,2.8354430379746836,False
llama3.3_70b,Q3_Baixa_Popularidade,23359319,KLK2,KLK3,88,477,5.420454545454546,True
llama3.3_70b,Q3_Baixa_Popularidade,23475074,UQCRB,ISCU,80,89,1.1125,False
llama3.3_70b,Q3_Baixa_Popularidade,28837156,CHAC2,DDIT3,17,314,18.470588235294116,False
llama3.3_70b,Q3_Baixa_Popularidade,34622442,ARL4C,RANKL,38,724,19.05263157894737,True
llama3.3_70b,Q3_Baixa_Popularidade,11997112,PPL13,LGALS7,18,132,7.333333333333333,False
llama3.3_70b,Q3_Baixa_Popularidade,21615302,MUC15,MUC1,28,959,34.25,True
llama3.3_70b,Q3_Baixa_Popularidade,31198787,TROAP,NDC80,53,171,3.2264150943396226,False
llama3.3_70b,Q3_Baixa_Popularidade,32519845,GPR52,GPR156,17,11,0.6470588235294118,False
llama3.3_70b,Q3_Baixa_Popularidade,35687021,Tensin3,Shc1,83,593,7.144578313253012,True
llama3.3_70b,Q3_Baixa_Popularidade,36601873,DOCK6,ANGPTL8,60,151,2.5166666666666666,True
llama3.3_70b,Q3_Baixa_Popularidade,10760603,JDP1,JDP2,36,50,1.3888888888888888,False
llama3.3_70b,Q3_Baixa_Popularidade,15322554,PTP-MEG2,PTP1B,68,495,7.279411764705882,False
llama3.3_70b,Q3_Baixa_Popularidade,20978819,Fank1,CDIP1,24,22,0.9166666666666666,False
llama3.3_70b,Q3_Baixa_Popularidade,25944903,FBXO32,FBXW7,85,618,7.270588235294118,False
llama3.3_70b,Q3_Baixa_Popularidade,30129678,FBLIM1,S100A8,55,534,9.709090909090909,False
llama3.3_70b,Q3_Baixa_Popularidade,30548305,TIGD1,CASC2,26,75,2.8846153846153846,False
llama3.3_70b,Q3_Baixa_Popularidade,1439582,SAA4,SAA3,39,7,0.1794871794871795,False
llama3.3_70b,Q3_Baixa_Popularidade,16569242,FRMD4A,RYR1,41,345,8.414634146341463,False
llama3.3_70b,Q3_Baixa_Popularidade,24845505,LYRM1,FABP4,17,328,19.294117647058822,False
llama3.3_70b,Q3_Baixa_Popularidade,25214527,LILRB5,CKB,15,257,17.133333333333333,False
llama3.3_70b,Q3_Baixa_Popularidade,31373686,ZMIZ1,TERT,89,2104,23.640449438202246,False
llama3.3_70b,Q3_Baixa_Popularidade,33620575,SPRR1B,MUC2,42,204,4.857142857142857,True
llama3.3_70b,Q3_Baixa_Popularidade,34257739,PCDHA,SHANK3,12,168,14.0,False
llama3.3_70b,Q3_Baixa_Popularidade,35452674,BIKE,AAK1,66,93,1.4090909090909092,True
llama3.3_70b,Q3_Baixa_Popularidade,37635201,TCAF2,TRPM8,18,193,10.722222222222221,True
llama3.3_70b,Q3_Baixa_Popularidade,18541524,transmembrane protein 9B,TAK1,25,540,21.6,True
llama3.3_70b,Q3_Baixa_Popularidade,20031928,IGHMBP2,SEMA6A,80,52,0.65,False
llama3.3_70b,Q3_Baixa_Popularidade,22190364,TAGAP,IL23R,47,415,8.829787234042554,False
llama3.3_70b,Q3_Baixa_Popularidade,25239945,TRC8,HRD1,39,212,5.435897435897436,False
llama3.3_70b,Q3_Baixa_Popularidade,26544568,ZNF420,ZNF675,22,13,0.5909090909090909,False
llama3.3_70b,Q3_Baixa_Popularidade,28315334,Bapx1,CDX2,25,398,15.92,False
llama3.3_70b,Q3_Baixa_Popularidade,30664187,HepaCAM,PTEN,56,2820,50.357142857142854,False
llama3.3_70b,Q3_Baixa_Popularidade,32014858,RDH12,RPE65,68,135,1.9852941176470589,False
llama3.3_70b,Q3_Baixa_Popularidade,34325607,Psoriasis Susceptibility 1 Candidate 1,CTLA4,34,1339,39.38235294117647,False
llama3.3_70b,Q3_Baixa_Popularidade,17160893,EFG1,TSFM,92,71,0.7717391304347826,False
llama3.3_70b,Q3_Baixa_Popularidade,17318641,KLKB1,KNG1,92,201,2.1847826086956523,False
llama3.3_70b,Q3_Baixa_Popularidade,18669603,FKBPL,FKBP51,37,458,12.378378378378379,False
llama3.3_70b,Q3_Baixa_Popularidade,25650326,NEUROG3,NKX2.2,70,43,0.6142857142857143,False
llama3.3_70b,Q3_Baixa_Popularidade,31379208,DLEU1,NEAT1,47,473,10.063829787234043,False
llama3.3_70b,Q3_Baixa_Popularidade,35016406,Carbonic anhydrase 2 and 3,CA1,61,100,1.639344262295082,False
llama3.3_70b,Q3_Baixa_Popularidade,27270437,MTG16,MTG8,63,208,3.3015873015873014,False
llama3.3_70b,Q3_Baixa_Popularidade,24445935,ZNF396,Zfp191,17,103,6.0588235294117645,True
llama3.3_70b,Q3_Baixa_Popularidade,30501451,P5 ATPase,ATP2A2,10,473,47.3,False
llama3.3_70b,Q3_Baixa_Popularidade,30929735,TTC21A,CFAP44,22,23,1.0454545454545454,False
llama3.3_70b,Q3_Baixa_Popularidade,32931479,Fbxo2,LAMP2,72,285,3.9583333333333335,False
llama3.3_70b,Q3_Baixa_Popularidade,11731337,sterol C5 desaturase,LSS,40,82,2.05,False
llama3.3_70b,Q3_Baixa_Popularidade,19260141,phosphatidylethanolamine N-methyltransferase,APOE,76,5224,68.73684210526316,False
llama3.3_70b,Q3_Baixa_Popularidade,21637307,TMPRSS4,TWIST1,66,746,11.303030303030303,False
llama3.3_70b,Q3_Baixa_Popularidade,25374899,Prostate-associated gene 4,DDX43,21,44,2.0952380952380953,False
llama3.3_70b,Q3_Baixa_Popularidade,25904364,NANOS3,CD44,22,1496,68.0,False
llama3.3_70b,Q3_Baixa_Popularidade,27630214,FcRgamma,LAT,78,156,2.0,False
llama3.3_70b,Q3_Baixa_Popularidade,29558758,B and T Lymphocyte Attenuator,TIM3,97,463,4.77319587628866,False
llama3.3_70b,Q3_Baixa_Popularidade,20540360,FMN1,IGF1,34,2076,61.05882352941177,False
llama3.3_70b,Q3_Baixa_Popularidade,24356968,D-dopachrome tautomerase,DLC1,62,187,3.0161290322580645,False
llama3.3_70b,Q3_Baixa_Popularidade,25320013,MT4-MMP,MT1-MMP,40,610,15.25,False
llama3.3_70b,Q3_Baixa_Popularidade,30036656,zinc finger protein like 1,TRIM27,51,185,3.627450980392157,False
llama3.3_70b,Q3_Baixa_Popularidade,35260070,CCNL1,CDK2,80,931,11.6375,False
llama3.3_70b,Q3_Baixa_Popularidade,37695533,FKRP,FKTN,94,65,0.6914893617021277,False
llama3.3_70b,Q3_Baixa_Popularidade,11263960,DNASE1L1,DNASE1L3,43,56,1.302325581395349,False
llama3.3_70b,Q3_Baixa_Popularidade,31356773,SLC25A30,SLC25A15,17,55,3.235294117647059,False
llama3.3_70b,Q3_Baixa_Popularidade,33053528,long stress-induced noncoding transcript 5,MALAT1,18,682,37.888888888888886,False
llama3.3_70b,Q3_Baixa_Popularidade,35247384,METTL8,TRDMT1,25,53,2.12,False
llama3.3_70b,Q3_Baixa_Popularidade,35697535,AZIN1,ADAR2,48,125,2.6041666666666665,False
llama3.3_70b,Q3_Baixa_Popularidade,37711058,MBNL1-AS1,LINC00461,15,25,1.6666666666666667,False
llama3.3_70b,Q3_Baixa_Popularidade,38151566,NDUFB7,NDUFV2,49,102,2.0816326530612246,False
llama3.3_70b,Q3_Baixa_Popularidade,38463028,JOSD2,USP47,38,108,2.8421052631578947,True
llama3.3_70b,Q3_Baixa_Popularidade,8639829,HLF,TEF3,58,112,1.9310344827586208,False
llama3.3_70b,Q3_Baixa_Popularidade,23312075,PLAC4,PLAC8,11,57,5.181818181818182,False
llama3.3_70b,Q3_Baixa_Popularidade,24337656,SCN2B,SCN4B,36,37,1.0277777777777777,False
llama3.3_70b,Q3_Baixa_Popularidade,32987288,ASPP) 1,TP53BP1,86,471,5.476744186046512,False
llama3.3_70b,Q3_Baixa_Popularidade,34212559,FK506 binding protein-like,NR5A1,37,290,7.837837837837838,False
llama3.3_70b,Q3_Baixa_Popularidade,38462741,ADGRG4,GPR56,17,109,6.411764705882353,False
llama3.3_70b,Q3_Baixa_Popularidade,9880541,CLIC3,CLIC4,31,126,4.064516129032258,False
llama3.3_70b,Q3_Baixa_Popularidade,22158537,FITM2,SLC30A8,24,247,10.291666666666666,False
llama3.3_70b,Q3_Baixa_Popularidade,22194858,PAAF1,MYOD1,52,195,3.75,False
llama3.3_70b,Q3_Baixa_Popularidade,31689297,VIPR2,PER3,93,171,1.8387096774193548,False
llama3.3_70b,Q3_Baixa_Popularidade,33675808,DLEU2,HOTAIR,43,503,11.69767441860465,False
llama3.3_70b,Q3_Baixa_Popularidade,9839802,ZNF85,ZNF91,16,27,1.6875,True
llama3.3_70b,Q3_Baixa_Popularidade,10933397,Cabin1,HDAC,81,187,2.308641975308642,False
llama3.3_70b,Q3_Baixa_Popularidade,19820022,LMF1,GPIHBP1,30,67,2.2333333333333334,False
llama3.3_70b,Q3_Baixa_Popularidade,20889975,TnT,TnC,91,331,3.6373626373626373,True
llama3.3_70b,Q3_Baixa_Popularidade,23068101,MYBPH,DAAM1,15,79,5.266666666666667,False
llama3.3_70b,Q3_Baixa_Popularidade,26162986,SKA2,C20orf24,63,29,0.4603174603174603,False
llama3.3_70b,Q3_Baixa_Popularidade,30427759,ADP-ribosylation factor-like 4A,Arf6,19,332,17.473684210526315,False
llama3.3_70b,Q3_Baixa_Popularidade,30735723,FAM81A,SHANK3,15,168,11.2,False
llama3.3_70b,Q3_Baixa_Popularidade,38158881,GYPB,HBB,73,876,12.0,False
llama3.3_70b,Q3_Baixa_Popularidade,10791955,MIP-T3,T6BP,43,53,1.2325581395348837,False
llama3.3_70b,Q3_Baixa_Popularidade,22106001,NAALADL2,FBLN2,24,64,2.6666666666666665,False
llama3.3_70b,Q3_Baixa_Popularidade,25950000,TTBK2,TTBK1,65,37,0.5692307692307692,False
llama3.3_70b,Q3_Baixa_Popularidade,37951930,FUNDC1,TOM70,55,146,2.6545454545454548,True
llama3.3_70b,Q3_Baixa_Popularidade,7744965,NTF2,Ran,75,574,7.653333333333333,False
llama3.3_70b,Q3_Baixa_Popularidade,16263120,CKLFSF8,CMTM3,33,35,1.0606060606060606,False
llama3.3_70b,Q3_Baixa_Popularidade,17919311,Rai,FRS2,56,128,2.2857142857142856,False
llama3.3_70b,Q3_Baixa_Popularidade,20810650,TTI2,TELO2,36,112,3.111111111111111,False
llama3.3_70b,Q3_Baixa_Popularidade,24607927,EHD3,ESR1,52,3640,70.0,False
llama3.3_70b,Q3_Baixa_Popularidade,30816485,Opa interacting protein 5,S100A4,70,408,5.828571428571428,False
llama3.3_70b,Q3_Baixa_Popularidade,36610560,Rab26,SFTPD,29,280,9.655172413793103,False
llama3.3_70b,Q3_Baixa_Popularidade,14508106,rTS,p16,33,1,0.030303030303030304,False
llama3.3_70b,Q3_Baixa_Popularidade,18703417,GCM1,GLIS3,56,79,1.4107142857142858,False
llama3.3_70b,Q3_Baixa_Popularidade,19271754,Clph,CALML5,13,100,7.6923076923076925,False
llama3.3_70b,Q3_Baixa_Popularidade,23599027,FLRT2,TMEM79,35,31,0.8857142857142857,False
llama3.3_70b,Q3_Baixa_Popularidade,30389958,ADGRG2,CFTR,30,1954,65.13333333333334,True
llama3.3_70b,Q3_Baixa_Popularidade,30391163,Mitoferrin-1,FECH,34,172,5.0588235294117645,True
llama3.3_70b,Q3_Baixa_Popularidade,34326813,NUS1,MTNR1B,69,216,3.130434782608696,False
llama3.3_70b,Q3_Baixa_Popularidade,37712743,WDR72,Runx2,35,641,18.314285714285713,True
llama3.3_70b,Q3_Baixa_Popularidade,39562739,ZBTB48,TRF1,44,237,5.386363636363637,False
llama3.3_70b,Q3_Baixa_Popularidade,26973091,CASPASE-12,TLR5,49,259,5.285714285714286,False
llama3.3_70b,Q3_Baixa_Popularidade,33590725,TCTN2,TMEM216,26,22,0.8461538461538461,False
llama3.3_70b,Q3_Baixa_Popularidade,8780690,UGT1A3,UGT1A6,74,133,1.7972972972972974,False
llama3.3_70b,Q3_Baixa_Popularidade,15544804,translin,PGBD3,96,17,0.17708333333333334,False
llama3.3_70b,Q3_Baixa_Popularidade,20829348,Cactin,NLRC5,72,92,1.2777777777777777,False
llama3.3_70b,Q3_Baixa_Popularidade,22225612,Glycine decarboxylase,PHGDH,72,337,4.680555555555555,False
llama3.3_70b,Q3_Baixa_Popularidade,25633185,annexin II receptor,ANXA2,15,809,53.93333333333333,False
llama3.3_70b,Q3_Baixa_Popularidade,26867688,MicroRNA-1228,miR-21,26,1580,60.76923076923077,False
llama3.3_70b,Q3_Baixa_Popularidade,29323771,IGFN1,CFH,12,890,74.16666666666667,False
llama3.3_70b,Q3_Baixa_Popularidade,30198401,ZWINT,ZW10,83,107,1.2891566265060241,True
llama3.3_70b,Q3_Baixa_Popularidade,30253317,WNK3,NPY,66,351,5.318181818181818,False
llama3.3_70b,Q3_Baixa_Popularidade,31460868,ADAMTS7,MTHFR,59,3864,65.49152542372882,False
llama3.3_70b,Q3_Baixa_Popularidade,23881105,SPG8,DRD5,90,126,1.4,False
llama3.3_70b,Q3_Baixa_Popularidade,25193023,Romo1,NNT,66,108,1.6363636363636365,False
llama3.3_70b,Q3_Baixa_Popularidade,29204446,TRIM14,TRIM21,62,419,6.758064516129032,False
llama3.3_70b,Q3_Baixa_Popularidade,30181378,Renalase,PNMT,92,60,0.6521739130434783,False
llama3.3_70b,Q3_Baixa_Popularidade,30350935,MicroRNA-1246,miR-21,81,1580,19.506172839506174,False
llama3.3_70b,Q3_Baixa_Popularidade,30854931,CD37,PTEN,45,2820,62.666666666666664,False
llama3.3_70b,Q3_Baixa_Popularidade,31363080,TTN-AS1,ZXF1,25,16,0.64,False
llama3.3_70b,Q3_Baixa_Popularidade,32161263,BRAWNIN,MOTS-C,14,122,8.714285714285714,False
llama3.3_70b,Q3_Baixa_Popularidade,36218358,Nidogen 1,LAMC1,95,206,2.168421052631579,False
llama3.3_70b,Q3_Baixa_Popularidade,37314493,MRGPRF,MRGPRX4,16,17,1.0625,False
llama3.3_70b,Q3_Baixa_Popularidade,19711352,DYNLRB2,Smad3,27,1034,38.2962962962963,True
llama3.3_70b,Q3_Baixa_Popularidade,22666496,DnaJ homolog subfamily C member 5B,SLCO1B1,15,410,27.333333333333332,False
llama3.3_70b,Q3_Baixa_Popularidade,22975685,PHF20,p27,52,1,0.019230769230769232,False
llama3.3_70b,Q3_Baixa_Popularidade,23530209,intraflagellar transport protein 20,IFT88,65,72,1.1076923076923078,True
llama3.3_70b,Q3_Baixa_Popularidade,25233099,DGKI,MGMT,23,801,34.82608695652174,True
llama3.3_70b,Q3_Baixa_Popularidade,29261175,SLC15A4,SLC20A2,44,89,2.022727272727273,False
llama3.3_70b,Q3_Baixa_Popularidade,31092266,MIIP,PTEN,39,2820,72.3076923076923,False
llama3.3_70b,Q3_Baixa_Popularidade,33009634,miR-1294,miR-145,26,664,25.53846153846154,False
llama3.3_70b,Q3_Baixa_Popularidade,36007377,DPPA4,OCT4,44,688,15.636363636363637,False
llama3.3_70b,Q3_Baixa_Popularidade,18163988,hArp8,Arp4,54,260,4.814814814814815,False
llama3.3_70b,Q3_Baixa_Popularidade,21613359,TMEM127,SDHB,37,337,9.108108108108109,True
llama3.3_70b,Q3_Baixa_Popularidade,26540345,MAGE-C2,CTAGE1,61,14,0.22950819672131148,False
llama3.3_70b,Q3_Baixa_Popularidade,28302484,TSPAN12,SGK3,61,77,1.2622950819672132,False
llama3.3_70b,Q3_Baixa_Popularidade,29849566,ILDR1,PEPD,26,138,5.3076923076923075,False
llama3.3_70b,Q3_Baixa_Popularidade,37756562,LINC01089,CCAT2,13,88,6.769230769230769,False
llama3.3_70b,Q3_Baixa_Popularidade,27909719,epithelial membrane protein 1,TP53,51,11629,228.01960784313727,False
llama3.3_70b,Q3_Baixa_Popularidade,28870805,RAI3,SFRP1,101,245,2.4257425742574257,False
llama3.3_70b,Q3_Baixa_Popularidade,31837357,MUC13,SPP1,54,1206,22.333333333333332,False
llama3.3_70b,Q3_Baixa_Popularidade,32223575,CASC11,MEG3,28,337,12.035714285714286,False
llama3.3_70b,Q3_Baixa_Popularidade,33181266,beta-defensin 118,DEFB126,17,21,1.2352941176470589,False
llama3.3_70b,Q3_Baixa_Popularidade,34408139,FLYWCH1,CENPA,36,182,5.055555555555555,False
llama3.3_70b,Q3_Baixa_Popularidade,34946860,WDR13,ZNF711,29,44,1.5172413793103448,False
llama3.3_70b,Q3_Baixa_Popularidade,35111166,ANKRD55,TYK2,30,259,8.633333333333333,False
llama3.3_70b,Q3_Baixa_Popularidade,8751391,RSC1A1,SCAMP1,26,90,3.4615384615384617,False
llama3.3_70b,Q3_Baixa_Popularidade,12801916,Strep14,Syt15,23,14,0.6086956521739131,False
llama3.3_70b,Q3_Baixa_Popularidade,23800065,CPI-17,PHGDH,43,337,7.837209302325581,False
llama3.3_70b,Q4_Cauda_Longa,30605069,miR-1206,MIR146A,6,952,158.66666666666666,False
llama3.3_70b,Q3_Baixa_Popularidade,33652941,SP6,ENAM,19,50,2.6315789473684212,False
llama3.3_70b,Q3_Baixa_Popularidade,35114100,STAMBPL1,USP21,45,88,1.9555555555555555,False
llama3.3_70b,Q4_Cauda_Longa,31282173,TRABD2A,MMP2,8,1978,247.25,False
llama3.3_70b,Q4_Cauda_Longa,35616822,LINC00886,KLF5,7,291,41.57142857142857,False
llama3.3_70b,Q4_Cauda_Longa,36700469,MCF2L-AS1,MCF2L,9,56,6.222222222222222,False
llama3.3_70b,Q4_Cauda_Longa,36770940,miR-1268b,VEGFA,4,5214,1303.5,False
llama3.3_70b,Q4_Cauda_Longa,38070791,Long intergenic non-protein coding RNA 115,HOTAIR,5,503,100.6,False
llama3.3_70b,Q4_Cauda_Longa,17098703,HMGA1L2,PTCSC3,3,14,4.666666666666667,False
llama3.3_70b,Q4_Cauda_Longa,24501229,PPIEL,GNAS,8,711,88.875,False
llama3.3_70b,Q4_Cauda_Longa,32572918,Linc00601,LINC00973,1,5,5.0,False
llama3.3_70b,Q4_Cauda_Longa,34651202,PHEX-AS1,HOTAIR,2,503,251.5,False
llama3.3_70b,Q4_Cauda_Longa,37545364,ADPGK-AS1,MALAT1,7,682,97.42857142857143,False
llama3.3_70b,Q4_Cauda_Longa,11340635,PRAC,DD3,5,86,17.2,False
llama3.3_70b,Q4_Cauda_Longa,30317552,SEMA3B-AS1,TUG1,7,235,33.57142857142857,False
llama3.3_70b,Q4_Cauda_Longa,34427876,LINC00943,NEAT1,7,473,67.57142857142857,False
llama3.3_70b,Q4_Cauda_Longa,34859848,miR-3174,miR-145,7,664,94.85714285714286,False
llama3.3_70b,Q4_Cauda_Longa,11566096,NXF4,NXF2,3,32,10.666666666666666,True
llama3.3_70b,Q4_Cauda_Longa,31488171,miR-3064,miR-21,8,1580,197.5,False
llama3.3_70b,Q4_Cauda_Longa,35657686,OVAAL,LINC00355,5,13,2.6,False
llama3.3_70b,Q4_Cauda_Longa,35707591,OR4M1,GPR126,6,71,11.833333333333334,False
llama3.3_70b,Q4_Cauda_Longa,8761437,CATR1,TGFBR3,3,172,57.333333333333336,False
llama3.3_70b,Q4_Cauda_Longa,29630094,MiR-4421,miR-145,3,664,221.33333333333334,False
llama3.3_70b,Q4_Cauda_Longa,29700843,Spermatogenesis-associated 48,PIWIL2,8,71,8.875,False
llama3.3_70b,Q4_Cauda_Longa,38880921,ZSWIM1,YAP1,9,1524,169.33333333333334,False
llama3.3_70b,Q4_Cauda_Longa,2559024,ATP1BL1,ATP1B2,2,58,29.0,False
llama3.3_70b,Q4_Cauda_Longa,22258142,Yiya,CCAT1,3,121,40.333333333333336,False
llama3.3_70b,Q4_Cauda_Longa,27076786,LOC101926975,H19,1,570,570.0,False
llama3.3_70b,Q4_Cauda_Longa,31582214,LINC01419,LINC00319,7,14,2.0,False
llama3.3_70b,Q4_Cauda_Longa,34076996,miR-614,miR-145,7,664,94.85714285714286,False
llama3.3_70b,Q4_Cauda_Longa,34378327,GACAT1,HOTAIR,4,503,125.75,False
llama3.3_70b,Q4_Cauda_Longa,34777698,miR-4454,miR-21,9,1580,175.55555555555554,False
llama3.3_70b,Q4_Cauda_Longa,38017487,KCNMA1-AS1,H19,5,570,114.0,False
llama3.3_70b,Q4_Cauda_Longa,6201125,peptidase E,NRAS,1,686,686.0,False
llama3.3_70b,Q4_Cauda_Longa,30341249,LINC00210,LINC00341,4,44,11.0,False
llama3.3_70b,Q4_Cauda_Longa,30951563,microRNA-4474/4717,miR-21,8,1580,197.5,False
llama3.3_70b,Q4_Cauda_Longa,33237828,SMIM25,H19,8,570,71.25,False
llama3.3_70b,Q4_Cauda_Longa,36647631,LINC00926,LINC00341,7,44,6.285714285714286,False
llama3.3_70b,Q4_Cauda_Longa,8005606,RT6,PAH,4,326,81.5,False
llama3.3_70b,Q4_Cauda_Longa,16717440,DFNA24,DFNA6,2,264,132.0,False
llama3.3_70b,Q4_Cauda_Longa,26527144,GemC1,Idas,8,14,1.75,True
llama3.3_70b,Q4_Cauda_Longa,31870402,HOXC-AS1,CCAT2,5,88,17.6,False
llama3.3_70b,Q4_Cauda_Longa,2788608,AMYP1,P1,5,56,11.2,True
llama3.3_70b,Q4_Cauda_Longa,10728827,D1F15S1A,HGFL,7,106,15.142857142857142,True
llama3.3_70b,Q4_Cauda_Longa,12514748,PRNT,SPRN,8,14,1.75,False
llama3.3_70b,Q4_Cauda_Longa,26158411,Epist,MALAT1,6,682,113.66666666666667,False
llama3.3_70b,Q4_Cauda_Longa,27535846,SLI3,DYX1C1,1,58,58.0,False
llama3.3_70b,Q4_Cauda_Longa,35196185,miR-3646,miR-21,6,1580,263.3333333333333,False
llama3.3_70b,Q4_Cauda_Longa,38848293,LINC01106,HOTAIR,7,503,71.85714285714286,False
llama3.3_70b,Q4_Cauda_Longa,12935778,MYAS1,CTLA4,1,1339,1339.0,False
llama3.3_70b,Q4_Cauda_Longa,25303483,PTCSC2,PVT1,7,314,44.857142857142854,False
llama3.3_70b,Q4_Cauda_Longa,28415780,PCAT-14,HULC,4,96,24.0,False
llama3.3_70b,Q4_Cauda_Longa,36118523,LINC00674,LINC00312,6,21,3.5,False
llama3.3_70b,Q4_Cauda_Longa,40068798,PLSCR5,PLSCR1,6,134,22.333333333333332,False
llama3.3_70b,Q4_Cauda_Longa,31138789,ZNF479,YAP1,8,1524,190.5,False
llama3.3_70b,Q4_Cauda_Longa,32980991,PCAT19,SNHG14,9,79,8.777777777777779,False
llama3.3_70b,Q4_Cauda_Longa,8661144,ZNF75C,ZNF75,3,12,4.0,True
llama3.3_70b,Q4_Cauda_Longa,10444326,HHLA3,HHLA1,9,6,0.6666666666666666,False
llama3.3_70b,Q4_Cauda_Longa,28334377,LRIT3,NYX,8,36,4.5,False
llama3.3_70b,Q4_Cauda_Longa,28422318,ZNF404,TOX3,9,92,10.222222222222221,False
llama3.3_70b,Q4_Cauda_Longa,29757368,LINC00514,H19,8,570,71.25,True
llama3.3_70b,Q4_Cauda_Longa,36806387,NFIA-AS2,NEAT1,5,473,94.6,False
llama3.3_70b,Q4_Cauda_Longa,15175115,SLC22A1LS,IGF2,8,749,93.625,False
llama3.3_70b,Q4_Cauda_Longa,28087599,LINC00092,HOTAIR,6,503,83.83333333333333,False
llama3.3_70b,Q4_Cauda_Longa,32279128,MicroRNA-4317,MICU1,7,114,16.285714285714285,False
llama3.3_70b,Q4_Cauda_Longa,32811869,EIF3J-AS1,HOTAIR,6,503,83.83333333333333,False
llama3.3_70b,Q4_Cauda_Longa,37248547,WAC-AS1,LINC02163,7,4,0.5714285714285714,False
llama3.3_70b,Q4_Cauda_Longa,11369687,FAA1,COL3A1,1,306,306.0,False
llama3.3_70b,Q4_Cauda_Longa,16303764,CLN9,LASS1,2,44,22.0,True
llama3.3_70b,Q4_Cauda_Longa,20975707,HMGA1-p.,HMGA1P6,3,3,1.0,False
llama3.3_70b,Q4_Cauda_Longa,24886442,RP11-46A10.4,PVT1,1,314,314.0,True
llama3.3_70b,Q4_Cauda_Longa,30448060,LINC00165,NEAT1,4,473,118.25,False
llama3.3_70b,Q4_Cauda_Longa,33299853,miR-3125,miR-145,4,664,166.0,False
llama3.3_70b,Q4_Cauda_Longa,32537885,microRNA-4661,miR-122,4,434,108.5,False
llama3.3_70b,Q4_Cauda_Longa,34362795,WTAPP1,PVT1,9,314,34.888888888888886,False
llama3.3_70b,Q4_Cauda_Longa,35905044,MTHFDL1,MTHFD1L,2,156,78.0,True
llama3.3_70b,Q4_Cauda_Longa,36602957,DNMBP-AS1,NEAT1,2,473,236.5,False
llama3.3_70b,Q4_Cauda_Longa,19752191,ALL1,ASH1,2,133,66.5,False
llama3.3_70b,Q4_Cauda_Longa,29270239,ZNF542,ZNF554,7,14,2.0,False
llama3.3_70b,Q4_Cauda_Longa,31736153,CHL1-AS1,NEAT1,3,473,157.66666666666666,False
llama3.3_70b,Q4_Cauda_Longa,32298923,Leucine-rich repeat containing protein 10B,TRIM56,6,100,16.666666666666668,False
llama3.3_70b,Q4_Cauda_Longa,34224057,MGC27382,MIR100HG,4,21,5.25,False
llama3.3_70b,Q4_Cauda_Longa,24709545,CXorf66,CXorf67,4,26,6.5,False
llama3.3_70b,Q4_Cauda_Longa,28767188,LINC01101,LINC00271,3,11,3.6666666666666665,False
llama3.3_70b,Q4_Cauda_Longa,29656893,RINN1,SHLD2,8,31,3.875,False
llama3.3_70b,Q4_Cauda_Longa,25653177,C18orf42,AKAP5,3,113,37.666666666666664,False
llama3.3_70b,Q4_Cauda_Longa,38587325,LINC01270,HOTAIR,6,503,83.83333333333333,False
llama3.3_70b,Q4_Cauda_Longa,26600424,FAM149A,EPAS1,9,638,70.88888888888889,False
llama3.3_70b,Q4_Cauda_Longa,35137449,UBA6-AS1,SLNCR1,4,32,8.0,False
llama3.3_70b,Q4_Cauda_Longa,38221658,MTRNR2L2,IL6,9,5468,607.5555555555555,False
llama3.3_70b,Q4_Cauda_Longa,11713263,Ribin,TTF1,3,336,112.0,False
llama3.3_70b,Q4_Cauda_Longa,11821432,PEG1-AS,ZNF264,4,22,5.5,False
llama3.3_70b,Q4_Cauda_Longa,32196587,LINC01197,CEA,7,16,2.2857142857142856,False
llama3.3_70b,Q4_Cauda_Longa,35605650,CLEC4GP1,PTENP1,3,45,15.0,False
llama3.3_70b,Q4_Cauda_Longa,36284435,SNORD111,SNORD116-1,3,12,4.0,False
llama3.3_70b,Q4_Cauda_Longa,36660950,miR-126-3p,miR-122,6,434,72.33333333333333,False
llama3.3_70b,Q4_Cauda_Longa,8852668,MRX23,MRX3,1,301,301.0,False
llama3.3_70b,Q4_Cauda_Longa,9205111,ERp60,PDIA6,7,274,39.142857142857146,False
llama3.3_70b,Q4_Cauda_Longa,10812081,DAD-R,DAD1,3,75,25.0,False
llama3.3_70b,Q4_Cauda_Longa,28660502,miR-891b,miR-182,5,286,57.2,False
llama3.3_70b,Q4_Cauda_Longa,32964971,HMGA1P4,HOTAIR,2,503,251.5,False
llama3.3_70b,Q4_Cauda_Longa,34767727,PTPRG Antisense RNA 1,CCAT1,9,121,13.444444444444445,False
llama3.3_70b,Q4_Cauda_Longa,18154640,MRPS18CP2,DFNB31,2,45,22.5,False
llama3.3_70b,Q4_Cauda_Longa,21460840,MS4A4E,MS4A4A,8,19,2.375,False
llama3.3_70b,Q4_Cauda_Longa,27683121,RP11-462C24.1,HULC,9,96,10.666666666666666,False
llama3.3_70b,Q4_Cauda_Longa,30082910,ANKDD1A,Parkin,10,992,99.2,False
llama3.3_70b,Q4_Cauda_Longa,32329849,LINC01551,ZEB1,3,656,218.66666666666666,False
llama3.3_70b,Q4_Cauda_Longa,10575211,LIS2,PAFAH1B1,1,226,226.0,False
llama3.3_70b,Q4_Cauda_Longa,26393913,RP11-397D12.4,HOTAIR,1,503,503.0,False
llama3.3_70b,Q4_Cauda_Longa,28041957,PLUTO,HI-LNC25,5,1,0.2,False
llama3.3_70b,Q4_Cauda_Longa,31132669,LINC00909,SNHG14,7,79,11.285714285714286,False
llama3.3_70b,Q4_Cauda_Longa,33037865,MCF2L-AS1,SNHG14,9,79,8.777777777777779,False
llama3.3_70b,Q4_Cauda_Longa,35322763,LINC01315,HOTAIR,6,503,83.83333333333333,False
llama3.3_70b,Q4_Cauda_Longa,36635268,BGLT3,LINC01197,8,7,0.875,False
llama3.3_70b,Q4_Cauda_Longa,11150526,testis-specific poly(A) polymerase,PAP2,9,296,32.888888888888886,False
llama3.3_70b,Q4_Cauda_Longa,15358244,OST-PTP,Ptprz1,5,101,20.2,False
llama3.3_70b,Q4_Cauda_Longa,17258408,TMEM30C,TMEM30A,3,82,27.333333333333332,True
llama3.3_70b,Q4_Cauda_Longa,35067783,LINC00160,NEAT1,4,473,118.25,False
llama3.3_70b,Q4_Cauda_Longa,35404750,LINC00488,LINC00312,5,21,4.2,False
llama3.3_70b,Q4_Cauda_Longa,20463881,DSCR9,HERC2,9,214,23.77777777777778,False
llama3.3_70b,Q4_Cauda_Longa,23876241,transglutaminase 7,TG2,9,554,61.55555555555556,False
llama3.3_70b,Q4_Cauda_Longa,29261648,NIPBL-AS1,NIPA1,3,43,14.333333333333334,False
llama3.3_70b,Q4_Cauda_Longa,32495869,linc00337,KRAS,9,3056,339.55555555555554,False
llama3.3_70b,Q4_Cauda_Longa,12112072,SPG19,SPG44,1,41,41.0,False
llama3.3_70b,Q4_Cauda_Longa,25875936,ZNF700,ZNF622,6,85,14.166666666666666,False
llama3.3_70b,Q4_Cauda_Longa,33147570,LINC00968,LINC00473,9,30,3.3333333333333335,False
llama3.3_70b,Q4_Cauda_Longa,28396580,PRAL,MEG3,4,337,84.25,False
llama3.3_70b,Q4_Cauda_Longa,33753211,LINC01614,LINC00312,9,21,2.3333333333333335,False
llama3.3_70b,Q4_Cauda_Longa,36261031,miR-3917,miR-21,4,1580,395.0,False
llama3.3_70b,Q4_Cauda_Longa,37300672,LINC00885,LINC00887,6,13,2.1666666666666665,False
llama3.3_70b,Q4_Cauda_Longa,37469237,TMPOP2,HOTAIR,2,503,251.5,False
llama3.3_70b,Q4_Cauda_Longa,29917192,MiR-4299,miR-145,6,664,110.66666666666667,False
llama3.3_70b,Q4_Cauda_Longa,39242532,POLH-AS1,PD-L1,2,2649,1324.5,False
llama3.3_70b,Q4_Cauda_Longa,9630250,U19,UHG,8,146,18.25,True
llama3.3_70b,Q4_Cauda_Longa,30536379,GACAT3,HCP5,9,80,8.88888888888889,False
llama3.3_70b,Q4_Cauda_Longa,31102367,lncUSMycN,HOTAIR,4,503,125.75,False
llama3.3_70b,Q4_Cauda_Longa,36656640,LINC00881,CHROME,3,8,2.6666666666666665,False
llama3.3_70b,Q4_Cauda_Longa,31262262,WWC2-AS1,H19,1,570,570.0,False
llama3.3_70b,Q4_Cauda_Longa,33204302,LINC00426,HULC,4,96,24.0,False
llama3.3_70b,Q4_Cauda_Longa,35278131,DFNA33,ATP11A,2,46,23.0,True
llama3.3_70b,Q4_Cauda_Longa,30518158,PCAT18,LINC00673,7,32,4.571428571428571,False
llama3.3_70b,Q4_Cauda_Longa,31652445,miR-2392,SMAD7,9,408,45.333333333333336,False
llama3.3_70b,Q4_Cauda_Longa,34105888,LINC00525,CCAT1,9,121,13.444444444444445,False
llama3.3_70b,Q4_Cauda_Longa,35624327,TRAJ19,CD4,2,2027,1013.5,False
llama3.3_70b,Q4_Cauda_Longa,37271897,DIO3OS,DANCR,5,121,24.2,False
llama3.3_70b,Q4_Cauda_Longa,15974297,PREG1,STOX1,6,43,7.166666666666667,False
llama3.3_70b,Q4_Cauda_Longa,31642395,miR-559,MIR196A2,5,234,46.8,False
llama3.3_70b,Q4_Cauda_Longa,32458152,SNORA71B,SNHG14,4,79,19.75,False
llama3.3_70b,Q4_Cauda_Longa,36385489,LINC01608,LINC00152,2,100,50.0,False
llama3.3_70b,Q4_Cauda_Longa,30710292,S100Z,S100A1,7,132,18.857142857142858,False
llama3.3_70b,Q4_Cauda_Longa,21447600,GLC1P,TBK1,1,566,566.0,True
llama3.3_70b,Q4_Cauda_Longa,30394665,GAS6-AS2,TP73-AS1,4,55,13.75,False
llama3.3_70b,Q4_Cauda_Longa,30468482,LINC00899,HOTAIR,6,503,83.83333333333333,False
llama3.3_70b,Q4_Cauda_Longa,31033124,SPATA31A3,SP100,5,138,27.6,False
llama3.3_70b,Q4_Cauda_Longa,36823542,ARL9,ARL11,5,32,6.4,False
llama3.3_70b,Q4_Cauda_Longa,38357893,TRG-AS1,CCAT1,4,121,30.25,False
llama3.3_70b,Q4_Cauda_Longa,18060868,BMZF3,ZNF91,9,27,3.0,False
llama3.3_70b,Q4_Cauda_Longa,29547645,POTEA,MSH3,8,191,23.875,False
llama3.3_70b,Q4_Cauda_Longa,22197932,ACTL9,TOX,10,64,6.4,False
llama3.3_70b,Q4_Cauda_Longa,24055526,C2ORF80,NR5A1,6,290,48.333333333333336,False
llama3.3_70b,Q4_Cauda_Longa,27114614,Ae4,AE2,6,27,4.5,False
llama3.3_70b,Q4_Cauda_Longa,32419112,miR-1976,miR-145,8,664,83.0,False
llama3.3_70b,Q4_Cauda_Longa,32769488,FKBP9P1,LINC00312,5,21,4.2,False
llama3.3_70b,Q4_Cauda_Longa,35048477,miR-1276,miR-122,7,434,62.0,False
llama3.3_70b,Q4_Cauda_Longa,38225865,LINC01405,LINC00511,3,42,14.0,False
llama3.3_70b,Q4_Cauda_Longa,24530685,PTPLAD2,PTPRD,9,132,14.666666666666666,False
llama3.3_70b,Q4_Cauda_Longa,26938303,LINC01225,HULC,7,96,13.714285714285714,False
llama3.3_70b,Q4_Cauda_Longa,28418939,MIR378D2,LINC00657,7,97,13.857142857142858,False
llama3.3_70b,Q4_Cauda_Longa,34944551,Galectin-16,LGALS1,4,566,141.5,False
llama3.3_70b,Q4_Cauda_Longa,35667653,LINC00680,LINC00336,8,4,0.5,False
llama3.3_70b,Q4_Cauda_Longa,23358633,CEACAM20,CEACAM6,6,132,22.0,False
llama3.3_70b,Q4_Cauda_Longa,25720405,MTRNR2L12,SERPINI1,7,67,9.571428571428571,False
llama3.3_70b,Q4_Cauda_Longa,27849024,LOC146880,HOTAIR,7,503,71.85714285714286,False
llama3.3_70b,Q4_Cauda_Longa,31289104,MIR30,SLC22A12,5,121,24.2,False
llama3.3_70b,Q4_Cauda_Longa,37759778,HML6-c14,NBL1,4,34,8.5,False
llama3.3_70b,Q4_Cauda_Longa,38503887,ZNF519,PINK1,9,511,56.77777777777778,False
llama3.3_70b,Q4_Cauda_Longa,24056535,C6orf70,TUBA8,8,90,11.25,False
llama3.3_70b,Q4_Cauda_Longa,27889102,C9orf152,C1QTNF9,8,48,6.0,False
llama3.3_70b,Q4_Cauda_Longa,28328537,LOC100129148,NEAT1,1,473,473.0,False
llama3.3_70b,Q4_Cauda_Longa,31054777,LINC01288,CCAT2,2,88,44.0,False
llama3.3_70b,Q4_Cauda_Longa,38273714,LOC339803,NEAT1,4,473,118.25,False
llama3.3_70b,Q4_Cauda_Longa,8812489,CRYBB2P1,CRYBA1,7,56,8.0,False
llama3.3_70b,Q4_Cauda_Longa,28049826,PTCSC2,PVT1,7,314,44.857142857142854,False
llama3.3_70b,Q4_Cauda_Longa,28380328,MIR4697,LRRK2,8,1110,138.75,False
llama3.3_70b,Q4_Cauda_Longa,29913236,Linc01060,MIR31HG,5,47,9.4,False
llama3.3_70b,Q4_Cauda_Longa,35357586,LINC01088,LINC00461,5,25,5.0,False
llama3.3_70b,Q4_Cauda_Longa,35874989,FAM66C,LUCAT1,5,45,9.0,True
llama3.3_70b,Q4_Cauda_Longa,1686016,SRD5AP1,SRD5A2,1,272,272.0,False
llama3.3_70b,Q4_Cauda_Longa,25854761,CCDC129,ERAP1,8,267,33.375,False
llama3.3_70b,Q4_Cauda_Longa,30936463,KCNE1B,KCNE2,2,94,47.0,False
llama3.3_70b,Q4_Cauda_Longa,31847890,KLF3-AS1,H19,6,570,95.0,False
llama3.3_70b,Q4_Cauda_Longa,32352014,A2M-AS1,LINC00511,5,42,8.4,False
llama3.3_70b,Q4_Cauda_Longa,32878637,LINC00301,LINC01133,5,34,6.8,False
llama3.3_70b,Q4_Cauda_Longa,36553541,DFNA58,DFNB68,2,102,51.0,False
llama3.3_70b,Q4_Cauda_Longa,28082678,NKp65,CLEC2,6,54,9.0,False
llama3.3_70b,Q4_Cauda_Longa,30274775,OGFRP1,LINC00312,6,21,3.5,False
llama3.3_70b,Q4_Cauda_Longa,34626132,PXN-AS1,SRSF1,7,521,74.42857142857143,False
llama3.3_70b,Q4_Cauda_Longa,21156761,RPS12P4,IRF1,2,398,199.0,False
llama3.3_70b,Q4_Cauda_Longa,23105016,DTHD1,TTC21B,9,40,4.444444444444445,False
llama3.3_70b,Q4_Cauda_Longa,32592116,C5orf47,C6orf157,2,26,13.0,False
llama3.3_70b,Q4_Cauda_Longa,32727980,IDI2-AS1,H19,8,570,71.25,False
llama3.3_70b,Q4_Cauda_Longa,25116943,LCAL1,MALAT1,5,682,136.4,False
llama3.3_70b,Q4_Cauda_Longa,30219035,TUSC2P,PTENP1,4,45,11.25,False
llama3.3_70b,Q4_Cauda_Longa,34593639,PRAMEF2,XAGE1,6,39,6.5,False
llama3.3_70b,Q4_Cauda_Longa,11896456,transmembrane protein 7,CMTM3,9,35,3.888888888888889,False
llama3.3_70b,Q4_Cauda_Longa,38084631,PSMB8-AS1,H19,8,570,71.25,False
llama3.3_70b,Q4_Cauda_Longa,38309317,LINC00645,LINC00312,1,21,21.0,False
llama3.3_70b,Q4_Cauda_Longa,38630521,STMND1,SMNDC1,3,91,30.333333333333332,False
llama3.3_70b,Q4_Cauda_Longa,1916814,EIF4EL2,EIF4E,2,515,257.5,False
llama3.3_70b,Q4_Cauda_Longa,26276270,GTF2IRD2P1,HOTAIR,2,503,251.5,False
llama3.3_70b,Q4_Cauda_Longa,28212545,SNORA74B,SNHG1,6,146,24.333333333333332,False
llama3.3_70b,Q4_Cauda_Longa,28455792,C14orf28,DRIP78,5,36,7.2,False
llama3.3_70b,Q4_Cauda_Longa,28666385,U11,U12,9,4,0.4444444444444444,True
llama3.3_70b,Q4_Cauda_Longa,31514068,LINC01210,LINC00337,3,9,3.0,False
llama3.3_70b,Q4_Cauda_Longa,34115333,A1BG-AS1,NEAT1,3,473,157.66666666666666,False
llama3.3_70b,Q4_Cauda_Longa,20026329,HSP40,HOP,6,69,11.5,False
llama3.3_70b,Q2_Medios,17389591,ASK1,RIP1,333,136,0.4084084084084084,True
llama3.3_70b,Q2_Medios,11522670,hepatocyte nuclear factor-1alpha,SLC2A2,542,119,0.21955719557195572,False
llama3.3_70b,Q2_Medios,15229283,Nup107,Nup62,174,212,1.2183908045977012,False
llama3.3_70b,Q2_Medios,35485293,CX3CL1,YAP1,347,1524,4.39193083573487,False
llama3.3_70b,Q2_Medios,1373877,JAK1,FLT3,535,835,1.560747663551402,False
llama3.3_70b,Q2_Medios,17690039,death-associated protein kinase,CAMK2,293,133,0.4539249146757679,False
llama3.3_70b,Q2_Medios,23102494,PGF,VEGFC,429,497,1.1585081585081585,False
llama3.3_70b,Q2_Medios,19167348,MicroRNA-146a,miR-21,952,1580,1.6596638655462186,False
llama3.3_70b,Q2_Medios,37738673,SOX2,MYC,818,2704,3.3056234718826407,False
llama3.3_70b,Q2_Medios,16110781,mannose binding lectin,CYBB,863,373,0.4322132097334878,False
llama3.3_70b,Q2_Medios,17333166,"SPINK1, -2, -4, and -5",SPINK4,261,13,0.04980842911877394,True
llama3.3_70b,Q2_Medios,28373534,BSG,KCNQ5,780,55,0.07051282051282051,False
llama3.3_70b,Q2_Medios,23119111,CD30,Ki-67,237,1035,4.367088607594937,False
llama3.3_70b,Q2_Medios,31866421,GAS5,TUG1,264,235,0.8901515151515151,False
llama3.3_70b,Q2_Medios,30242148,N-cadherin,SCARB1,420,404,0.9619047619047619,False
llama3.3_70b,Q2_Medios,23717208,UCHL1,USP15,420,233,0.5547619047619048,False
llama3.3_70b,Q2_Medios,16168958,SR-BI,NPC1L1,404,114,0.28217821782178215,False
llama3.3_70b,Q2_Medios,26917449,Integrin alpha4,PLXDC1,315,31,0.09841269841269841,False
llama3.3_70b,Q2_Medios,24948143,nephrin,APOL1,162,318,1.962962962962963,True
llama3.3_70b,Q2_Medios,26193702,SOCS1,USP18,485,121,0.24948453608247423,False
llama3.3_70b,Q2_Medios,37703315,MALAT1,HOTAIR,682,503,0.7375366568914956,False
llama3.3_70b,Q2_Medios,17544371,TRAF1,TNF,242,6448,26.644628099173552,True
llama3.3_70b,Q2_Medios,26188124,mortalin-2,MDM2,573,2218,3.8708551483420592,False
llama3.3_70b,Q2_Medios,12207353,ICOS,BTLA,191,97,0.5078534031413613,False
llama3.3_70b,Q2_Medios,38470543,MET,SNAIL,108,676,6.2592592592592595,False
llama3.3_70b,Q2_Medios,21474972,epithelial cell transforming sequence-2,ARHGEF7,164,185,1.1280487804878048,False
llama3.3_70b,Q2_Medios,34311033,TRPC3,TRPC2,159,11,0.06918238993710692,False
llama3.3_70b,Q2_Medios,26598275,BAG6,GRP94,308,535,1.7370129870129871,False
llama3.3_70b,Q2_Medios,31001272,SATB1,GATA3,234,516,2.2051282051282053,False
llama3.3_70b,Q2_Medios,19833493,LDL receptor-related protein 6,SFRP1,284,245,0.8626760563380281,False
llama3.3_70b,Q2_Medios,19674979,STAT4,TNFAIP3,310,541,1.7451612903225806,True
llama3.3_70b,Q2_Medios,37238605,Sirtuin 3,SIRT1,384,1828,4.760416666666667,False
llama3.3_70b,Q2_Medios,32044406,PRDM2,ZAC1,101,13,0.12871287128712872,False
llama3.3_70b,Q2_Medios,18952063,Cofilin,MLCK,510,185,0.3627450980392157,True
llama3.3_70b,Q2_Medios,18167552,Toll-like receptors 2 and 5,TLR4,259,2778,10.725868725868725,False
llama3.3_70b,Q2_Medios,19309535,MAOA,DRD4,656,725,1.1051829268292683,False
llama3.3_70b,Q2_Medios,31910357,HMGA2,FRAT1,534,40,0.0749063670411985,False
llama3.3_70b,Q2_Medios,20201617,microRNA-155,BIC,920,58,0.06304347826086956,True
llama3.3_70b,Q2_Medios,28743511,Raf-1,PKC,712,144,0.20224719101123595,False
llama3.3_70b,Q2_Medios,30828789,RIPK1,cIAP1,551,353,0.6406533575317604,False
llama3.3_70b,Q2_Medios,24446252,X-linked inhibitor of apoptosis,ERBB3,687,576,0.8384279475982532,False
llama3.3_70b,Q2_Medios,20340131,CADM1,CDH1,233,280,1.201716738197425,False
llama3.3_70b,Q2_Medios,32912968,Nup153,Nup88,266,146,0.5488721804511278,False
llama3.3_70b,Q2_Medios,36181054,PLK1,BUB1,935,187,0.2,True
llama3.3_70b,Q2_Medios,20808827,SRF,EGR1,233,555,2.3819742489270386,False
llama3.3_70b,Q2_Medios,14720327,Nemo-like kinase,NFAT1,105,262,2.4952380952380953,False
llama3.3_70b,Q3_Baixa_Popularidade,16858508,POU3F2,ATXN3,69,333,4.826086956521739,False
llama3.3_70b,Q3_Baixa_Popularidade,26196590,SLC22A18,CDKN1C,45,252,5.6,False
llama3.3_70b,Q3_Baixa_Popularidade,37958512,ZNF714,ZNF304,18,11,0.6111111111111112,False
llama3.3_70b,Q3_Baixa_Popularidade,36115925,SPACA6,IZUMO1,12,25,2.0833333333333335,True
llama3.3_70b,Q3_Baixa_Popularidade,31395899,ANO5,TNPO3,69,185,2.681159420289855,False
llama3.3_70b,Q3_Baixa_Popularidade,11931652,matrix metalloproteinase-26,MMP7,58,513,8.844827586206897,False
llama3.3_70b,Q3_Baixa_Popularidade,35618211,MAGEB2,MAGEA3,58,104,1.793103448275862,False
llama3.3_70b,Q3_Baixa_Popularidade,26427795,CREB3L3,APOA5,33,462,14.0,False
llama3.3_70b,Q3_Baixa_Popularidade,24886551,SPCS1,TP63,44,967,21.977272727272727,False
llama3.3_70b,Q3_Baixa_Popularidade,32562573,PEAR1,TREM1,45,264,5.866666666666666,False
llama3.3_70b,Q3_Baixa_Popularidade,27733563,KCNA2,KCNA1,93,100,1.075268817204301,False
llama3.3_70b,Q3_Baixa_Popularidade,29620236,RGS1,MCAM,69,258,3.739130434782609,False
llama3.3_70b,Q3_Baixa_Popularidade,17211733,carcinoembryonic antigen,CEA,47,16,0.3404255319148936,False
llama3.3_70b,Q3_Baixa_Popularidade,7493990,6-pyruvoyltetrahydropterin synthase,PAH,87,326,3.7471264367816093,False
llama3.3_70b,Q3_Baixa_Popularidade,30457983,ATPase II,ATP8B1,51,91,1.7843137254901962,False
llama3.3_70b,Q3_Baixa_Popularidade,9674711,HEK2,EphB1,65,82,1.2615384615384615,False
llama3.3_70b,Q3_Baixa_Popularidade,29550188,Eyes Shut Homolog,RPGR,75,184,2.453333333333333,False
llama3.3_70b,Q3_Baixa_Popularidade,27635108,DKKL1,SCP1,23,37,1.608695652173913,False
llama3.3_70b,Q3_Baixa_Popularidade,26977016,BATF2,c-JUN,49,1330,27.142857142857142,False
llama3.3_70b,Q3_Baixa_Popularidade,36597175,SNIP1,SOX4,89,272,3.056179775280899,False
llama3.3_70b,Q3_Baixa_Popularidade,33852835,TIMMDC1,NDUFAF2,75,66,0.88,False
llama3.3_70b,Q3_Baixa_Popularidade,30324420,NR2E3,PDE6H,70,24,0.34285714285714286,False
llama3.3_70b,Q3_Baixa_Popularidade,27329732,DIO3,IGF2,67,749,11.17910447761194,False
llama3.3_70b,Q3_Baixa_Popularidade,30367833,ALK7,SMAD2,40,736,18.4,False
llama3.3_70b,Q3_Baixa_Popularidade,36690276,nitric oxide synthase interacting protein,KCTD13,90,60,0.6666666666666666,False
llama3.3_70b,Q3_Baixa_Popularidade,36830709,KIF12,ITGA8,23,54,2.347826086956522,False
llama3.3_70b,Q3_Baixa_Popularidade,36434627,SPAG16,HLA-DRB1,26,2875,110.57692307692308,False
llama3.3_70b,Q3_Baixa_Popularidade,34650124,GNG7,KRAS,49,3056,62.36734693877551,False
llama3.3_70b,Q3_Baixa_Popularidade,29514856,Samp1,SUN1,74,115,1.554054054054054,False
llama3.3_70b,Q3_Baixa_Popularidade,29098769,galectin-12,LGALS3,17,1065,62.64705882352941,False
llama3.3_70b,Q3_Baixa_Popularidade,24223182,SPRY4-IT1,H19,51,570,11.176470588235293,False
llama3.3_70b,Q3_Baixa_Popularidade,33469885,ADAMTS18,WT1,40,761,19.025,False
llama3.3_70b,Q3_Baixa_Popularidade,29175417,ESRRB,ESR2,68,1278,18.794117647058822,False
llama3.3_70b,Q3_Baixa_Popularidade,22267732,TULA-2,SHIP2,75,178,2.3733333333333335,False
llama3.3_70b,Q3_Baixa_Popularidade,36951484,USP32,USP22,55,195,3.5454545454545454,False
llama3.3_70b,Q3_Baixa_Popularidade,26722434,Contactin 1,NCAM1,97,409,4.216494845360825,False
llama3.3_70b,Q3_Baixa_Popularidade,18029424,KIN17,YB-1,72,777,10.791666666666666,False
llama3.3_70b,Q3_Baixa_Popularidade,30962439,Vps13B,Vps33b,86,97,1.127906976744186,False
llama3.3_70b,Q3_Baixa_Popularidade,29974973,LIPH,LRP1,56,540,9.642857142857142,False
llama3.3_70b,Q3_Baixa_Popularidade,24190897,Soggy,SOSTDC1,23,35,1.5217391304347827,True
llama3.3_70b,Q3_Baixa_Popularidade,25449536,CCL4L2,CCL5,36,821,22.805555555555557,False
llama3.3_70b,Q3_Baixa_Popularidade,20876810,UGT2B17,UGT2B10,98,33,0.336734693877551,True
llama3.3_70b,Q3_Baixa_Popularidade,29126969,SNHG16,LINC00319,97,14,0.14432989690721648,False
llama3.3_70b,Q3_Baixa_Popularidade,20692050,Glypican-5,CD40LG,69,547,7.927536231884058,False
llama3.3_70b,Q3_Baixa_Popularidade,17882223,KIR2DS3,KIR2DL1,99,170,1.7171717171717171,False
llama3.3_70b,Q3_Baixa_Popularidade,8415637,ARL2,ARL6,98,51,0.5204081632653061,False
llama3.3_70b,Q3_Baixa_Popularidade,28759956,Fer-1-like protein 4,MEG3,38,337,8.868421052631579,False
llama3.3_70b,Q3_Baixa_Popularidade,16617106,Su48,Cep170,57,194,3.4035087719298245,False
llama3.3_70b,Q3_Baixa_Popularidade,26054975,miR-573,miR-145,19,664,34.94736842105263,False
llama3.3_70b,Q3_Baixa_Popularidade,17426099,PAX4,HNF1A,76,542,7.131578947368421,False
llama3.3_70b,Q3_Baixa_Popularidade,24899684,DDX43,DHX9,44,566,12.863636363636363,False
llama3.3_70b,Q3_Baixa_Popularidade,34781077,KIF15,HSP60,82,755,9.207317073170731,True
llama3.3_70b,Q3_Baixa_Popularidade,28270545,TMEM165,MPDU1,90,60,0.6666666666666666,False
llama3.3_70b,Q3_Baixa_Popularidade,24098452,CCNJ,PLK2,17,104,6.117647058823529,False
llama3.3_70b,Q3_Baixa_Popularidade,31285420,4-hydroxyphenylpyruvate dioxygenase,Tyr,37,229,6.1891891891891895,False
llama3.3_70b,Q3_Baixa_Popularidade,27296998,KCNK3,KCNT1,99,45,0.45454545454545453,False
llama3.3_70b,Q3_Baixa_Popularidade,33232357,SAM-pointed domain-containing ETS-like factor,MUC1,87,959,11.022988505747126,False
llama3.3_70b,Q3_Baixa_Popularidade,17355957,ZnT5,ZIP4,60,83,1.3833333333333333,False
llama3.3_70b,Q3_Baixa_Popularidade,37189200,OTOF,MYO7A,80,163,2.0375,False
llama3.3_70b,Q3_Baixa_Popularidade,22223847,Nkx2.8,NKX3-1,22,131,5.954545454545454,False
llama3.3_70b,Q3_Baixa_Popularidade,35108062,CECR2,BRD4,34,524,15.411764705882353,False
llama3.3_70b,Q3_Baixa_Popularidade,17137291,NY-ESO-1,MAGE-C2,26,61,2.3461538461538463,False
llama3.3_70b,Q3_Baixa_Popularidade,36693952,NRBP1,TRIB2,79,97,1.2278481012658229,False
llama3.3_70b,Q3_Baixa_Popularidade,38480859,MKRN1,TP63,58,967,16.67241379310345,False
llama3.3_70b,Q3_Baixa_Popularidade,34697154,Kallikrein 11,CDKN1A,58,1844,31.79310344827586,False
llama3.3_70b,Q3_Baixa_Popularidade,31428887,WEE2,TLE6,19,24,1.263157894736842,False
llama3.3_70b,Q3_Baixa_Popularidade,33361334,FAM83F,FAM83H,21,112,5.333333333333333,False
llama3.3_70b,Q3_Baixa_Popularidade,11564719,ESC42,EPPIN,17,36,2.1176470588235294,False
llama3.3_70b,Q3_Baixa_Popularidade,38280429,FOXS1,SMAD3,25,1034,41.36,False
llama3.3_70b,Q3_Baixa_Popularidade,16718611,TECTA,DIAPH1,50,205,4.1,False
llama3.3_70b,Q3_Baixa_Popularidade,26137540,BCAM,CD36,98,548,5.591836734693878,False
llama3.3_70b,Q3_Baixa_Popularidade,26813458,TP53INP1,ATG12,70,102,1.457142857142857,False
llama3.3_70b,Q3_Baixa_Popularidade,10825153,Cabin1,CABP1,81,18,0.2222222222222222,False
llama3.3_70b,Q3_Baixa_Popularidade,27008867,C8ORF37,CEP290,25,173,6.92,False
llama3.3_70b,Q4_Cauda_Longa,36038548,LINC00239,NEAT1,4,473,118.25,False
llama3.3_70b,Q4_Cauda_Longa,8001978,RPL7P,RPL7P7,2,1,0.5,False
llama3.3_70b,Q4_Cauda_Longa,32445454,miR-3960,TP53,5,11629,2325.8,False
llama3.3_70b,Q4_Cauda_Longa,36161911,TMEM95,IZUMO1,9,25,2.7777777777777777,False
llama3.3_70b,Q4_Cauda_Longa,26078803,CXorf49,HSPA1A,2,846,423.0,False
llama3.3_70b,Q4_Cauda_Longa,34407915,LINC00870,NEAT1,2,473,236.5,False
llama3.3_70b,Q4_Cauda_Longa,10760570,UBE2L1-4,UBE2,3,49,16.333333333333332,False
llama3.3_70b,Q4_Cauda_Longa,25620967,BISPR,BST2,4,414,103.5,True
llama3.3_70b,Q4_Cauda_Longa,18537981,GLC3B,LTBP2,2,99,49.5,False
llama3.3_70b,Q4_Cauda_Longa,1549504,PGK1P1,DRD2,4,1329,332.25,False
llama3.3_70b,Q4_Cauda_Longa,18364739,PSORS5,CSTA,6,151,25.166666666666668,True
llama3.3_70b,Q4_Cauda_Longa,34019714,RBM5-AS1,HULC,9,96,10.666666666666666,False
llama3.3_70b,Q4_Cauda_Longa,33174047,LINC01535,H19,5,570,114.0,False
llama3.3_70b,Q4_Cauda_Longa,37848981,Linc00969,HOTAIR,8,503,62.875,False
llama3.3_70b,Q4_Cauda_Longa,21701570,TMEM212,TMEM18,9,70,7.777777777777778,False
llama3.3_70b,Q4_Cauda_Longa,26660633,SULT6B1,SULT1C1,9,40,4.444444444444445,False
llama3.3_70b,Q4_Cauda_Longa,28618048,BNIP3P1,BNIP3L,1,105,105.0,False
llama3.3_70b,Q4_Cauda_Longa,31300455,ZC3H11B,RORB,9,47,5.222222222222222,False
llama3.3_70b,Q4_Cauda_Longa,30915748,miR-5702,TIMP3,4,373,93.25,False
llama3.3_70b,Q4_Cauda_Longa,28895409,ASAP1-IT1,HOTAIR,5,503,100.6,False
llama3.3_70b,Q4_Cauda_Longa,29700972,CTC-501O10.1,HOTAIR,1,503,503.0,False
llama3.3_70b,Q4_Cauda_Longa,18454873,PCAN1,NKX3.1,8,131,16.375,True
llama3.3_70b,Q4_Cauda_Longa,10756099,pancreatic polypeptide-2,PPY,2,50,25.0,True
llama3.3_70b,Q4_Cauda_Longa,33401249,FAM138B,RNASEN,5,239,47.8,False
llama3.3_70b,Q4_Cauda_Longa,2340091,NATP,NAT3,5,33,6.6,False
llama3.3_70b,Q4_Cauda_Longa,34132072,LINC01508,LINC00511,3,42,14.0,False
llama3.3_70b,Q4_Cauda_Longa,26291312,LUADT1,CCAT2,6,88,14.666666666666666,False
llama3.3_70b,Q4_Cauda_Longa,12215904,SLEN2,ITGAM,1,352,352.0,False
llama3.3_70b,Q4_Cauda_Longa,35997119,miR-3612,AKT3,8,253,31.625,False
llama3.3_70b,Q4_Cauda_Longa,32306523,RSF1-IT2,MALAT1,1,682,682.0,False
llama3.3_70b,Q4_Cauda_Longa,26738766,HTR2A-AS1,GPR50,2,44,22.0,False
llama3.3_70b,Q4_Cauda_Longa,31421822,EIF3J-AS1,LINC00319,6,14,2.3333333333333335,False
llama3.3_70b,Q4_Cauda_Longa,15820313,C14ORF19,GCH1,2,227,113.5,False
llama3.3_70b,Q4_Cauda_Longa,33965958,ARAP1-AS1,HOTAIR,9,503,55.888888888888886,False
llama3.3_70b,Q4_Cauda_Longa,38568442,HLA-F antisense RNA 1,HULC,8,96,12.0,False
llama3.3_70b,Q4_Cauda_Longa,28034876,DTHD1,TP53,9,11629,1292.111111111111,False
llama3.3_70b,Q4_Cauda_Longa,32769868,miR-4293,MDM4,8,355,44.375,False
llama3.3_70b,Q4_Cauda_Longa,18669637,FGF-binding protein 3,hBP3,7,31,4.428571428571429,True
llama3.3_70b,Q4_Cauda_Longa,32216054,LOC101928100,ALDH2,4,838,209.5,False
llama3.3_70b,Q4_Cauda_Longa,24980697,PEG13,NESPAS,5,18,3.6,False
llama3.3_70b,Q4_Cauda_Longa,33649783,RPLP0P2,CCAT2,8,88,11.0,False
llama3.3_70b,Q4_Cauda_Longa,29945347,GACAT3,HCP5,9,80,8.88888888888889,False
llama3.3_70b,Q4_Cauda_Longa,26061759,MT-TF,MT-ND2,8,78,9.75,False
llama3.3_70b,Q4_Cauda_Longa,32390603,miR-892a,miR-21,4,1580,395.0,False
llama3.3_70b,Q4_Cauda_Longa,36149758,LINC00960,LINC00690,6,1,0.16666666666666666,True
llama3.3_70b,Q4_Cauda_Longa,31691516,LINC00426,HOTAIR,4,503,125.75,False
llama3.3_70b,Q4_Cauda_Longa,32351291,DNAH17-AS1,LINC00319,3,14,4.666666666666667,False
llama3.3_70b,Q4_Cauda_Longa,37267865,SOCS2-AS1,TUSC7,9,28,3.111111111111111,False
llama3.3_70b,Q4_Cauda_Longa,36193504,miR-602,SIRT1,8,1828,228.5,False
llama3.3_70b,Q4_Cauda_Longa,32533688,LINC01207,KLF6,7,217,31.0,False
llama3.3_70b,Q4_Cauda_Longa,27779102,fatty acid-binding protein 9,FABP5,6,207,34.5,True
llama3.3_70b,Q4_Cauda_Longa,36311770,METTL24,METTL14,4,152,38.0,False
llama3.3_70b,Q4_Cauda_Longa,15607332,SLC5A9,SGLT5,9,18,2.0,False
llama3.3_70b,Q4_Cauda_Longa,9734812,"RES4-22, -23 and -24",HD,4,796,199.0,True
llama3.3_70b,Q4_Cauda_Longa,12620395,DEFB25,DEFB126,7,21,3.0,False
llama3.3_70b,Q4_Cauda_Longa,21949678,SLC37A2,SLC37A4,9,79,8.777777777777779,True
llama3.3_70b,Q4_Cauda_Longa,12673650,MRX81,MRX68,1,206,206.0,False
llama3.3_70b,Q4_Cauda_Longa,16644869,c1orf37-dup,TIGD1,3,26,8.666666666666666,False
llama3.3_70b,Q4_Cauda_Longa,30964168,microRNA-4301,p21,6,7,1.1666666666666667,False
llama3.3_70b,Q4_Cauda_Longa,24244731,KLF18,KLF16,2,49,24.5,False
llama3.3_70b,Q4_Cauda_Longa,7806236,hVH-4,hVH-5,2,24,12.0,False
llama3.3_70b,Q4_Cauda_Longa,15637721,TRICY1,TRPS1,1,176,176.0,False
llama3.3_70b,Q4_Cauda_Longa,32062699,SNORD44,SNHG1,4,146,36.5,False
llama3.3_70b,Q4_Cauda_Longa,39254474,TFAP2A-AS1,HOTAIR,7,503,71.85714285714286,False
llama3.3_70b,Q4_Cauda_Longa,10535461,NIDDM2,PPARG,2,2278,1139.0,False
llama3.3_70b,Q4_Cauda_Longa,17103222,FAM71B,TIA1,9,168,18.666666666666668,False
llama3.3_70b,Q4_Cauda_Longa,9073069,GPR20,GPR21,8,15,1.875,True
llama3.3_70b,Q4_Cauda_Longa,34076977,TUSC8,LINC00473,8,30,3.75,False
llama3.3_70b,Q4_Cauda_Longa,25448679,HEPN1,DDIT3,8,314,39.25,False
llama3.3_70b,Q4_Cauda_Longa,36726346,LINC00886,MIR31HG,7,47,6.714285714285714,False
llama3.3_70b,Q4_Cauda_Longa,15915442,SEPT13,SEPT10,7,65,9.285714285714286,False
llama3.3_70b,Q4_Cauda_Longa,22094112,PANO,NOXA,2,169,84.5,False
llama3.3_70b,Q4_Cauda_Longa,31827084,XACT,XIST,5,263,52.6,False
llama3.3_70b,Q4_Cauda_Longa,16431037,XPLAC,XKR4,7,17,2.4285714285714284,False
llama3.3_70b,Q4_Cauda_Longa,37582104,PAXIP1-AS1,LINC00511,5,42,8.4,False
llama3.3_70b,Q4_Cauda_Longa,18458969,CMTX3,CMTX1,3,245,81.66666666666667,True
llama3.3_70b,Q4_Cauda_Longa,33040777,miR-3174,STAT3,7,3707,529.5714285714286,False
llama3.3_70b,Q4_Cauda_Longa,9450183,EXTL2P,EXTL3,2,59,29.5,False
llama3.3_70b,Q4_Cauda_Longa,31997261,LUNAR1,LINC00152,5,100,20.0,False
llama3.3_70b,Q4_Cauda_Longa,38498586,SNHG18,H19,9,570,63.333333333333336,False
llama3.3_70b,Q4_Cauda_Longa,35343265,LINC00092,LINC00312,6,21,3.5,False
llama3.3_70b,Q4_Cauda_Longa,22643131,CTXN3,NRGN,8,74,9.25,False
llama3.3_70b,Q4_Cauda_Longa,11486273,MS4A10,MS4A7,9,19,2.111111111111111,True
llama3.3_70b,Q4_Cauda_Longa,25432241,NATP,NAT3,5,33,6.6,True
llama3.3_70b,Q4_Cauda_Longa,9880675,SORD2,SORD,5,98,19.6,True
llama3.3_70b,Q4_Cauda_Longa,32130753,LOC100133669,CCAT2,4,88,22.0,False
llama3.3_70b,Q4_Cauda_Longa,38493358,CLDN25,CLDN1,7,287,41.0,False
llama3.3_70b,Q4_Cauda_Longa,11523563,FRDA2,FRDA,2,235,117.5,True
llama3.3_70b,Q4_Cauda_Longa,37867401,LINC00501,CCAT2,3,88,29.333333333333332,False
llama3.3_70b,Q4_Cauda_Longa,11381029,CDRT15,RAB11FIP5,6,104,17.333333333333332,False
llama3.3_70b,Q4_Cauda_Longa,34768622,C1orf127,NME8,9,30,3.3333333333333335,False
llama3.3_70b,Q4_Cauda_Longa,19401682,AUTS1,AUTS2,2,91,45.5,False
llama3.3_70b,Q4_Cauda_Longa,24143882,KCNG2*rs62,CACNA2D3,8,36,4.5,False
llama3.3_70b,Q4_Cauda_Longa,11747429,S100Z,S100A16,7,155,22.142857142857142,False
llama3.3_70b,Q4_Cauda_Longa,36918789,LSAMP-AS1,MIR100HG,1,21,21.0,False
llama3.3_70b,Q4_Cauda_Longa,37084822,LINC00486,NKRF,6,184,30.666666666666668,True
llama3.3_70b,Q4_Cauda_Longa,32401347,SENCR,SMILR,9,4,0.4444444444444444,False
llama3.3_70b,Q4_Cauda_Longa,32364663,AATBC,APTR,5,5,1.0,False
llama3.3_70b,Q4_Cauda_Longa,3446578,CSTP1,CST3,8,646,80.75,False
llama3.3_70b,Q4_Cauda_Longa,24309098,MR1B,MR1,2,75,37.5,True
llama3.3_70b,Q4_Cauda_Longa,14531651,Testis expressed sequence 13B,TEX11,7,38,5.428571428571429,False
llama3.3_70b,Q4_Cauda_Longa,27272474,LINC00628,GAS5,5,264,52.8,False
llama3.3_70b,Q4_Cauda_Longa,11861908,RNase 8,RNASE9,6,13,2.1666666666666665,False
llama3.3_70b,Q4_Cauda_Longa,32978449,LINC00336,NFE2L3,4,54,13.5,False
llama3.3_70b,Q4_Cauda_Longa,7604004,CATR1,TP53,3,11629,3876.3333333333335,False
llama3.3_70b,Q4_Cauda_Longa,22894909,ZFAT-AS1,ZNF597,2,19,9.5,True
llama3.3_70b,Q4_Cauda_Longa,32816024,miR-4454,LINC00355,9,13,1.4444444444444444,False
llama3.3_70b,Q4_Cauda_Longa,3481956,esterase B3,ESD,1,81,81.0,False
llama3.3_70b,Q4_Cauda_Longa,21454693,IGFL1,INSL5,9,31,3.4444444444444446,False
llama3.3_70b,Q4_Cauda_Longa,34339392,SPRR2C,HOTAIR,8,503,62.875,False
llama3.3_70b,Q4_Cauda_Longa,27748806,lncUSMycN,MYCN,4,511,127.75,True
llama3.3_70b,Q4_Cauda_Longa,28450954,LOC389332,LINC01138,3,11,3.6666666666666665,False
llama3.3_70b,Q4_Cauda_Longa,30205394,miR-4633,miR-137,3,252,84.0,False
llama3.3_70b,Q4_Cauda_Longa,26887505,miR-4767,BCL2L12,6,85,14.166666666666666,True
llama3.3_70b,Q4_Cauda_Longa,40442284,RNU5B-1,RNU4-2,6,11,1.8333333333333333,True
llama3.3_70b,Q4_Cauda_Longa,26221034,CD300H,CD300f,3,39,13.0,False
llama3.3_70b,Q4_Cauda_Longa,29866190,LINC00470,CYTOR,9,100,11.11111111111111,False
llama3.3_70b,Q4_Cauda_Longa,30131483,miR-718,miR-21,9,1580,175.55555555555554,True
llama3.3_70b,Q4_Cauda_Longa,27572135,linc00598,NEAT1,6,473,78.83333333333333,False
llama3.3_70b,Q4_Cauda_Longa,35300558,PTPRG-AS1,NEAT1,9,473,52.55555555555556,False
llama3.3_70b,Q4_Cauda_Longa,39300525,SNHG22,CYLD,7,355,50.714285714285715,False
llama3.3_70b,Q4_Cauda_Longa,33649864,miR1264,JNK,7,1060,151.42857142857142,True
llama3.3_70b,Q4_Cauda_Longa,33562724,BCRP1,BCRP,5,946,189.2,False
llama3.3_70b,Q4_Cauda_Longa,36708020,DICER1-AS1,CCAT1,4,121,30.25,False
llama3.3_70b,Q4_Cauda_Longa,20832056,SULT6B1,ZNF804A,9,140,15.555555555555555,False
llama3.3_70b,Q4_Cauda_Longa,32914196,SPATA42,H19,1,570,570.0,False
llama3.3_70b,Q4_Cauda_Longa,28338236,hsa-mir-1293,hsa-mir-4520a,8,6,0.75,False
llama3.3_70b,Q4_Cauda_Longa,25410892,Otos,TPMT,9,315,35.0,False
llama3.3_70b,Q4_Cauda_Longa,35679761,SNHG22,LINC00342,7,12,1.7142857142857142,False
llama3.3_70b,Q4_Cauda_Longa,31331909,FAM225A,XIST,7,263,37.57142857142857,False
llama3.3_70b,Q4_Cauda_Longa,12084570,ncR-uPAR,GPRASP1,3,42,14.0,False
llama3.3_70b,Q4_Cauda_Longa,8672131,UBE2L2,UBE2L6,3,82,27.333333333333332,False
llama3.3_70b,Q4_Cauda_Longa,22265842,MSLNL,MSLN,5,179,35.8,False
llama3.3_70b,Q4_Cauda_Longa,26003415,PPIEL,H19,8,570,71.25,False
llama3.3_70b,Q4_Cauda_Longa,31280115,LINC00639,NEAT1,2,473,236.5,False
llama3.3_70b,Q4_Cauda_Longa,36562475,SNORD60,SNHG7,4,52,13.0,False
llama3.3_70b,Q4_Cauda_Longa,30220559,snoRD86,U22,4,7,1.75,False
llama3.3_70b,Q4_Cauda_Longa,33179755,LINC00861,LINC00319,3,14,4.666666666666667,False
llama3.3_70b,Q4_Cauda_Longa,31158361,TONSL-AS1,LINC00261,4,39,9.75,False
llama3.3_70b,Q4_Cauda_Longa,15701600,MBD3L2,MBD3L1,8,14,1.75,True
llama3.3_70b,Q4_Cauda_Longa,31702382,LINC00974,HOTAIR,6,503,83.83333333333333,False
llama3.3_70b,Q4_Cauda_Longa,38568058,LINC00524,MALAT1,1,682,682.0,False
llama3.3_70b,Q4_Cauda_Longa,36721155,LINC01004,LINC01138,5,11,2.2,False
llama3.3_70b,Q4_Cauda_Longa,18325041,DFNB45,DFNB42,1,26,26.0,False
llama3.3_70b,Q4_Cauda_Longa,35184643,Long intergenic non-protein coding RNA 115,HAGLR,5,44,8.8,False
llama3.3_70b,Q4_Cauda_Longa,9790502,BVR1,PVT1,2,314,157.0,True
llama3.3_70b,Q4_Cauda_Longa,26458771,Tifab,RPS14,8,302,37.75,False
llama3.3_70b,Q4_Cauda_Longa,33299501,FAM225B,HOTAIR,8,503,62.875,False
llama3.3_70b,Q4_Cauda_Longa,16940129,RNase 8,RNASE7,6,43,7.166666666666667,False
llama3.3_70b,Q4_Cauda_Longa,20068295,PXT1,Pex14,5,107,21.4,False
llama3.3_70b,Q4_Cauda_Longa,20837016,LST-3TM12,ABCG8,7,137,19.571428571428573,True
llama3.3_70b,Q4_Cauda_Longa,9466987,GTF2IP1,GTF2IRD1,6,68,11.333333333333334,False
llama3.3_70b,Q4_Cauda_Longa,28926089,LINC00968,CCAT2,9,88,9.777777777777779,False
llama3.3_70b,Q4_Cauda_Longa,23533661,C7ORF29,ZBED3,9,31,3.4444444444444446,False
llama3.3_70b,Q4_Cauda_Longa,30991076,LINC01207,HCP5,7,80,11.428571428571429,False
llama3.3_70b,Q4_Cauda_Longa,33006432,FAM225A,AC092834.1,7,1,0.14285714285714285,False
llama3.3_70b,Q4_Cauda_Longa,21921028,Carboxypeptidase O,CPZ,8,21,2.625,False
llama3.3_70b,Q4_Cauda_Longa,30463107,LINC00309,SCN3B,1,47,47.0,False
llama3.3_70b,Q4_Cauda_Longa,23495172,C18orf62,SETBP1,8,86,10.75,False
llama3.3_70b,Q4_Cauda_Longa,27787509,DINO,PANDAR,5,30,6.0,False
llama3.3_70b,Q4_Cauda_Longa,35663324,LINC01485,HOTTIP,5,103,20.6,False
llama3.3_70b,Q4_Cauda_Longa,30944027,MIR2052HG,SRA1,6,569,94.83333333333333,False
llama3.3_70b,Q4_Cauda_Longa,37752588,miR-1286,YAP1,8,1524,190.5,False
llama3.3_70b,Q4_Cauda_Longa,11401426,ERVK4,ERVK6,4,43,10.75,False
llama3.3_70b,Q4_Cauda_Longa,9106664,U72,U65,4,4,1.0,False
llama3.3_70b,Q4_Cauda_Longa,37960753,LINC01600,HOTAIR,9,503,55.888888888888886,False
llama3.3_70b,Q4_Cauda_Longa,12886250,BCNP1,CDR1,7,16,2.2857142857142856,False
llama3.3_70b,Q4_Cauda_Longa,30809827,FABP12,TP63,9,967,107.44444444444444,False
llama3.3_70b,Q4_Cauda_Longa,34617815,LINC00683,HOTAIR,3,503,167.66666666666666,False
llama3.3_70b,Q4_Cauda_Longa,38787854,MAMDC4,AMOT,9,195,21.666666666666668,True
llama3.3_70b,Q4_Cauda_Longa,30787392,LINC00336,NEAT1,4,473,118.25,False
llama3.3_70b,Q4_Cauda_Longa,32572878,Linc00703,miR-145,4,664,166.0,False
llama3.3_70b,Q4_Cauda_Longa,8293999,TRMEP1,TRIM1,1,51,51.0,False
llama3.3_70b,Q4_Cauda_Longa,31982037,NHEG1,CCAT1,3,121,40.333333333333336,False
llama3.3_70b,Q4_Cauda_Longa,36841801,LINC00543,LINC00152,2,100,50.0,False
llama3.3_70b,Q4_Cauda_Longa,37263619,LRRC75A,HIF1A,8,3911,488.875,False
llama3.3_70b,Q4_Cauda_Longa,10343095,SALL1P,SALL3,1,28,28.0,False
llama3.3_70b,Q4_Cauda_Longa,37955081,LINC01569,HCP5,2,80,40.0,False
llama3.3_70b,Q4_Cauda_Longa,28904974,MiR-3148,miR-145,7,664,94.85714285714286,False
llama3.3_70b,Q4_Cauda_Longa,36490268,CCDC175,PDE6H,7,24,3.4285714285714284,False
llama3.3_70b,Q4_Cauda_Longa,34789312,SNHG25,HCP5,8,80,10.0,False
llama3.3_70b,Q4_Cauda_Longa,12213198,TPM3L2,TPM1,3,330,110.0,False
llama3.3_70b,Q4_Cauda_Longa,9674898,DFNB17,DFNB30,2,47,23.5,False
llama3.3_70b,Q4_Cauda_Longa,20877624,acyl-CoA synthetase medium-chain family member 4,ACADL,8,41,5.125,False
llama3.3_70b,Q4_Cauda_Longa,34308874,ATFB5,PITX2,3,226,75.33333333333333,False
llama3.3_70b,Q4_Cauda_Longa,12216073,SSX6,SSX3,9,19,2.111111111111111,True
llama3.3_70b,Q4_Cauda_Longa,23303384,FONG,FTCD,9,30,3.3333333333333335,False
llama3.3_70b,Q4_Cauda_Longa,34253104,LINC00942,AC092834.1,3,1,0.3333333333333333,False
llama3.3_70b,Q4_Cauda_Longa,30429477,ARHGEF33,ARHGEF10,7,61,8.714285714285714,False
llama3.3_70b,Q4_Cauda_Longa,32311343,LINC00612,LINC00312,5,21,4.2,False
llama3.3_70b,Q4_Cauda_Longa,34787047,prostate cancer-associated transcript 18,LINC01419,7,7,1.0,False
llama3.3_70b,Q4_Cauda_Longa,30914197,LOC730100,SNHG14,7,79,11.285714285714286,False
llama3.3_70b,Q4_Cauda_Longa,17849013,GC-D,Gucy2d,5,107,21.4,True
llama3.3_70b,Q4_Cauda_Longa,25108386,C1orf141,IL10,9,3484,387.1111111111111,False
llama3.3_70b,Q4_Cauda_Longa,19931512,microRNA-920,miR-122,8,434,54.25,False
llama3.3_70b,Q4_Cauda_Longa,21345374,Airn,Tsix,8,12,1.5,False
llama3.3_70b,Q4_Cauda_Longa,27342777,SOCS2-AS1,PCAT1,9,62,6.888888888888889,False
llama3.3_70b,Q4_Cauda_Longa,34268074,LOC100505851,HOTAIR,3,503,167.66666666666666,False
llama3.3_70b,Q4_Cauda_Longa,37199315,LPP-AS2,NEAT1,5,473,94.6,False
llama3.3_70b,Q4_Cauda_Longa,33566867,olfactory receptor family 51 subfamily j member 1,OR51E2,5,31,6.2,False
llama3.3_70b,Q4_Cauda_Longa,23768067,C6orf70,IRE1,8,325,40.625,True
llama3.3_70b,Q4_Cauda_Longa,31730902,ID2-AS1,DLEU2,5,43,8.6,False
llama3.3_70b,Q4_Cauda_Longa,26698155,miR-1909,miR-21,5,1580,316.0,False
llama3.3_70b,Q4_Cauda_Longa,17143515,MOST-1,NUDT21,4,242,60.5,False
llama3.3_70b,Q4_Cauda_Longa,35546168,MIR181A1HG,TUG1,6,235,39.166666666666664,False
llama3.3_70b,Q4_Cauda_Longa,23050561,OCA5,SLC38A8,1,14,14.0,False
llama3.3_70b,Q4_Cauda_Longa,27460352,PCAT-14,SCHLAP1,4,13,3.25,False
llama3.3_70b,Q4_Cauda_Longa,31442606,LINC00997,LINC01503,3,15,5.0,False
llama3.3_70b,Q4_Cauda_Longa,25752612,N-acetylated alpha-linked acidic dipeptidase-like protein,LAT1,8,156,19.5,False
llama3.3_70b,Q4_Cauda_Longa,10231026,Elk2,ELK1,5,11,2.2,True
llama3.3_70b,Q4_Cauda_Longa,15958501,DFNA53,DFNA36,1,62,62.0,False
llama3.3_70b,Q4_Cauda_Longa,8486350,GLUDP2,GLUDP1,5,85,17.0,False
llama3.3_70b,Q4_Cauda_Longa,24908062,RP11-462C24.1,GAS5,9,264,29.333333333333332,False
llama3.3_70b,Q4_Cauda_Longa,14676822,SULT6B1,SULT1C3,9,18,2.0,False
llama3.3_70b,Q4_Cauda_Longa,29145177,CPS1-IT1,GAS5,6,264,44.0,False
llama3.3_70b,Q4_Cauda_Longa,9387929,U22,UHG,7,146,20.857142857142858,True
llama3.3_70b,Q4_Cauda_Longa,24141781,DUNQU1,GPRC5A,1,101,101.0,False
llama3.3_70b,Q4_Cauda_Longa,28622593,linc00462,HULC,2,96,48.0,False
llama3.3_70b,Q4_Cauda_Longa,37976029,OTX2-AS1,HOTAIR,8,503,62.875,False
llama3.3_70b,Q4_Cauda_Longa,25842979,lncTCF7,HULC,5,96,19.2,False
llama3.3_70b,Q4_Cauda_Longa,30496345,CCDC144NL-AS1,H19,4,570,142.5,False
llama3.3_70b,Q4_Cauda_Longa,32749762,ERICD,CCAT1,2,121,60.5,False
llama3.3_70b,Q4_Cauda_Longa,14962666,MESTIT1,CPA3,4,31,7.75,False
llama3.3_70b,Q4_Cauda_Longa,21667337,C9orf69,RAB6A,7,183,26.142857142857142,False
llama3.3_70b,Q4_Cauda_Longa,33771634,LINC01235,HOTAIR,4,503,125.75,False
llama3.3_70b,Q4_Cauda_Longa,1682866,His-1,Fis1,2,115,57.5,False
llama3.3_70b,Q4_Cauda_Longa,24906397,lncUSMycN,PVT1,4,314,78.5,False
llama3.3_70b,Q4_Cauda_Longa,30443961,SCARNA2,CCAT1,8,121,15.125,False
llama3.3_70b,Q4_Cauda_Longa,16174644,ARSH,STSL,3,126,42.0,False
llama3.3_70b,Q4_Cauda_Longa,29095316,LOC102724340,RPL32,1,198,198.0,False
llama3.3_70b,Q4_Cauda_Longa,15676287,BEYLA,BPY2,3,15,5.0,True
llama3.3_70b,Q4_Cauda_Longa,30317610,gastric cancer-associated transcript 3,XIST,9,263,29.22222222222222,False
llama3.3_70b,Q4_Cauda_Longa,18347022,GPR20,GPR171,8,14,1.75,False
llama3.3_70b,Q4_Cauda_Longa,36552724,OR10A3,OR2W1,8,11,1.375,False
llama3.3_70b,Q4_Cauda_Longa,37175615,miR-4669,miR-21,5,1580,316.0,False
llama3.3_70b,Q4_Cauda_Longa,30998289,LINC00504,CCAT1,6,121,20.166666666666668,False
llama3.3_70b,Q4_Cauda_Longa,23118302,MS4A4E,PLA2G7,8,337,42.125,True
llama3.3_70b,Q4_Cauda_Longa,38293907,UBAP1L,C2orf71,6,18,3.0,False
llama3.3_70b,Q4_Cauda_Longa,37801987,betaTrCP1,SMURF1,1,239,239.0,False
llama3.3_70b,Q4_Cauda_Longa,38553452,SNHG26,CCAT1,4,121,30.25,False
llama3.3_70b,Q4_Cauda_Longa,8471164,NG7-6,NG6-4,1,1,1.0,True
llama3.3_70b,Q4_Cauda_Longa,29367600,Transmembrane protein 170B,SFRP1,4,245,61.25,False
llama3.3_70b,Q4_Cauda_Longa,22272736,RNase 8,RNASE6,6,18,3.0,False
llama3.3_70b,Q4_Cauda_Longa,20228798,IL17REL,NKX2-3,7,53,7.571428571428571,False
llama3.3_70b,Q4_Cauda_Longa,37854295,AZGP1P2,AZGP1P1,5,4,0.8,False
llama3.3_70b,Q4_Cauda_Longa,11836362,DYX3,DCDC2,2,92,46.0,False
llama3.3_70b,Q4_Cauda_Longa,33910210,LINC01061,S100A4,7,408,58.285714285714285,False
llama3.3_70b,Q4_Cauda_Longa,33968966,LINC00847,LINC00312,9,21,2.3333333333333335,False
llama3.3_70b,Q4_Cauda_Longa,32525601,LINC00853,HULC,6,96,16.0,False
llama3.3_70b,Q1_Super_Populares,2469768,Fas,TNFRSF1A,1262,835,0.661648177496038,False
llama3.3_70b,Q1_Super_Populares,31216373,IL-10,IL-27,3484,19,0.0054535017221584384,True
llama3.3_70b,Q1_Super_Populares,15005715,serotonin transporter,DRD4,2401,725,0.3019575177009579,False
llama3.3_70b,Q1_Super_Populares,18359883,IL-6,TNF-alpha,5468,6448,1.179224579370885,False
llama3.3_70b,Q1_Super_Populares,16919435,FAK,Fyn,1103,678,0.614687216681777,False
llama3.3_70b,Q1_Super_Populares,22355348,VEGFA,CFH,5214,890,0.17069428461833525,True
llama3.3_70b,Q1_Super_Populares,24062440,MMP2,pH,1978,326,0.16481294236602628,False
llama3.3_70b,Q1_Super_Populares,25231232,heme oxygenase-1,MCL1,1207,821,0.68019884009942,False
llama3.3_70b,Q1_Super_Populares,8881045,IL10,DRD4,3484,725,0.20809414466130885,False
llama3.3_70b,Q1_Super_Populares,32572911,CXCR4,FRMD8,2180,26,0.011926605504587157,False
llama3.3_70b,Q1_Super_Populares,23255668,brain-derived neurotrophic factor,SLC19A1,2560,318,0.12421875,False
llama3.3_70b,Q1_Super_Populares,12666851,Methylene tetrahydrofolate reductase,APOE,3864,5224,1.3519668737060042,False
llama3.3_70b,Q1_Super_Populares,27626171,RHOA,LIMK1,1175,169,0.14382978723404255,False
llama3.3_70b,Q1_Super_Populares,25754303,integrin beta1,VEGFR2,1513,1105,0.7303370786516854,True
llama3.3_70b,Q1_Super_Populares,9524113,cdc2,PKC,1218,144,0.11822660098522167,False
llama3.3_70b,Q1_Super_Populares,26549519,Bcl-2,mTOR,2227,2569,1.1535698248765154,False
llama3.3_70b,Q1_Super_Populares,23733877,Bcl-2,FOXP3,2227,1171,0.5258194881005838,False
llama3.3_70b,Q1_Super_Populares,26351321,ABCB1,ABCG2,2567,946,0.36852356836774447,False
llama3.3_70b,Q1_Super_Populares,27365461,KDR,FLT3,1105,835,0.755656108597285,False
llama3.3_70b,Q1_Super_Populares,39390397,FTO,METTL3,1053,425,0.4036087369420703,False
llama3.3_70b,Q1_Super_Populares,23186335,FAK,PAK1,1103,575,0.5213055303717135,False
llama3.3_70b,Q1_Super_Populares,17014845,p53,Sp3,11629,237,0.020380084272078425,False
llama3.3_70b,Q1_Super_Populares,15539626,interleukin-1beta,TNF,3216,6448,2.0049751243781095,False
llama3.3_70b,Q1_Super_Populares,18752908,catechol-O-methyltransferase,HSD17B1,2081,157,0.07544449783757809,False
llama3.3_70b,Q1_Super_Populares,16306115,SDF1,JAK2,1471,1813,1.2324949014276003,False
llama3.3_70b,Q1_Super_Populares,21367536,Nrf2,EGFR,1916,6689,3.491127348643006,False
llama3.3_70b,Q1_Super_Populares,19861239,cJun,NR4A2,1330,229,0.17218045112781954,False
llama3.3_70b,Q1_Super_Populares,26676749,STAT1,STAT3,1158,3707,3.2012089810017272,False
llama3.3_70b,Q1_Super_Populares,22178589,BRAF,PIK3CA,2752,1725,0.6268168604651163,False
llama3.3_70b,Q1_Super_Populares,31700144,HIF-1alpha,VEGF,3911,5214,1.3331628739452825,False
llama3.3_70b,Q1_Super_Populares,22424122,TARDBP,C9orf72,1108,626,0.5649819494584838,False
llama3.3_70b,Q1_Super_Populares,35073573,TP53,ASXL1,11629,245,0.02106801960615702,False
llama3.3_70b,Q1_Super_Populares,33973090,PTEN,BCL2,2820,2227,0.7897163120567375,False
llama3.3_70b,Q1_Super_Populares,34520285,CXCL12,STAT3,1471,3707,2.520054384772264,False
llama3.3_70b,Q1_Super_Populares,30898699,TLR2,ATG7,1624,184,0.11330049261083744,False
llama3.3_70b,Q1_Super_Populares,11513739,focal adhesion kinase,p130Cas,1103,290,0.2629193109700816,False
llama3.3_70b,Q1_Super_Populares,31691174,TERT,MSH2,2104,944,0.44866920152091255,False
llama3.3_70b,Q1_Super_Populares,12134064,Epidermal growth factor receptor,ERK,6689,2345,0.3505755718343549,False
llama3.3_70b,Q1_Super_Populares,27852700,PIK3CA,TP53,1725,11629,6.741449275362319,False
llama3.3_70b,Q1_Super_Populares,35686958,IL-6,IL1B,5468,3216,0.5881492318946598,False
llama3.3_70b,Q1_Super_Populares,21184735,E-cadherin,KLF6,2236,217,0.09704830053667263,False
llama3.3_70b,Q1_Super_Populares,31983166,CXCR4,CD44,2180,1496,0.6862385321100918,False
llama3.3_70b,Q1_Super_Populares,20832323,c-Met,PDGFRA,1421,560,0.39408866995073893,False
llama3.3_70b,Q1_Super_Populares,20547845,Toll-like receptor 4,RAGE,2778,1028,0.3700503959683225,False
llama3.3_70b,Q1_Super_Populares,28134282,von Willebrand factor,sST2,1035,38,0.03671497584541063,False
llama3.3_70b,Q1_Super_Populares,25555213,TLR4,CD14,2778,824,0.2966162706983441,False
llama3.3_70b,Q1_Super_Populares,21741441,TNF-alpha,IL-6,6448,5468,0.848014888337469,False
llama3.3_70b,Q1_Super_Populares,17634443,histone deacetylase 1,KDM1A,1343,570,0.4244229337304542,False
llama3.3_70b,Q1_Super_Populares,37353616,HSP90,CRM1,1418,643,0.4534555712270804,False
llama3.3_70b,Q1_Super_Populares,25222025,Interleukin-1beta,TNF,3216,6448,2.0049751243781095,False
llama3.3_70b,Q1_Super_Populares,12714503,CD44,Syndecan,1496,440,0.29411764705882354,False
llama3.3_70b,Q1_Super_Populares,20453884,Hdm2,MKRN1,2218,58,0.026149684400360685,False
llama3.3_70b,Q1_Super_Populares,19875168,matrix metalloproteinases (MMPs) 2 and 9,MMP9,1978,3162,1.5985844287158746,True
llama3.3_70b,Q1_Super_Populares,18485092,VWF,NOS3,1035,22,0.021256038647342997,False
llama3.3_70b,Q1_Super_Populares,32581210,LMNA,Ttn,1094,474,0.43327239488117003,False
llama3.3_70b,Q1_Super_Populares,15629715,p38,JNK,1467,1060,0.7225630538513974,False
llama3.3_70b,Q1_Super_Populares,25937083,ERK1/2,ERK,1498,2345,1.5654205607476634,True
llama3.3_70b,Q1_Super_Populares,18074738,Bax,p53,1126,11629,10.327708703374778,False
llama3.3_70b,Q1_Super_Populares,31861475,Enhancer of Zeste Homolog 2,CDK1,1554,1218,0.7837837837837838,False
llama3.3_70b,Q1_Super_Populares,22138668,TGF-beta1,MUC1,5008,959,0.19149361022364217,False
llama3.3_70b,Q1_Super_Populares,26242266,c-Met,NOTCH1,1421,1591,1.11963406052076,False
llama3.3_70b,Q2_Medios,31897529,BMP2,SOX9,738,569,0.7710027100271003,False
llama3.3_70b,Q2_Medios,20031582,HMGCR,APOA5,250,462,1.848,False
llama3.3_70b,Q2_Medios,37578983,HUWE1,ITCH,421,359,0.8527315914489311,False
llama3.3_70b,Q2_Medios,19112177,Histidine triad nucleotide-binding protein 1,p53,155,11629,75.02580645161291,False
llama3.3_70b,Q2_Medios,26429332,MANF,RTP4,113,17,0.1504424778761062,False
llama3.3_70b,Q2_Medios,31210283,KCNQ1OT1,HOTAIR,164,503,3.067073170731707,False
llama3.3_70b,Q2_Medios,19011619,c-IAP-1/2,c-IAP1,310,353,1.1387096774193548,False
llama3.3_70b,Q2_Medios,24127536,DUOX2,TSHR,135,392,2.903703703703704,False
llama3.3_70b,Q2_Medios,37715430,DUSP1,PTEN,263,2820,10.722433460076045,False
llama3.3_70b,Q2_Medios,28035363,IGFBP7,AZIN1,195,48,0.24615384615384617,False
llama3.3_70b,Q2_Medios,20495894,CEBPA,FLT3,553,835,1.5099457504520795,False
llama3.3_70b,Q2_Medios,24940653,CD63,CD151,252,185,0.7341269841269841,False
llama3.3_70b,Q2_Medios,28650561,PTPN11,SOS1,947,300,0.3167898627243928,False
llama3.3_70b,Q2_Medios,18547691,IL-4Ralpha,IL13,480,740,1.5416666666666667,False
llama3.3_70b,Q2_Medios,36129598,ANRIL,LINC00941,325,23,0.07076923076923076,False
llama3.3_70b,Q2_Medios,34564711,E2F1,WNT5A,970,482,0.49690721649484537,False
llama3.3_70b,Q2_Medios,37415738,KMT2C,KMT2D,177,285,1.6101694915254237,False
llama3.3_70b,Q2_Medios,27884624,IL-21,IL-13,416,740,1.7788461538461537,False
llama3.3_70b,Q2_Medios,24219598,Cytokeratin-19,CA-125,363,382,1.0523415977961432,False
llama3.3_70b,Q2_Medios,35802146,NEDD4L,SMURF1,395,239,0.6050632911392405,False
llama3.3_70b,Q2_Medios,16135717,TNFB,TNFA,598,6448,10.782608695652174,False
llama3.3_70b,Q2_Medios,35156516,Bub3,BUB1B,276,312,1.1304347826086956,False
llama3.3_70b,Q2_Medios,22348148,PGK1,PGK,342,188,0.5497076023391813,True
llama3.3_70b,Q2_Medios,38204202,Glypican 1,KRAS,112,3056,27.285714285714285,False
llama3.3_70b,Q2_Medios,31650956,aminopeptidase N,ACE2,182,1724,9.472527472527473,False
llama3.3_70b,Q2_Medios,16843266,JAK3,JAK2,276,1813,6.568840579710145,False
llama3.3_70b,Q2_Medios,19265433,manganese superoxide dismutase,SOD1,986,1331,1.3498985801217038,False
llama3.3_70b,Q2_Medios,31180492,FANCD2,SMARCAL1,356,107,0.300561797752809,False
llama3.3_70b,Q2_Medios,29288523,C-C motif ligand 5,CXCL12,821,1471,1.7917174177831912,False
llama3.3_70b,Q2_Medios,30409294,TLR3,STING,749,525,0.7009345794392523,False
llama3.3_70b,Q2_Medios,15723810,HLA-DM,DM,119,177,1.4873949579831933,True
llama3.3_70b,Q2_Medios,26718209,CCT8,JNK,362,1060,2.9281767955801103,True
llama3.3_70b,Q2_Medios,37564210,vimentin,p62,970,172,0.177319587628866,False
llama3.3_70b,Q2_Medios,29514980,Pyruvate kinase M2,PKCα,859,982,1.1431897555296857,False
llama3.3_70b,Q2_Medios,22095522,Zinc finger E-box Binding homeobox 1,TWIST1,656,746,1.1371951219512195,False
llama3.3_70b,Q2_Medios,34842180,CHFR,E2F3,118,225,1.9067796610169492,False
llama3.3_70b,Q2_Medios,35220397,Atg13,ATG7,122,184,1.5081967213114753,False
llama3.3_70b,Q2_Medios,30431128,cIAP2,SIRT1,310,1828,5.896774193548387,False
llama3.3_70b,Q2_Medios,31770286,Drp1,PD-L1,467,2649,5.67237687366167,False
llama3.3_70b,Q2_Medios,24517461,TSHR,CD40LG,392,547,1.3954081632653061,False
llama3.3_70b,Q2_Medios,23547718,PDZ-Domain Containing 1,ESR1,129,3640,28.217054263565892,False
llama3.3_70b,Q2_Medios,22648511,PACAP,VIP,165,168,1.018181818181818,False
llama3.3_70b,Q2_Medios,30805710,CD133,CD44,631,1496,2.370839936608558,False
llama3.3_70b,Q2_Medios,18978792,PRKCQ,IL10,244,3484,14.278688524590164,False
llama3.3_70b,Q2_Medios,37717099,USP10,SMAD3,280,1034,3.692857142857143,False
llama3.3_70b,Q2_Medios,33896830,uPA,KLK7,594,117,0.19696969696969696,False
llama3.3_70b,Q2_Medios,21823217,MYL2,ACTC1,110,281,2.5545454545454547,False
llama3.3_70b,Q2_Medios,32202508,ITGA2,SIRT1,473,1828,3.8646934460887947,False
llama3.3_70b,Q2_Medios,30177839,GADD45alpha,p53,212,11629,54.85377358490566,True
llama3.3_70b,Q2_Medios,23470693,CXCR1,CXCL12,244,1471,6.028688524590164,False
llama3.3_70b,Q2_Medios,27573434,H19,HOTAIR,570,503,0.8824561403508772,False
llama3.3_70b,Q2_Medios,28099888,Delta-like 1 homolog,DLL4,188,161,0.8563829787234043,False
llama3.3_70b,Q2_Medios,32470140,Rheb,Raptor,200,300,1.5,False
llama3.3_70b,Q2_Medios,7592693,c-Cbl,Shc,790,593,0.7506329113924051,False
llama3.3_70b,Q2_Medios,25628040,neural cell adhesion molecule-1,CDH1,409,280,0.684596577017115,False
llama3.3_70b,Q2_Medios,31412244,TOM40,TOM70,235,146,0.6212765957446809,True
llama3.3_70b,Q2_Medios,30531326,Sox10,p63,233,967,4.150214592274678,False
llama3.3_70b,Q2_Medios,23873943,SMARCAL1,HELQ,107,38,0.35514018691588783,False
llama3.3_70b,Q2_Medios,11978801,CD40 ligand,CD40,547,627,1.146252285191956,True
llama3.3_70b,Q2_Medios,24717336,Interleukin-6 receptor,SELP,518,145,0.2799227799227799,False
llama3.3_70b,Q2_Medios,30286180,ATG5,ATG12,276,102,0.3695652173913043,False
llama3.3_70b,Q2_Medios,40209957,GLUT2,GLUT9,119,24,0.20168067226890757,False
llama3.3_70b,Q2_Medios,30459150,KDM4B,KDM3A,111,131,1.1801801801801801,False
llama3.3_70b,Q2_Medios,33789112,DDX56,DDX1,135,320,2.3703703703703702,False
llama3.3_70b,Q2_Medios,20638385,Beclin 1,ATG5,721,276,0.3828016643550624,False
llama3.3_70b,Q2_Medios,23221578,IRS1,NEGR1,659,77,0.11684370257966616,False
llama3.3_70b,Q2_Medios,32464244,IL12B,NOD2,601,1001,1.6655574043261232,False
llama3.3_70b,Q2_Medios,35379950,CoREST,REST,188,276,1.4680851063829787,True
llama3.3_70b,Q2_Medios,22976623,PAX9,IRF6,123,202,1.6422764227642277,False
llama3.3_70b,Q2_Medios,23344954,Ku80,XRCC4,720,291,0.4041666666666667,False
llama3.3_70b,Q2_Medios,25562151,miR-34a,miR-21,766,1580,2.06266318537859,False
llama3.3_70b,Q2_Medios,32692720,Mst1,SIRT3,106,384,3.6226415094339623,False
llama3.3_70b,Q2_Medios,33351100,PLK4,PLK1,166,935,5.632530120481928,False
llama3.3_70b,Q2_Medios,25559041,MUC5AC,MUC5B,367,231,0.6294277929155313,False
llama3.3_70b,Q2_Medios,28465494,IRF-2,IRF1,110,398,3.618181818181818,False
llama3.3_70b,Q2_Medios,23660400,COCH,KCNQ4,100,87,0.87,False
llama3.3_70b,Q2_Medios,24304270,TPH2,SLC6A4,295,2401,8.138983050847457,False
llama3.3_70b,Q2_Medios,18294255,NPPA,CD14,315,824,2.615873015873016,False
llama3.3_70b,Q2_Medios,15121856,SPOP,PCIF1,218,44,0.2018348623853211,True
llama3.3_70b,Q2_Medios,26146606,ERAP1,TAP1,267,53,0.19850187265917604,False
llama3.3_70b,Q2_Medios,34043679,MMP-8,MMP9,269,3162,11.754646840148698,False
llama3.3_70b,Q2_Medios,20717968,profilin-1,TRIO,368,137,0.37228260869565216,True
llama3.3_70b,Q2_Medios,21690060,tissue factor,TNF-alpha,649,6448,9.935285053929121,False
llama3.3_70b,Q2_Medios,10580505,PI3Kgamma,PI3K,451,1725,3.8248337028824833,True
llama3.3_70b,Q2_Medios,34073604,SIRT6,NRF2,368,121,0.328804347826087,False
llama3.3_70b,Q2_Medios,33097188,Gremlin-1,TWIST1,185,746,4.032432432432432,False
llama3.3_70b,Q2_Medios,34868829,ANRIL,H19,325,570,1.7538461538461538,False
llama3.3_70b,Q2_Medios,26125726,Fyn,Bcl-2,678,2227,3.284660766961652,True
llama3.3_70b,Q2_Medios,27348078,glycyl-tRNA synthetase,LARS,198,215,1.0858585858585859,False
llama3.3_70b,Q2_Medios,17335815,CUB domain containing protein 1,CD44,119,1496,12.571428571428571,False
llama3.3_70b,Q3_Baixa_Popularidade,28077445,IFIX,IFIT1,19,108,5.684210526315789,False
llama3.3_70b,Q3_Baixa_Popularidade,27701668,CD1c,CD1a,64,117,1.828125,False
llama3.3_70b,Q3_Baixa_Popularidade,23820837,SLC6A15,ZNF804A,79,140,1.7721518987341771,False
llama3.3_70b,Q3_Baixa_Popularidade,19656157,BCSC-1,SLIT2,23,219,9.521739130434783,False
llama3.3_70b,Q3_Baixa_Popularidade,18588884,Arl2,Arl3,98,77,0.7857142857142857,True
llama3.3_70b,Q3_Baixa_Popularidade,22570476,Dna2,DNASE1L3,86,56,0.6511627906976745,False
llama3.3_70b,Q3_Baixa_Popularidade,15750039,DNAI1,DNAH9,40,47,1.175,True
llama3.3_70b,Q3_Baixa_Popularidade,16516155,spermatogenesis-related gene,uPAR,24,644,26.833333333333332,True
llama3.3_70b,Q3_Baixa_Popularidade,31141496,miR-498,PTEN,41,2820,68.78048780487805,False
llama3.3_70b,Q3_Baixa_Popularidade,37193786,FDX1,DLAT,67,178,2.656716417910448,True
llama3.3_70b,Q3_Baixa_Popularidade,21743456,Pinkbar,Pick1,15,114,7.6,False
llama3.3_70b,Q3_Baixa_Popularidade,34644148,F-box protein 42,DDB1,40,669,16.725,False
llama3.3_70b,Q3_Baixa_Popularidade,18599554,complement component 1 q subcomponent receptor 1,SLC22A3,98,119,1.2142857142857142,False
llama3.3_70b,Q3_Baixa_Popularidade,31767630,Growth differentiation factor 11,SIRT6,92,368,4.0,False
llama3.3_70b,Q3_Baixa_Popularidade,29534718,SPSB1,SPRY2,54,213,3.9444444444444446,False
llama3.3_70b,Q3_Baixa_Popularidade,15304482,KCNQ2-5,KCNQ2,87,188,2.160919540229885,True
llama3.3_70b,Q3_Baixa_Popularidade,8056341,c-myc promoter-binding protein,IRF1,53,398,7.509433962264151,False
llama3.3_70b,Q3_Baixa_Popularidade,25755145,USP26,USP9Y,51,78,1.5294117647058822,False
llama3.3_70b,Q3_Baixa_Popularidade,33791682,TMEM218,TMEM107,15,24,1.6,False
llama3.3_70b,Q3_Baixa_Popularidade,38062964,Neuronal Calcium Sensor-1,S100B,86,507,5.895348837209302,False
llama3.3_70b,Q3_Baixa_Popularidade,17588684,HOXC9,SOX2,51,818,16.03921568627451,False
llama3.3_70b,Q3_Baixa_Popularidade,23387408,Rab24,RAB11FIP3,33,54,1.6363636363636365,False
llama3.3_70b,Q3_Baixa_Popularidade,35021853,mdig,CHRNA7,96,343,3.5729166666666665,False
llama3.3_70b,Q3_Baixa_Popularidade,23349863,AROS,SIRT6,62,368,5.935483870967742,False
llama3.3_70b,Q3_Baixa_Popularidade,19998449,BAMBI,SMAD3,64,1034,16.15625,False
llama3.3_70b,Q3_Baixa_Popularidade,22920728,Rab31,RAB25,68,81,1.1911764705882353,False
llama3.3_70b,Q3_Baixa_Popularidade,16969476,TKTL1,TKT,70,225,3.2142857142857144,False
llama3.3_70b,Q3_Baixa_Popularidade,35249879,HYAL2,TSHR,75,392,5.226666666666667,False
llama3.3_70b,Q3_Baixa_Popularidade,26888427,Ndufc2,Ndufs2,53,178,3.358490566037736,False
llama3.3_70b,Q3_Baixa_Popularidade,24378532,PLEKHG2,ARHGEF11,35,100,2.857142857142857,False
llama3.3_70b,Q3_Baixa_Popularidade,30323624,UROC28,ZEB1,12,656,54.666666666666664,False
llama3.3_70b,Q3_Baixa_Popularidade,11118034,PSGR,PTGER4,31,203,6.548387096774194,False
llama3.3_70b,Q3_Baixa_Popularidade,21533545,HIC1,BRCA1,89,3456,38.831460674157306,False
llama3.3_70b,Q3_Baixa_Popularidade,30787304,PHLDA3,AIP,29,212,7.310344827586207,False
llama3.3_70b,Q3_Baixa_Popularidade,23995790,CKIP-1,DKK3,65,194,2.9846153846153847,False
llama3.3_70b,Q3_Baixa_Popularidade,28211159,DDA1,DET1,69,34,0.4927536231884058,True
llama3.3_70b,Q3_Baixa_Popularidade,32447347,PA200,PSMD11,93,275,2.956989247311828,False
llama3.3_70b,Q3_Baixa_Popularidade,38309700,ZNF335,ACE2,32,1724,53.875,False
llama3.3_70b,Q3_Baixa_Popularidade,27079220,TRPV3,TRPV1,83,481,5.795180722891566,False
llama3.3_70b,Q3_Baixa_Popularidade,36399257,LINC01089,LINC00525,13,9,0.6923076923076923,False
llama3.3_70b,Q3_Baixa_Popularidade,29240020,FGF18,DCDC2,59,92,1.5593220338983051,False
llama3.3_70b,Q3_Baixa_Popularidade,19259094,MAGE-A1,MLH1,94,1112,11.829787234042554,True
llama3.3_70b,Q3_Baixa_Popularidade,23788032,CPEB1,RPL11,65,376,5.7846153846153845,False
llama3.3_70b,Q3_Baixa_Popularidade,34048708,LSECtin,MGL,32,81,2.53125,False
llama3.3_70b,Q3_Baixa_Popularidade,22455811,POU3F4,PRPS1,53,191,3.6037735849056602,False
llama3.3_70b,Q3_Baixa_Popularidade,15883036,eferin,Pirt,54,7,0.12962962962962962,False
llama3.3_70b,Q3_Baixa_Popularidade,21732829,RSPO2,TGFBR2,66,619,9.378787878787879,False
llama3.3_70b,Q3_Baixa_Popularidade,32139259,TMPO-AS1,XIST,20,263,13.15,False
llama3.3_70b,Q3_Baixa_Popularidade,24177169,CD94,NKG2D,84,412,4.904761904761905,False
llama3.3_70b,Q3_Baixa_Popularidade,26987071,TULP1,RPE65,49,135,2.7551020408163267,False
llama3.3_70b,Q3_Baixa_Popularidade,20463552,STXBP5,TNFRSF8,59,237,4.016949152542373,False
llama3.3_70b,Q3_Baixa_Popularidade,18195106,syntaxin 10,VAMP4,53,68,1.2830188679245282,False
llama3.3_70b,Q3_Baixa_Popularidade,24222123,acyl-CoA synthetase long-chain family member 5,DSTN,70,128,1.8285714285714285,True
llama3.3_70b,Q3_Baixa_Popularidade,21926972,ODZ4,CACNA1C,31,398,12.838709677419354,True
llama3.3_70b,Q3_Baixa_Popularidade,22028245,mucin 9,IL10,27,3484,129.03703703703704,False
llama3.3_70b,Q3_Baixa_Popularidade,10455022,Rab6C,Rab6,29,183,6.310344827586207,True
llama3.3_70b,Q3_Baixa_Popularidade,34086889,GPR34,RPS6KA1,31,257,8.290322580645162,False
llama3.3_70b,Q3_Baixa_Popularidade,22426282,Pbx3,PBX1,86,194,2.255813953488372,True
llama3.3_70b,Q3_Baixa_Popularidade,15034568,CDC91L1,GPAA1,64,62,0.96875,False
llama3.3_70b,Q3_Baixa_Popularidade,38649821,SOX2OT,H19,63,570,9.047619047619047,False
llama3.3_70b,Q3_Baixa_Popularidade,15906478,ATP5G1,ATP6V0A4,46,64,1.391304347826087,False
llama3.3_70b,Q3_Baixa_Popularidade,32426838,LINC00657,HCP5,97,80,0.8247422680412371,False
llama3.3_70b,Q3_Baixa_Popularidade,28370702,SMYD2,SETD7,93,145,1.5591397849462365,False
llama3.3_70b,Q3_Baixa_Popularidade,16849634,GPD1,SOCS3,45,554,12.311111111111112,False
llama3.3_70b,Q3_Baixa_Popularidade,24268521,claudin-11,CLDN1,54,287,5.314814814814815,False
llama3.3_70b,Q3_Baixa_Popularidade,21521691,NEU4,NEU1,32,162,5.0625,False
llama3.3_70b,Q3_Baixa_Popularidade,22108903,TNFRSF17,NOD2,81,1001,12.358024691358025,False
llama3.3_70b,Q3_Baixa_Popularidade,18343808,cellular retinol binding protein 1,ALDH2,89,838,9.415730337078651,False
llama3.3_70b,Q3_Baixa_Popularidade,30705403,PRRX1,PRDX1,76,504,6.631578947368421,False
llama3.3_70b,Q3_Baixa_Popularidade,8798479,glia maturation factor,MAPKAPK2,40,195,4.875,False
llama3.3_70b,Q3_Baixa_Popularidade,28790179,CCDC103,DNAH5,24,70,2.9166666666666665,False
llama3.3_70b,Q3_Baixa_Popularidade,10923244,KPL1,RTP1,27,13,0.48148148148148145,False
llama3.3_70b,Q3_Baixa_Popularidade,31406142,SPANXB1,MAGEA3,22,104,4.7272727272727275,False
llama3.3_70b,Q3_Baixa_Popularidade,32655569,Helios,IL2,83,900,10.843373493975903,False
llama3.3_70b,Q3_Baixa_Popularidade,23953852,SGOL1,GABRG1,91,29,0.31868131868131866,False
llama3.3_70b,Q3_Baixa_Popularidade,35145093,KRT82,KRT71,23,29,1.2608695652173914,False
llama3.3_70b,Q3_Baixa_Popularidade,20952760,EphB6,Eph,86,85,0.9883720930232558,True
llama3.3_70b,Q3_Baixa_Popularidade,34846578,galectin-4,LGALS3,61,1065,17.459016393442624,False
llama3.3_70b,Q3_Baixa_Popularidade,20693981,TIMP-4,EMMPRIN,74,780,10.54054054054054,False
llama3.3_70b,Q3_Baixa_Popularidade,40982696,MIB2,RIG-I,66,625,9.469696969696969,False
llama3.3_70b,Q3_Baixa_Popularidade,12089149,CT2,SLC22A5,30,200,6.666666666666667,False
llama3.3_70b,Q3_Baixa_Popularidade,30583076,Med19,ZNF217,79,108,1.3670886075949367,False
llama3.3_70b,Q3_Baixa_Popularidade,12209954,NMES1,SFRP2,20,141,7.05,False
llama3.3_70b,Q3_Baixa_Popularidade,33466733,MBNL2,LIN28B,48,221,4.604166666666667,False
llama3.3_70b,Q3_Baixa_Popularidade,23217148,Rab27B,RAB31,85,68,0.8,False
llama3.3_70b,Q3_Baixa_Popularidade,23765671,GXYLT2,XYLT2,18,49,2.7222222222222223,False
llama3.3_70b,Q3_Baixa_Popularidade,26563945,CRAM-A,CXCR4,31,2180,70.3225806451613,False
llama3.3_70b,Q3_Baixa_Popularidade,31732561,AREL1,ITCH,27,359,13.296296296296296,False
llama3.3_70b,Q3_Baixa_Popularidade,26123324,MIR137HG,MIR137,14,252,18.0,False
llama3.3_70b,Q3_Baixa_Popularidade,35022017,TSPAN12,LRP5,61,326,5.344262295081967,False
llama3.3_70b,Q3_Baixa_Popularidade,11804591,KRC,SMAD4,49,918,18.73469387755102,False
llama3.3_70b,Q3_Baixa_Popularidade,12391161,CNrasGEF,EPAC,69,174,2.5217391304347827,False
llama3.3_70b,Q3_Baixa_Popularidade,27630294,PRKX,WNT5A,30,482,16.066666666666666,False
llama3.3_70b,Q3_Baixa_Popularidade,30515917,NLRP6,NLRP3,54,1295,23.98148148148148,False
llama3.3_70b,Q3_Baixa_Popularidade,34654837,Crb2,Fat4,36,61,1.6944444444444444,False
llama3.3_70b,Q3_Baixa_Popularidade,31004302,SOGA1,STC2,66,113,1.7121212121212122,False
llama3.3_70b,Q3_Baixa_Popularidade,15950745,leukocyte-associated Ig-like receptor-1,CD300a,95,44,0.4631578947368421,False
llama3.3_70b,Q3_Baixa_Popularidade,24367057,PIGW,PIGN,19,44,2.3157894736842106,False
llama3.3_70b,Q3_Baixa_Popularidade,24547928,TULP1,IQCB1,49,79,1.6122448979591837,False
llama3.3_70b,Q3_Baixa_Popularidade,30684280,LINC00520,HCP5,17,80,4.705882352941177,False
llama3.3_70b,Q3_Baixa_Popularidade,33203694,SKAP2,BACH2,56,120,2.142857142857143,False
llama3.3_70b,Q3_Baixa_Popularidade,31959200,LINC01234,CCAT2,23,88,3.8260869565217392,False
llama3.3_70b,Q3_Baixa_Popularidade,28390114,Transmembrane 9 Superfamily 3,STAT3,89,3707,41.651685393258425,False
llama3.3_70b,Q3_Baixa_Popularidade,28981099,SNHG20,CCAT2,29,88,3.0344827586206895,False
llama3.3_70b,Q3_Baixa_Popularidade,22037254,melusin,CHP1,22,86,3.909090909090909,False
llama3.3_70b,Q3_Baixa_Popularidade,28013291,SLC44A4,SLC44A2,35,64,1.8285714285714285,False
llama3.3_70b,Q3_Baixa_Popularidade,34338998,ARHGAP6,MTUS1,25,89,3.56,False
llama3.3_70b,Q3_Baixa_Popularidade,34624206,ZNF558,ZNF266,16,17,1.0625,False
llama3.3_70b,Q3_Baixa_Popularidade,19461657,C18orf1,DISC1,31,309,9.96774193548387,False
llama3.3_70b,Q3_Baixa_Popularidade,26993346,FAM46A,ZNF655,46,44,0.9565217391304348,False
llama3.3_70b,Q3_Baixa_Popularidade,18986759,TRAK1,TBC1D20,66,39,0.5909090909090909,False
llama3.3_70b,Q3_Baixa_Popularidade,40127622,DTX3,SIAH1,33,202,6.121212121212121,False
llama3.3_70b,Q3_Baixa_Popularidade,23192843,p42.3,CDCA8,41,116,2.8292682926829267,False
llama3.3_70b,Q3_Baixa_Popularidade,21214542,NKp46,NKG2D,97,412,4.247422680412371,False
llama3.3_70b,Q3_Baixa_Popularidade,21577013,GUCY2C,HOXA9,64,222,3.46875,False
llama3.3_70b,Q3_Baixa_Popularidade,27782152,HULC,HOTAIR,96,503,5.239583333333333,False
llama3.3_70b,Q3_Baixa_Popularidade,26036949,DNAH14,TUBG1,29,251,8.655172413793103,False
llama3.3_70b,Q3_Baixa_Popularidade,30912129,SOX21-AS1,HOTAIR,21,503,23.952380952380953,False
llama3.3_70b,Q3_Baixa_Popularidade,24474429,progesterone-induced blocking factor,PD-L1,97,2649,27.309278350515463,False
llama3.3_70b,Q3_Baixa_Popularidade,19523119,Abl-interactor-2,SHANK1,83,50,0.6024096385542169,False
llama3.3_70b,Q3_Baixa_Popularidade,32911886,galectin-10,IL-4,46,1301,28.282608695652176,False
llama3.3_70b,Q3_Baixa_Popularidade,25970784,PTPRG,MTUS1,90,89,0.9888888888888889,False
llama3.3_70b,Q3_Baixa_Popularidade,14676191,Mo25,STRAD,75,54,0.72,False
llama3.3_70b,Q4_Cauda_Longa,32459848,BRCAT54,NEAT1,8,473,59.125,False
llama3.3_70b,Q4_Cauda_Longa,2148110,PS beta,PROS1,3,260,86.66666666666667,False
llama3.3_70b,Q4_Cauda_Longa,21668797,ANKFN1,CHRNA3,9,234,26.0,False
llama3.3_70b,Q4_Cauda_Longa,36002354,MIR3117,MIR155,8,920,115.0,False
llama3.3_70b,Q4_Cauda_Longa,15485837,TRAP2,RIP1,5,136,27.2,False
llama3.3_70b,Q4_Cauda_Longa,8617492,IDDM11,IDDM1,2,1556,778.0,False
llama3.3_70b,Q4_Cauda_Longa,11381032,CECR3,CECR2,1,34,34.0,False
llama3.3_70b,Q4_Cauda_Longa,36195720,NAP1L6,NEAT1,4,473,118.25,False
llama3.3_70b,Q4_Cauda_Longa,36933158,miR4458HG,HULC,3,96,32.0,False
llama3.3_70b,Q4_Cauda_Longa,35487060,DCAF8L2,CRBN,9,165,18.333333333333332,False
llama3.3_70b,Q4_Cauda_Longa,25089627,RPLP0P2,HOTAIR,8,503,62.875,False
llama3.3_70b,Q4_Cauda_Longa,29864963,miR-610,PTEN,9,2820,313.3333333333333,False
llama3.3_70b,Q4_Cauda_Longa,29424901,TUC338,CCAT2,9,88,9.777777777777779,False
llama3.3_70b,Q4_Cauda_Longa,36715854,CEBPA-AS1,LINC00355,9,13,1.4444444444444444,False
llama3.3_70b,Q4_Cauda_Longa,36952069,TGFBR3L,GAB2,6,180,30.0,False
llama3.3_70b,Q4_Cauda_Longa,31679434,UBE2QL1,UBE2D3,9,571,63.44444444444444,False
llama3.3_70b,Q4_Cauda_Longa,18505454,USH1H,USH1F,2,128,64.0,False
llama3.3_70b,Q4_Cauda_Longa,36252997,LINC00624,NEAT1,6,473,78.83333333333333,False
llama3.3_70b,Q4_Cauda_Longa,30177388,microRNA-4316,miR-217,5,111,22.2,False
llama3.3_70b,Q4_Cauda_Longa,30956130,IgLON5,Kilon,5,77,15.4,False
llama3.3_70b,Q4_Cauda_Longa,1882841,CRIPTO,CR1,7,246,35.142857142857146,False
llama3.3_70b,Q4_Cauda_Longa,11571554,DFNA30,DFNA44,1,74,74.0,False
llama3.3_70b,Q4_Cauda_Longa,29207070,DIO3OS,HOTAIR,5,503,100.6,False
llama3.3_70b,Q4_Cauda_Longa,28618313,MIR4646,SIRT1,4,1828,457.0,False
llama3.3_70b,Q4_Cauda_Longa,29202958,ZNF676,PIWIL2,6,71,11.833333333333334,False
llama3.3_70b,Q4_Cauda_Longa,34884733,TRU-TCA1-1,SECISBP2,4,76,19.0,True
llama3.3_70b,Q4_Cauda_Longa,8920921,U14,RPS13,2,295,147.5,False
llama3.3_70b,Q4_Cauda_Longa,35715331,LINC01559,HOTAIR,8,503,62.875,False
llama3.3_70b,Q4_Cauda_Longa,31045494,Cerox1,NORAD,3,97,32.333333333333336,False
llama3.3_70b,Q4_Cauda_Longa,19471314,PWRN2,NIPA2,7,20,2.857142857142857,False
llama3.3_70b,Q4_Cauda_Longa,26565952,TGFB2 overlapping transcript 1,TGFB2,4,387,96.75,True
llama3.3_70b,Q4_Cauda_Longa,37347740,BVES-AS1,SLNCR1,4,32,8.0,False
llama3.3_70b,Q4_Cauda_Longa,33322837,Reprimo-Like,Reprimo,4,33,8.25,True
llama3.3_70b,Q4_Cauda_Longa,41315668,C5orf66-AS1,LINC00312,6,21,3.5,False
llama3.3_70b,Q4_Cauda_Longa,31170957,LINC00311,HOTAIR,5,503,100.6,False
llama3.3_70b,Q4_Cauda_Longa,16982625,Tctex2beta,DYNLT3,8,41,5.125,False
llama3.3_70b,Q4_Cauda_Longa,39014929,USP30-AS1,LINC00355,7,13,1.8571428571428572,False
llama3.3_70b,Q4_Cauda_Longa,31332380,LOC642361,LRP12,4,34,8.5,True
llama3.3_70b,Q4_Cauda_Longa,39278369,FAM230B,NEAT1,9,473,52.55555555555556,False
llama3.3_70b,Q4_Cauda_Longa,36583781,HAR1B,HOTAIR,4,503,125.75,False
llama3.3_70b,Q4_Cauda_Longa,7851895,CGM12,CGM9,2,1,0.5,False
llama3.3_70b,Q4_Cauda_Longa,28957321,ZNF404,TOX3,9,92,10.222222222222221,False
llama3.3_70b,Q4_Cauda_Longa,34830378,LINC01010,MEG3,5,337,67.4,False
llama3.3_70b,Q4_Cauda_Longa,30905893,LINC00202,NEAT1,3,473,157.66666666666666,False
llama3.3_70b,Q4_Cauda_Longa,8934543,GML,TIG1,9,101,11.222222222222221,False
llama3.3_70b,Q4_Cauda_Longa,8559254,U25-,U31,6,5,0.8333333333333334,True
llama3.3_70b,Q4_Cauda_Longa,31800155,SH2D6,CAPG,6,96,16.0,True
llama3.3_70b,Q4_Cauda_Longa,25317109,APeg3,Atp10a,4,34,8.5,False
llama3.3_70b,Q4_Cauda_Longa,21980299,LOC154449,VPS52,4,89,22.25,False
llama3.3_70b,Q4_Cauda_Longa,35219381,CTD-2256P15.2,PACER,1,9,9.0,False
llama3.3_70b,Q4_Cauda_Longa,10644448,PI8L1,PI7,3,133,44.333333333333336,False
llama3.3_70b,Q4_Cauda_Longa,26308446,C22orf42,ZAK,8,96,12.0,False
llama3.3_70b,Q4_Cauda_Longa,28134766,IQCJ,GCKR,9,233,25.88888888888889,False
llama3.3_70b,Q4_Cauda_Longa,21103834,PRO2268,TYR,2,229,114.5,False
llama3.3_70b,Q4_Cauda_Longa,35156520,LINC00525,CCAT1,9,121,13.444444444444445,False
llama3.3_70b,Q4_Cauda_Longa,37620336,LINC00880,LINC01133,3,34,11.333333333333334,False
llama3.3_70b,Q4_Cauda_Longa,30399588,LINC01510,LINC00473,8,30,3.75,False
llama3.3_70b,Q4_Cauda_Longa,10100857,MYCL2,MYCL1,8,52,6.5,True
llama3.3_70b,Q4_Cauda_Longa,30271163,LINC00882,HULC,5,96,19.2,False
llama3.3_70b,Q4_Cauda_Longa,35100495,SNORA71A,SNHG7,6,52,8.666666666666666,False
llama3.3_70b,Q4_Cauda_Longa,34927228,miR-3648,miR-21,9,1580,175.55555555555554,False
llama3.3_70b,Q4_Cauda_Longa,22394158,DRGX,GRIK2,6,119,19.833333333333332,False
llama3.3_70b,Q4_Cauda_Longa,35759180,LINC01013,LINC00961,7,19,2.7142857142857144,False
llama3.3_70b,Q4_Cauda_Longa,26468016,TGFBR3L,LMO1,6,56,9.333333333333334,False
llama3.3_70b,Q4_Cauda_Longa,27391432,Yiya,HOTAIR,3,503,167.66666666666666,False
llama3.3_70b,Q4_Cauda_Longa,21044875,SLC15A5,SLC10A7,7,27,3.857142857142857,False
llama3.3_70b,Q4_Cauda_Longa,24882193,PER4,APOB,2,955,477.5,True
llama3.3_70b,Q4_Cauda_Longa,10524237,ADAM20,ADAM5,8,9,1.125,False
llama3.3_70b,Q4_Cauda_Longa,31680049,LINC00540,DAB2IP,3,144,48.0,False
llama3.3_70b,Q4_Cauda_Longa,22275255,C1orf192,SDHD,8,177,22.125,False
llama3.3_70b,Q4_Cauda_Longa,9177776,ribosomal protein L3 homologous,RPL3,2,359,179.5,True
llama3.3_70b,Q4_Cauda_Longa,32236626,ZNF710,TP73,9,694,77.11111111111111,False
llama3.3_70b,Q4_Cauda_Longa,34766250,KRT18P55,HOTAIR,6,503,83.83333333333333,False
llama3.3_70b,Q4_Cauda_Longa,27644252,IRAIN,HOTAIR,3,503,167.66666666666666,False
llama3.3_70b,Q4_Cauda_Longa,12160729,BCL8,AKAP13,6,143,23.833333333333332,False
llama3.3_70b,Q4_Cauda_Longa,36071454,LINC01132,NEAT1,7,473,67.57142857142857,False
llama3.3_70b,Q4_Cauda_Longa,9792872,RP24,RPGR,1,184,184.0,True
llama3.3_70b,Q4_Cauda_Longa,16376304,sytdep,SYT15,7,14,2.0,False
llama3.3_70b,Q4_Cauda_Longa,35404406,LINC01510,HOTAIR,8,503,62.875,False
llama3.3_70b,Q4_Cauda_Longa,37934195,LINC00869,LINC00958,6,24,4.0,False
llama3.3_70b,Q4_Cauda_Longa,37789393,LINC00922,CPT1A,7,234,33.42857142857143,False
llama3.3_70b,Q4_Cauda_Longa,20186789,ZNF630,ZNF674,5,10,2.0,True
llama3.3_70b,Q4_Cauda_Longa,17971048,HLA complex group 4,HLA-B,5,2225,445.0,False
llama3.3_70b,Q4_Cauda_Longa,15671038,diacylglycerol acyltransferase 2,DGAT,5,84,16.8,True
llama3.3_70b,Q4_Cauda_Longa,16596430,DFNB65,DFNB42,1,26,26.0,False
llama3.3_70b,Q4_Cauda_Longa,30610803,LINC01170,LINC00336,2,4,2.0,False
llama3.3_70b,Q4_Cauda_Longa,11245978,DUX3,DUX4,7,146,20.857142857142858,False
llama3.3_70b,Q4_Cauda_Longa,25476897,Linc00974,HULC,6,96,16.0,False
llama3.3_70b,Q4_Cauda_Longa,38182548,LINC00629,LINC00312,6,21,3.5,False
llama3.3_70b,Q4_Cauda_Longa,14627674,DFNA49,DFNA4,1,179,179.0,False
llama3.3_70b,Q4_Cauda_Longa,29871690,MIR3065,MIR4680,9,2,0.2222222222222222,False
llama3.3_70b,Q4_Cauda_Longa,34496800,LINC00852,HCP5,7,80,11.428571428571429,False
llama3.3_70b,Q4_Cauda_Longa,36747161,WEE2-AS1,HOTAIR,9,503,55.888888888888886,False
llama3.3_70b,Q4_Cauda_Longa,33435769,miR-3615,CDKN2A,7,2699,385.57142857142856,False
llama3.3_70b,Q4_Cauda_Longa,27764782,LINC01198,HOTAIR,6,503,83.83333333333333,False
llama3.3_70b,Q4_Cauda_Longa,37782686,LINC01485,HOTAIR,5,503,100.6,False
llama3.3_70b,Q4_Cauda_Longa,32895492,DIGIT,NEAT1,2,473,236.5,False
llama3.3_70b,Q4_Cauda_Longa,28628559,miR-1206,MIR27A,6,379,63.166666666666664,False
llama3.3_70b,Q4_Cauda_Longa,38756100,NUDT17,TP53,7,11629,1661.2857142857142,False
llama3.3_70b,Q4_Cauda_Longa,14571270,SCKL3,CENPJ,1,108,108.0,False
llama3.3_70b,Q4_Cauda_Longa,21525244,Bet3L.,TRAPPC13,7,29,4.142857142857143,False
llama3.3_70b,Q4_Cauda_Longa,8244384,GLUDP2,GLUD2,5,85,17.0,False
llama3.3_70b,Q4_Cauda_Longa,34121925,Lipocalin 10,ST2,8,293,36.625,False
llama3.3_70b,Q4_Cauda_Longa,37584416,LINC01559,HCP5,8,80,10.0,False
llama3.3_70b,Q4_Cauda_Longa,26898221,SENCR,FENDRR,9,36,4.0,False
llama3.3_70b,Q4_Cauda_Longa,34204736,OR5H2,OR51E2,4,31,7.75,False
llama3.3_70b,Q4_Cauda_Longa,37364417,FAM215A,HOTTIP,8,103,12.875,False
llama3.3_70b,Q4_Cauda_Longa,33221433,miR-5694,ENPP2,3,207,69.0,False
llama3.3_70b,Q4_Cauda_Longa,27371842,miR-449c,p53,7,11629,1661.2857142857142,False
llama3.3_70b,Q4_Cauda_Longa,11920285,PARK3,SNCA,3,2255,751.6666666666666,False
llama3.3_70b,Q4_Cauda_Longa,37890508,LINC01339,LINC00673,2,32,16.0,False
llama3.3_70b,Q4_Cauda_Longa,33045317,LINC00922,CCAT2,7,88,12.571428571428571,False
llama3.3_70b,Q4_Cauda_Longa,27510544,U6atac,U4atac,8,24,3.0,False
llama3.3_70b,Q4_Cauda_Longa,19193627,SUNC1,DPP6,9,73,8.11111111111111,True
llama3.3_70b,Q4_Cauda_Longa,32099381,LINC01124,MALAT1,2,682,341.0,False
llama3.3_70b,Q4_Cauda_Longa,16511635,SPG27,SPG10,2,134,67.0,False
llama3.3_70b,Q4_Cauda_Longa,33068730,long intergenic non-coding RNA 01087,NEAT1,5,473,94.6,False
llama3.3_70b,Q4_Cauda_Longa,30121664,Linc00515,BAG3,2,356,178.0,False
llama3.3_70b,Q4_Cauda_Longa,31520606,miR-23c,hsa-miR-23b,7,138,19.714285714285715,True
llama3.3_70b,Q4_Cauda_Longa,35264071,CATIP antisense RNA 1,NEAT1,1,473,473.0,False
llama3.3_70b,Q4_Cauda_Longa,31971830,miR-1293,miR-21,8,1580,197.5,False
llama3.3_70b,Q4_Cauda_Longa,31655495,LOC105377871,MDM4,1,355,355.0,False
llama3.3_70b,Q4_Cauda_Longa,30241482,RIPPLY3,GATA3,9,516,57.333333333333336,False
llama3.3_70b,Q4_Cauda_Longa,36934544,LINC01480,MIR100HG,2,21,10.5,False
llama3.3_70b,Q4_Cauda_Longa,24121108,NAT16,NAA30,8,30,3.75,False
llama3.3_70b,Q4_Cauda_Longa,35163220,miR4749,miR-122,6,434,72.33333333333333,False
llama3.3_70b,Q4_Cauda_Longa,8026106,MRX14,MRX1,2,81,40.5,False
llama3.3_70b,Q4_Cauda_Longa,17509818,Mimt1,Peg3,4,45,11.25,True
llama3.3_70b,Q4_Cauda_Longa,34588321,LINC01572,HULC,8,96,12.0,False
llama3.3_70b,Q4_Cauda_Longa,38396001,hsa-miR-7704,miR-122,4,434,108.5,False
llama3.3_70b,Q4_Cauda_Longa,33506901,DBH-AS1,XIST,9,263,29.22222222222222,False
llama3.3_70b,Q4_Cauda_Longa,27450454,GCASPC,MEG3,2,337,168.5,False
llama3.3_70b,Q4_Cauda_Longa,18065488,FXRbeta,SHP,4,161,40.25,False
llama3.3_70b,Q4_Cauda_Longa,36951025,miR-448-3p,miR-21,3,1580,526.6666666666666,False
llama3.3_70b,Q4_Cauda_Longa,25558065,WDR93,ZNF462,6,69,11.5,False
llama3.3_70b,Q3_Baixa_Popularidade,28276201,GRHL3,VANGL1,54,122,2.259259259259259,False
qwen3.6_35b,Q1_Super_Populares,23867349,OPN,PTGS2,1206,2314,1.9187396351575456,False
qwen3.6_35b,Q1_Super_Populares,29588308,VEGFR2,KIT,1105,1173,1.0615384615384615,False
qwen3.6_35b,Q1_Super_Populares,22590959,Sirt1,ULK1,1828,324,0.1772428884026258,False
qwen3.6_35b,Q1_Super_Populares,25310146,Interleukin 1 beta,IL-10,3216,3484,1.0833333333333333,False
qwen3.6_35b,Q1_Super_Populares,27595159,ICAM-1,IL-17A,1358,1656,1.2194403534609721,False
qwen3.6_35b,Q1_Super_Populares,17437619,GSTM1,GSTT1,2270,1900,0.8370044052863436,True
qwen3.6_35b,Q1_Super_Populares,20678555,DRD2,COMT,1329,2081,1.5658389766741911,True
qwen3.6_35b,Q1_Super_Populares,23359812,CTLA4,CD80,1339,243,0.18147871545929797,False
qwen3.6_35b,Q1_Super_Populares,25088788,IFN-gamma,IL-17,2159,1656,0.7670217693376563,True
qwen3.6_35b,Q1_Super_Populares,37392490,C-X-C chemokine receptor 4,CXCL12,2180,1471,0.6747706422018349,False
qwen3.6_35b,Q1_Super_Populares,12086670,BCL2,Kit,2227,1173,0.5267175572519084,True
qwen3.6_35b,Q1_Super_Populares,19254255,HLA DRB1,HLA-DQB1,2875,1556,0.5412173913043479,False
qwen3.6_35b,Q1_Super_Populares,24142575,p300,p53,1409,11629,8.253371185237757,False
qwen3.6_35b,Q1_Super_Populares,25735793,Beta-catenin,NF-kappaB,3367,3397,1.008910008910009,False
qwen3.6_35b,Q1_Super_Populares,26109559,p27KIP1,p27,1107,1,0.0009033423667570009,True
qwen3.6_35b,Q1_Super_Populares,19188749,COX-2,VEGF,2314,5214,2.2532411408815904,False
qwen3.6_35b,Q1_Super_Populares,20158519,Src,LAR,1520,142,0.09342105263157895,False
qwen3.6_35b,Q1_Super_Populares,26438079,ABCB1,ABCG2,2567,946,0.36852356836774447,False
qwen3.6_35b,Q1_Super_Populares,12966525,serotonin transporter,HTR1A,2401,401,0.1670137442732195,False
qwen3.6_35b,Q1_Super_Populares,14680975,PPARgamma,PNPLA3,2278,442,0.19402985074626866,False
qwen3.6_35b,Q1_Super_Populares,18816594,c-myc,PTC7,2704,182,0.0673076923076923,False
qwen3.6_35b,Q1_Super_Populares,20820192,BRCA1,OCT1,3456,253,0.07320601851851852,True
qwen3.6_35b,Q1_Super_Populares,26552750,CXCL12,CXCR4,1471,2180,1.4819850441876274,True
qwen3.6_35b,Q1_Super_Populares,20513078,PD-L1,PD-1,2649,1252,0.4726311815779539,False
qwen3.6_35b,Q1_Super_Populares,18683754,hMLH1,XRCC1,1112,1351,1.214928057553957,False
qwen3.6_35b,Q1_Super_Populares,22844442,CASP3,WNT4,1255,126,0.100398406374502,False
qwen3.6_35b,Q1_Super_Populares,24280143,RHOA,SEMA3A,1175,204,0.17361702127659576,False
qwen3.6_35b,Q1_Super_Populares,27423588,BIRC5,MTHFR,1365,3864,2.830769230769231,False
qwen3.6_35b,Q1_Super_Populares,39191344,Mapk14,LC3,1467,397,0.27062031356509886,False
qwen3.6_35b,Q1_Super_Populares,22673112,galectin-3,CRP,1065,1,0.0009389671361502347,False
qwen3.6_35b,Q1_Super_Populares,27507606,TLR2,TLR4,1624,2778,1.7105911330049262,False
qwen3.6_35b,Q1_Super_Populares,31357837,IGF-1R,SPRED1,1274,83,0.065149136577708,False
qwen3.6_35b,Q1_Super_Populares,31661551,MMP2,Wnt5a,1978,482,0.243680485338726,False
qwen3.6_35b,Q1_Super_Populares,36546586,MDM2) and 4,MDM4,2218,355,0.1600541027953111,True
qwen3.6_35b,Q1_Super_Populares,37661113,HDAC1,HDAC,1343,187,0.13924050632911392,False
qwen3.6_35b,Q1_Super_Populares,12858534,HIF-1 alpha,VEGF,3911,5214,1.3331628739452825,False
qwen3.6_35b,Q1_Super_Populares,20604950,p16INK4A,p27,2699,1,0.0003705075954057058,False
qwen3.6_35b,Q1_Super_Populares,25425967,interleukin-1alpha,HGF,1010,835,0.8267326732673267,False
qwen3.6_35b,Q1_Super_Populares,28256105,CYP2C19,CYP1A1,1111,1118,1.0063006300630064,False
qwen3.6_35b,Q1_Super_Populares,30853520,TLR2,TSLPR,1624,92,0.05665024630541872,True
qwen3.6_35b,Q1_Super_Populares,36737794,CD54,CD133,1358,631,0.4646539027982327,False
qwen3.6_35b,Q1_Super_Populares,15563891,APOE,TNF,5224,6448,1.234303215926493,False
qwen3.6_35b,Q1_Super_Populares,24721839,C-kit,TWIST1,1173,746,0.6359761295822677,False
qwen3.6_35b,Q1_Super_Populares,26073399,apolipoprotein A-I,LCAT,1129,197,0.1744906997342781,True
qwen3.6_35b,Q1_Super_Populares,32285172,TGf-beta1,PD-L1,5008,2649,0.5289536741214057,False
qwen3.6_35b,Q1_Super_Populares,20971508,CD44,CD11b,1496,352,0.23529411764705882,False
qwen3.6_35b,Q1_Super_Populares,21475975,RhoA,CD44,1175,1496,1.2731914893617022,False
qwen3.6_35b,Q1_Super_Populares,29862445,mTOR,PI3K,2569,1725,0.6714674970805761,False
qwen3.6_35b,Q1_Super_Populares,36172747,ctla-4,PD-1,1339,1252,0.935026138909634,False
qwen3.6_35b,Q1_Super_Populares,26635038,STAT1,STAT5,1158,441,0.38082901554404147,False
qwen3.6_35b,Q1_Super_Populares,30115631,E-cadherin,OCT4,2236,688,0.3076923076923077,False
qwen3.6_35b,Q1_Super_Populares,37916628,CYP2D6,KLF9,1089,103,0.0945821854912764,True
qwen3.6_35b,Q1_Super_Populares,15598682,RhoA,Rho,1175,248,0.21106382978723404,True
qwen3.6_35b,Q1_Super_Populares,22301914,paraoxonase 1,INSR,1283,756,0.5892439594699922,False
qwen3.6_35b,Q1_Super_Populares,30266980,interleukin-8,IL-6,2502,5468,2.185451638689049,False
qwen3.6_35b,Q1_Super_Populares,33502650,p65,NF-kappaB,1687,3397,2.013633669235329,True
qwen3.6_35b,Q1_Super_Populares,12748184,RhoA,Rho,1175,248,0.21106382978723404,True
qwen3.6_35b,Q1_Super_Populares,20532959,Paraoxonase 1,PNPLA8,1283,56,0.043647700701480906,False
qwen3.6_35b,Q1_Super_Populares,22499302,osteopontin,VEGF,1206,5214,4.323383084577115,False
qwen3.6_35b,Q1_Super_Populares,23573235,Bcl2,Ki-67,2227,1035,0.4647507858105074,False
qwen3.6_35b,Q1_Super_Populares,29903026,IFN-gamma,IL-10,2159,3484,1.6137100509495137,True
qwen3.6_35b,Q1_Super_Populares,18923427,XRCC1,PARP1,1351,1610,1.1917098445595855,False
qwen3.6_35b,Q1_Super_Populares,32541093,YAP1,ZEB1,1524,656,0.4304461942257218,False
qwen3.6_35b,Q1_Super_Populares,22986536,Notch1,STAT3,1591,3707,2.3299811439346323,False
qwen3.6_35b,Q1_Super_Populares,23653000,CXCL12,MTHFR,1471,3864,2.626784500339905,False
qwen3.6_35b,Q1_Super_Populares,28164497,Cytochrome P450 1A1,XRCC1,1118,1351,1.2084078711985689,False
qwen3.6_35b,Q1_Super_Populares,30257941,ERbeta,p53,1278,11629,9.099374021909233,False
qwen3.6_35b,Q1_Super_Populares,33530501,IL-17A,IL10,1656,3484,2.103864734299517,False
qwen3.6_35b,Q1_Super_Populares,16395669,GSTP1,NOS2,1727,18,0.010422698320787493,False
qwen3.6_35b,Q1_Super_Populares,18597093,VEGF,APOA1,5214,1129,0.2165324127349444,False
qwen3.6_35b,Q1_Super_Populares,19933216,GSTM1,SERPINA1,2270,763,0.33612334801762117,True
qwen3.6_35b,Q1_Super_Populares,23568005,Cyclin D1,p63,1799,967,0.537520844913841,False
qwen3.6_35b,Q1_Super_Populares,15858598,IFNG,IL12A,2159,464,0.21491431218156554,False
qwen3.6_35b,Q1_Super_Populares,17575262,ERK1/2,AKT,2345,3746,1.5974413646055436,False
qwen3.6_35b,Q1_Super_Populares,28956745,Peroxisome Proliferator-Activated Receptor-gamma2,LPL,2278,787,0.34547848990342406,False
qwen3.6_35b,Q1_Super_Populares,29950413,STAT3,OCT4,3707,688,0.1855948206096574,False
qwen3.6_35b,Q1_Super_Populares,20541434,leptin,Adiponectin,1914,2464,1.2873563218390804,False
qwen3.6_35b,Q1_Super_Populares,25033841,nucleophosmin,ZBTB16,1194,195,0.16331658291457288,False
qwen3.6_35b,Q1_Super_Populares,29358618,EZH2,TET2,1554,474,0.305019305019305,False
qwen3.6_35b,Q1_Super_Populares,21524306,JNK,p73,1060,694,0.6547169811320754,False
qwen3.6_35b,Q1_Super_Populares,11229461,HLA-B27,HLA-A,2225,1682,0.7559550561797753,False
qwen3.6_35b,Q1_Super_Populares,21061795,bcl-2,p16,2227,1,0.000449034575662326,False
qwen3.6_35b,Q1_Super_Populares,21320563,Toll-like receptor 2,TNF,1624,6448,3.9704433497536944,False
qwen3.6_35b,Q1_Super_Populares,27535224,ATM,NF-kappaB,1579,3397,2.1513616212792908,True
qwen3.6_35b,Q1_Super_Populares,14693408,beta2-adrenergic receptor,ADRB1,1130,392,0.34690265486725663,False
qwen3.6_35b,Q1_Super_Populares,28416193,LEP,LEPR,1914,748,0.39080459770114945,False
qwen3.6_35b,Q1_Super_Populares,17106238,p16,KRAS,2699,3056,1.132271211559837,False
qwen3.6_35b,Q1_Super_Populares,20072139,CTLA4,PTPN22,1339,590,0.4406273338312173,True
qwen3.6_35b,Q1_Super_Populares,22883195,caveolin-1,Adiponectin,1228,2464,2.006514657980456,False
qwen3.6_35b,Q1_Super_Populares,25381333,CYP2D6,CYP2C9,1089,974,0.8943985307621671,False
qwen3.6_35b,Q1_Super_Populares,20041156,LRRK2,PARK2,1110,992,0.8936936936936937,False
qwen3.6_35b,Q1_Super_Populares,20457620,NF-kappaB p65,NF-kappaB,1687,3397,2.013633669235329,True
qwen3.6_35b,Q1_Super_Populares,21262832,C-KIT,FLT3,1173,835,0.711849957374254,False
qwen3.6_35b,Q1_Super_Populares,25556445,insulin-like growth factor 1 receptor,BCL2,1274,2227,1.7480376766091053,False
qwen3.6_35b,Q1_Super_Populares,27058219,prothrombin,PROS1,1489,260,0.17461383478844864,False
qwen3.6_35b,Q1_Super_Populares,32310186,LRRK2,PARK2,1110,992,0.8936936936936937,False
qwen3.6_35b,Q1_Super_Populares,34256773,PD-L1,PD-1,2649,1252,0.4726311815779539,False
qwen3.6_35b,Q1_Super_Populares,15539430,Cyclin D1,SMRT,1799,375,0.2084491384102279,False
qwen3.6_35b,Q1_Super_Populares,18085494,interleukin-1alpha,TNF-alpha,1010,6448,6.3841584158415845,False
qwen3.6_35b,Q1_Super_Populares,21832283,VEGF,VEGFR,5214,1105,0.2119294207901803,False
qwen3.6_35b,Q1_Super_Populares,32921413,PPARgamma,GLUT4,2278,230,0.1009657594381036,False
qwen3.6_35b,Q1_Super_Populares,33117339,IL18,IL12B,1191,601,0.5046179680940386,False
qwen3.6_35b,Q1_Super_Populares,15667866,GSTM1,GSTP1,2270,1727,0.7607929515418502,False
qwen3.6_35b,Q1_Super_Populares,15811326,p16,PML,2699,686,0.25416821044831417,False
qwen3.6_35b,Q1_Super_Populares,23033269,IL-17,SOCS3,1656,554,0.33454106280193235,True
qwen3.6_35b,Q1_Super_Populares,23543084,XRCC1,OGG1,1351,656,0.4855662472242783,False
qwen3.6_35b,Q1_Super_Populares,17164408,IGF1,PI3K,2076,1725,0.8309248554913294,False
qwen3.6_35b,Q1_Super_Populares,21135555,brain-derived neurotrophic factor,GFAP,2560,384,0.15,False
qwen3.6_35b,Q1_Super_Populares,26096306,EZH2,p14ARF,1554,2699,1.7368082368082367,False
qwen3.6_35b,Q1_Super_Populares,10898498,HLA-C.,HLA-G,1113,984,0.8840970350404312,True
qwen3.6_35b,Q1_Super_Populares,23158993,Foxp3,IL-17,1171,1656,1.4141759180187874,True
qwen3.6_35b,Q1_Super_Populares,25464604,integrin beta-3,PLA2,1223,74,0.06050695012264922,True
qwen3.6_35b,Q1_Super_Populares,29763840,interleukins 4 and 10,IL-6,1301,5468,4.202920830130669,False
qwen3.6_35b,Q1_Super_Populares,33966039,EZH2,TRAF6,1554,875,0.5630630630630631,True
qwen3.6_35b,Q1_Super_Populares,10640275,HDAC1,HDAC3,1343,512,0.3812360387192852,False
qwen3.6_35b,Q1_Super_Populares,15535843,RhoA,Rho,1175,248,0.21106382978723404,True
qwen3.6_35b,Q1_Super_Populares,18175066,AGT,ACE,1161,2771,2.3867355727820843,False
qwen3.6_35b,Q1_Super_Populares,19152241,interleukin-18,CYP1A1,1191,1118,0.9387069689336692,False
qwen3.6_35b,Q1_Super_Populares,20693286,ERK1/2,ERK,1498,2345,1.5654205607476634,True
qwen3.6_35b,Q1_Super_Populares,21590492,FAK,ERK,1103,2345,2.126019945602901,False
qwen3.6_35b,Q1_Super_Populares,31111520,p16,ERG,2699,493,0.18266024453501298,True
qwen3.6_35b,Q1_Super_Populares,21948293,Vitamin d receptor,GSTT1,2492,1900,0.7624398073836276,False
qwen3.6_35b,Q1_Super_Populares,22631677,FAS,IL-10,1262,3484,2.7606973058637085,False
qwen3.6_35b,Q1_Super_Populares,25854163,STAT3,SRF,3707,233,0.06285405988670084,False
qwen3.6_35b,Q1_Super_Populares,32770964,HO-1,vaspin,1207,166,0.1375310687655344,False
qwen3.6_35b,Q1_Super_Populares,38093209,intercellular adhesion molecule-1,CD36,1358,548,0.40353460972017674,False
qwen3.6_35b,Q1_Super_Populares,38779680,Plasminogen activator inhibitor-1,STAT3,1549,3707,2.393156875403486,False
qwen3.6_35b,Q1_Super_Populares,15908432,GRP78,LRP,1188,540,0.45454545454545453,False
qwen3.6_35b,Q1_Super_Populares,17724596,toll-like receptor-4 and 8,CD14,2778,824,0.2966162706983441,False
qwen3.6_35b,Q1_Super_Populares,24522376,Akt,PI3K,3746,1725,0.4604911906033102,True
qwen3.6_35b,Q1_Super_Populares,27113703,CYP 3A4 and 1A1,CYP2C9,1118,974,0.8711985688729875,False
qwen3.6_35b,Q1_Super_Populares,30784360,NF-kappaB,PIM,3397,301,0.08860759493670886,True
qwen3.6_35b,Q1_Super_Populares,19337385,NLRP3,NOD1,1295,261,0.20154440154440154,True
qwen3.6_35b,Q1_Super_Populares,19750329,CYP1A1,CYP2A6,1118,318,0.2844364937388193,False
qwen3.6_35b,Q1_Super_Populares,37379210,p53,PD-1,11629,1252,0.10766187978330037,True
qwen3.6_35b,Q1_Super_Populares,29072241,"glutathione S-transferase T1, M1, and P1",GSTT2,2270,50,0.022026431718061675,False
qwen3.6_35b,Q1_Super_Populares,22035595,adiponectin,CRP,2464,1,0.00040584415584415587,True
qwen3.6_35b,Q1_Super_Populares,31150457,EGFR,KRAS,6689,3056,0.4568694872178203,False
qwen3.6_35b,Q1_Super_Populares,15948239,leptin,adiponectin,1914,2464,1.2873563218390804,False
qwen3.6_35b,Q1_Super_Populares,22984553,BRCA1/2,BRCA1,2214,3456,1.5609756097560976,False
qwen3.6_35b,Q1_Super_Populares,27736875,NOTCH1,TSPEAR,1591,16,0.01005656819610308,True
qwen3.6_35b,Q1_Super_Populares,28957360,Toll like receptor 4,CD14,2778,824,0.2966162706983441,False
qwen3.6_35b,Q1_Super_Populares,17141222,Src,Cbl,1520,790,0.5197368421052632,True
qwen3.6_35b,Q1_Super_Populares,18155264,HLA-A and -B,HLA-B,1682,2225,1.3228299643281807,False
qwen3.6_35b,Q1_Super_Populares,18237245,cyclin D1,ERBB2,1799,3357,1.8660366870483602,False
qwen3.6_35b,Q1_Super_Populares,19284577,receptor for advanced glycation end products,TREM2,1028,351,0.3414396887159533,False
qwen3.6_35b,Q1_Super_Populares,12761493,pRB,p53,1426,11629,8.154978962131837,True
qwen3.6_35b,Q1_Super_Populares,18547262,BCL1,F8,1799,680,0.3779877709838799,False
qwen3.6_35b,Q1_Super_Populares,30628725,FAK,SRC,1103,1520,1.3780598368087036,False
qwen3.6_35b,Q1_Super_Populares,31018945,von Willebrand Factor,SERPINA3,1035,240,0.2318840579710145,False
qwen3.6_35b,Q1_Super_Populares,1672777,brain natriuretic peptide,ANP,1153,315,0.2732003469210755,True
qwen3.6_35b,Q1_Super_Populares,17335808,Hypoxia-inducible factor 1alpha,HIF-1,3911,215,0.054973152646382,False
qwen3.6_35b,Q1_Super_Populares,19091404,cyclin D1,p27,1799,1,0.0005558643690939411,False
qwen3.6_35b,Q1_Super_Populares,32646478,SOD1,SOD2,1331,986,0.7407963936889557,False
qwen3.6_35b,Q1_Super_Populares,33060727,galectin-3,VEGF,1065,5214,4.895774647887324,True
qwen3.6_35b,Q1_Super_Populares,12482669,ERK1/2,ERK,1498,2345,1.5654205607476634,False
qwen3.6_35b,Q1_Super_Populares,25344320,beta-catenin,PI3K,3367,1725,0.5123255123255124,True
qwen3.6_35b,Q1_Super_Populares,26420348,matrix metalloproteinase 9,p53,3162,11629,3.6777356103731815,False
qwen3.6_35b,Q1_Super_Populares,28242758,EZH2,Myc,1554,2704,1.74002574002574,False
qwen3.6_35b,Q1_Super_Populares,28402926,SDF-1,RhoA,1471,1175,0.7987763426240653,False
qwen3.6_35b,Q1_Super_Populares,37554278,PTK2,RAGE,1103,1028,0.9320036264732547,True
qwen3.6_35b,Q1_Super_Populares,23541532,TDP-43,APP,1108,3204,2.891696750902527,False
qwen3.6_35b,Q1_Super_Populares,24078094,CDKN1B,ESR1,1107,3640,3.288166214995483,False
qwen3.6_35b,Q1_Super_Populares,24963148,MCP-1,TNF-alpha,1642,6448,3.9269183922046285,False
qwen3.6_35b,Q1_Super_Populares,25311665,STAT1,STAT5,1158,441,0.38082901554404147,False
qwen3.6_35b,Q1_Super_Populares,12687213,IL-10,IL-4,3484,1301,0.37342135476463834,True
qwen3.6_35b,Q1_Super_Populares,15537704,phosphatase and tensin homolog,PTP1B,2820,495,0.17553191489361702,False
qwen3.6_35b,Q1_Super_Populares,19621391,Cyclooxygenase-2,COX-2,2314,164,0.07087294727744166,True
qwen3.6_35b,Q1_Super_Populares,21673190,BiP,DNAJA2,1188,270,0.22727272727272727,False
qwen3.6_35b,Q1_Super_Populares,15572666,p21,p73,1844,694,0.37635574837310193,True
qwen3.6_35b,Q1_Super_Populares,20827430,GSTP1,p53,1727,11629,6.733642154024319,True
qwen3.6_35b,Q1_Super_Populares,27094578,beta1 integrin,Ets-1,1513,454,0.30006609385327165,True
qwen3.6_35b,Q1_Super_Populares,37968472,PIK3CA,CTNNB1,1725,3367,1.9518840579710144,False
qwen3.6_35b,Q1_Super_Populares,12181570,Rac1,Rac,1346,3746,2.7830609212481425,True
qwen3.6_35b,Q1_Super_Populares,20869334,ATM,DNA-PKcs,1579,933,0.590880303989867,True
qwen3.6_35b,Q1_Super_Populares,25687825,Nrf2,GPX1,1916,413,0.21555323590814196,False
qwen3.6_35b,Q1_Super_Populares,16781717,apolipoprotein A1/C3/A4/A5,APOA5,1129,462,0.4092116917626218,True
qwen3.6_35b,Q1_Super_Populares,22290228,PTEN,p16,2820,1,0.0003546099290780142,False
qwen3.6_35b,Q1_Super_Populares,36640339,ATM,BRCA1,1579,3456,2.188727042431919,False
qwen3.6_35b,Q1_Super_Populares,18790046,SOD1,SOD2,1331,986,0.7407963936889557,False
qwen3.6_35b,Q1_Super_Populares,19959759,Leptin,adiponectin,1914,2464,1.2873563218390804,True
qwen3.6_35b,Q1_Super_Populares,23293110,VEGFR-2,VEGF,1105,5214,4.718552036199095,False
qwen3.6_35b,Q1_Super_Populares,22628023,IL-10,IL6,3484,5468,1.5694603903559128,False
qwen3.6_35b,Q1_Super_Populares,26457672,c-Src,Syk,1520,591,0.3888157894736842,False
qwen3.6_35b,Q1_Super_Populares,26937962,GSTM1,GSTP1,2270,1727,0.7607929515418502,False
qwen3.6_35b,Q1_Super_Populares,29111166,caveolin-1,PI3K,1228,1725,1.4047231270358307,True
qwen3.6_35b,Q1_Super_Populares,31609157,CTLA-4,PD-1,1339,1252,0.935026138909634,False
qwen3.6_35b,Q1_Super_Populares,16782382,cyclooxygenase-2,COX-2,2314,164,0.07087294727744166,False
qwen3.6_35b,Q1_Super_Populares,25810340,SMAD3,Akt,1034,3746,3.622823984526112,True
qwen3.6_35b,Q1_Super_Populares,31629819,SIRT1,PTEN,1828,2820,1.5426695842450766,False
qwen3.6_35b,Q2_Medios,10982185,JAK3,ADA,276,271,0.9818840579710145,False
qwen3.6_35b,Q2_Medios,12486717,aldose reductase,AKR1C1,248,114,0.4596774193548387,False
qwen3.6_35b,Q2_Medios,15454735,CYP2A6,CYP2D6,318,1089,3.4245283018867925,False
qwen3.6_35b,Q2_Medios,24101588,APOBEC3C,APOBEC3G,151,640,4.23841059602649,False
qwen3.6_35b,Q2_Medios,27339399,SOCS1,miR-140,485,266,0.5484536082474227,False
qwen3.6_35b,Q2_Medios,31037158,HOXB13,HOXB7,156,115,0.7371794871794872,False
qwen3.6_35b,Q2_Medios,31970886,HOXB9,HOXB7,106,115,1.0849056603773586,False
qwen3.6_35b,Q2_Medios,23601003,HLA-DP,HLA-DRB1,429,2875,6.701631701631702,False
qwen3.6_35b,Q2_Medios,25008994,Dectin-1,CCL28,152,56,0.3684210526315789,False
qwen3.6_35b,Q2_Medios,27878304,MEK5,MAPK7,105,244,2.323809523809524,False
qwen3.6_35b,Q2_Medios,35247231,PLA2G6,WDR45,186,77,0.41397849462365593,False
qwen3.6_35b,Q2_Medios,19177501,XPC,XRCC4,452,291,0.6438053097345132,False
qwen3.6_35b,Q2_Medios,25903336,APC1,APC2,187,138,0.7379679144385026,False
qwen3.6_35b,Q2_Medios,26521940,SHP,FXR,161,320,1.9875776397515528,False
qwen3.6_35b,Q2_Medios,29276125,TPX2,Nek9,260,130,0.5,True
qwen3.6_35b,Q2_Medios,2308864,pG2,CYP11B1,188,129,0.6861702127659575,False
qwen3.6_35b,Q2_Medios,18287540,NDUFA9,NDUFS2,142,178,1.2535211267605635,False
qwen3.6_35b,Q2_Medios,18301763,TRPV6,KCNQ1,141,640,4.539007092198582,False
qwen3.6_35b,Q2_Medios,28267437,DEPTOR,IRS1,104,659,6.336538461538462,True
qwen3.6_35b,Q2_Medios,29227529,NS5ATP9,LC3,108,397,3.675925925925926,False
qwen3.6_35b,Q2_Medios,29604056,CRIPTO,IGF2,120,749,6.241666666666666,False
qwen3.6_35b,Q2_Medios,32892482,BACH2,HNRNPA2B1,120,559,4.658333333333333,False
qwen3.6_35b,Q2_Medios,35069550,HuR,IGF2BP1,811,438,0.5400739827373613,False
qwen3.6_35b,Q2_Medios,37522198,CD59,CD44,290,1496,5.158620689655172,False
qwen3.6_35b,Q2_Medios,9393856,Bcl-xL,VDAC1,781,433,0.5544174135723432,False
qwen3.6_35b,Q2_Medios,9780231,plasminogen activator inhibitor type 2,SERPINA3,145,240,1.6551724137931034,False
qwen3.6_35b,Q2_Medios,12388095,ATRC1,y+LAT-2,102,42,0.4117647058823529,False
qwen3.6_35b,Q2_Medios,18955490,matrix metalloproteinase-7,ADAM12,513,233,0.45419103313840153,False
qwen3.6_35b,Q2_Medios,21832278,IFNAR,IFNAR2,209,147,0.7033492822966507,False
qwen3.6_35b,Q2_Medios,26147638,prostate stem cell antigen,CDH1,142,280,1.971830985915493,False
qwen3.6_35b,Q2_Medios,29233503,FOXA2,FOXL1,195,32,0.1641025641025641,False
qwen3.6_35b,Q2_Medios,30578397,BMP9,ACVRL1,141,195,1.3829787234042554,False
qwen3.6_35b,Q2_Medios,36233342,RAI14,LINC00460,158,34,0.21518987341772153,False
qwen3.6_35b,Q2_Medios,12557231,MEL1,MECOM,110,248,2.2545454545454544,False
qwen3.6_35b,Q2_Medios,15548692,WWOX,WWP1,334,176,0.5269461077844312,False
qwen3.6_35b,Q2_Medios,19157142,urokinase-type plasminogen activator,VEGF,594,5214,8.777777777777779,False
qwen3.6_35b,Q2_Medios,26700805,GEMIN1,SMN,300,156,0.52,True
qwen3.6_35b,Q2_Medios,29931229,RBPJ,YY1,244,562,2.30327868852459,False
qwen3.6_35b,Q2_Medios,30073324,BAP1,BRAF,420,2752,6.552380952380952,False
qwen3.6_35b,Q2_Medios,36891052,APOC1,CCL2,216,1642,7.601851851851852,False
qwen3.6_35b,Q2_Medios,10852966,p62dok,SLAM,106,107,1.009433962264151,False
qwen3.6_35b,Q2_Medios,12576441,CD23,BCL6,151,436,2.8874172185430464,False
qwen3.6_35b,Q2_Medios,20018869,leukemia-associated RhoGEF,Tiam1,121,196,1.6198347107438016,True
qwen3.6_35b,Q2_Medios,22884369,ID3,SMAD1,138,198,1.434782608695652,False
qwen3.6_35b,Q2_Medios,21410658,HLA-DRB4,HLA-DQB1,194,1556,8.02061855670103,False
qwen3.6_35b,Q2_Medios,28165497,Wnt7a,Wnt5a,108,482,4.462962962962963,False
qwen3.6_35b,Q2_Medios,31235784,DARPP-32,DRP,116,193,1.6637931034482758,False
qwen3.6_35b,Q2_Medios,32753499,PPP6C,PPM1A,176,133,0.7556818181818182,False
qwen3.6_35b,Q2_Medios,33970409,Octamer transcription factor-1,STAT3,253,3707,14.652173913043478,False
qwen3.6_35b,Q2_Medios,34564849,DUOX2,TPO,135,152,1.125925925925926,False
qwen3.6_35b,Q2_Medios,17363767,EPHX1,GSTM1,427,2270,5.31615925058548,False
qwen3.6_35b,Q2_Medios,19033397,SLC30A8,KCNJ11,247,424,1.7165991902834008,True
qwen3.6_35b,Q2_Medios,29850896,MUS81,SLX4,145,115,0.7931034482758621,True
qwen3.6_35b,Q2_Medios,30709905,RAB8A,RAB7,230,378,1.6434782608695653,False
qwen3.6_35b,Q2_Medios,21880146,Mesothelin,HIF-1alpha,179,3911,21.849162011173185,False
qwen3.6_35b,Q2_Medios,22619278,pim-1,ERK,301,2345,7.790697674418604,False
qwen3.6_35b,Q2_Medios,25365549,GLP,EZH2,167,1554,9.305389221556887,False
qwen3.6_35b,Q2_Medios,25383660,CENP-E,Kif22,133,100,0.7518796992481203,False
qwen3.6_35b,Q2_Medios,30377053,interleukin-22,EGF,421,797,1.8931116389548694,False
qwen3.6_35b,Q2_Medios,20853600,L-arginine amidinohydrolase,ARG1,119,283,2.3781512605042017,False
qwen3.6_35b,Q2_Medios,23794184,IL-31,TSLP,116,334,2.8793103448275863,False
qwen3.6_35b,Q2_Medios,23975336,SGLT1,GLUT5,129,66,0.5116279069767442,False
qwen3.6_35b,Q2_Medios,37990490,SerpinB3,SERPINA3,184,240,1.3043478260869565,False
qwen3.6_35b,Q2_Medios,9230071,Rab9,Arf1,114,302,2.6491228070175437,False
qwen3.6_35b,Q2_Medios,22882268,PINX1,TP53,119,11629,97.72268907563026,False
qwen3.6_35b,Q2_Medios,23329754,FGF19,Ghrelin,155,920,5.935483870967742,False
qwen3.6_35b,Q2_Medios,23364988,lysosomal-associated transmembrane protein 4 beta,GDF5,106,174,1.6415094339622642,False
qwen3.6_35b,Q2_Medios,30711569,MEG3,LINC00460,337,34,0.10089020771513353,False
qwen3.6_35b,Q2_Medios,38146125,CXCL16,CXCL10,206,776,3.766990291262136,False
qwen3.6_35b,Q2_Medios,26803106,Sirtuin 6,HIF-1alpha,368,3911,10.627717391304348,True
qwen3.6_35b,Q2_Medios,27609643,WDR1,CFL1,163,510,3.128834355828221,False
qwen3.6_35b,Q2_Medios,38831335,NEDD4L,NEDD4,395,462,1.169620253164557,True
qwen3.6_35b,Q2_Medios,10224125,AF6,RasGRP1,175,67,0.38285714285714284,False
qwen3.6_35b,Q2_Medios,25758468,CD45,CD14,353,824,2.3342776203966005,True
qwen3.6_35b,Q2_Medios,26407101,CD31,CD38,338,317,0.9378698224852071,True
qwen3.6_35b,Q2_Medios,32205441,polynucleotide kinase 3'-phosphatase,ATXN3,122,333,2.7295081967213113,True
qwen3.6_35b,Q2_Medios,33616086,FcgammaRIIB,TIGIT,226,137,0.6061946902654868,False
qwen3.6_35b,Q2_Medios,11590181,giantin,GMAP-210,143,106,0.7412587412587412,False
qwen3.6_35b,Q2_Medios,21404621,OS-9,EDEM1,119,58,0.48739495798319327,False
qwen3.6_35b,Q2_Medios,24204859,IFNL3,IFNL4,601,129,0.2146422628951747,False
qwen3.6_35b,Q2_Medios,24574362,ACTN4,MYC,423,2704,6.392434988179669,False
qwen3.6_35b,Q2_Medios,27517149,SNHG1,LINC00460,146,34,0.2328767123287671,False
qwen3.6_35b,Q2_Medios,29407292,Interleukin-17F,IL17A,259,1656,6.3938223938223935,False
qwen3.6_35b,Q2_Medios,12169206,FHIT,VHL,357,921,2.5798319327731094,False
qwen3.6_35b,Q2_Medios,12234138,NRAMP1,TNF,206,6448,31.300970873786408,False
qwen3.6_35b,Q2_Medios,19332728,OPRT,DPYD,128,270,2.109375,False
qwen3.6_35b,Q2_Medios,30045065,RET,RELA,996,1687,1.6937751004016064,False
qwen3.6_35b,Q2_Medios,31425729,transforming growth factor beta2,VEGF,387,5214,13.472868217054264,False
qwen3.6_35b,Q2_Medios,32970737,INHBA,ACVR2B,320,104,0.325,True
qwen3.6_35b,Q2_Medios,18385516,GRASP55,GMAP-210,127,106,0.8346456692913385,False
qwen3.6_35b,Q2_Medios,19118547,Ankyrin repeat domain 28,ELMO2,107,73,0.6822429906542056,False
qwen3.6_35b,Q2_Medios,20214763,SLC11A1,LIF,206,244,1.1844660194174756,False
qwen3.6_35b,Q2_Medios,24695378,CDKAL1,GIPR,297,88,0.2962962962962963,False
qwen3.6_35b,Q2_Medios,18353079,IL12RB2,IFNG,106,2159,20.367924528301888,False
qwen3.6_35b,Q2_Medios,22844406,HOXB7,HOXA9,115,222,1.9304347826086956,False
qwen3.6_35b,Q2_Medios,23687340,G-CSF receptor,CD124,158,480,3.037974683544304,False
qwen3.6_35b,Q2_Medios,28826039,vaspin,AMH,166,419,2.5240963855421685,False
qwen3.6_35b,Q2_Medios,35025009,Integrin alpha6,TRAF2,372,117,0.31451612903225806,True
qwen3.6_35b,Q2_Medios,38896446,Tribbles1,TRIB3,131,179,1.366412213740458,False
qwen3.6_35b,Q2_Medios,7896837,Lck,Src,564,1520,2.6950354609929077,True
qwen3.6_35b,Q2_Medios,17192875,TGFBR3,SMAD4,172,918,5.337209302325581,False
qwen3.6_35b,Q2_Medios,18592168,LRP8,LPA,147,514,3.496598639455782,False
qwen3.6_35b,Q2_Medios,19299407,CETP,LIPC,707,332,0.4695898161244696,False
qwen3.6_35b,Q2_Medios,23775149,IGF2,DLK1,749,188,0.25100133511348466,False
qwen3.6_35b,Q2_Medios,23956198,FOXG1,KCNK9,120,91,0.7583333333333333,False
qwen3.6_35b,Q2_Medios,28724915,Smurf2,TRIM21,213,419,1.9671361502347418,False
qwen3.6_35b,Q2_Medios,34694182,LTA4H,MMP12,148,216,1.4594594594594594,False
qwen3.6_35b,Q2_Medios,35261819,CCAT1,LINC00460,121,34,0.2809917355371901,False
qwen3.6_35b,Q2_Medios,18284209,TFIIF,TFIID,185,431,2.32972972972973,False
qwen3.6_35b,Q2_Medios,22026458,Glypican-3,Beta-catenin,260,3367,12.95,False
qwen3.6_35b,Q2_Medios,22493371,5-HT2B,5-HT1D,102,56,0.5490196078431373,False
qwen3.6_35b,Q2_Medios,29353204,CDC25B,CCNE1,161,521,3.2360248447204967,False
qwen3.6_35b,Q2_Medios,29561707,INO80,CD133,108,631,5.842592592592593,True
qwen3.6_35b,Q2_Medios,20080080,Lp-PLA(2),PON1,337,1283,3.807121661721068,False
qwen3.6_35b,Q2_Medios,23166521,poly(A)-binding protein nuclear 1,CPSF6,239,269,1.1255230125523012,False
qwen3.6_35b,Q2_Medios,23325686,Ezrin,ALG2,675,51,0.07555555555555556,False
qwen3.6_35b,Q2_Medios,23487342,PTPRA,GCK,137,357,2.605839416058394,False
qwen3.6_35b,Q2_Medios,25657325,NuMA,CENP-32,355,66,0.18591549295774648,True
qwen3.6_35b,Q2_Medios,23642263,UPF1,YBX1,410,777,1.895121951219512,False
qwen3.6_35b,Q2_Medios,24834797,YTHDC2,DDX1,149,320,2.1476510067114094,False
qwen3.6_35b,Q2_Medios,28790309,HHARI,Parkin,105,992,9.447619047619048,False
qwen3.6_35b,Q2_Medios,31380412,IRF4,FOXP3,258,1171,4.538759689922481,False
qwen3.6_35b,Q2_Medios,31900208,Acylglycerol kinase,PIK3C2B,151,121,0.8013245033112583,False
qwen3.6_35b,Q2_Medios,10875927,HOXA5,HOXB7,127,115,0.905511811023622,False
qwen3.6_35b,Q2_Medios,17556010,fucosyltransferase IV,FUT8,113,129,1.1415929203539823,False
qwen3.6_35b,Q2_Medios,18922617,ICSBP,IRF4,168,258,1.5357142857142858,False
qwen3.6_35b,Q2_Medios,21471203,Msx2,Runx2,106,641,6.047169811320755,False
qwen3.6_35b,Q2_Medios,24418192,CNTNAP2,CDKN2A,150,2699,17.993333333333332,False
qwen3.6_35b,Q2_Medios,28426188,EXT1,DMPK,144,177,1.2291666666666667,False
qwen3.6_35b,Q2_Medios,19303401,arginase 1,AGT,283,1161,4.102473498233215,False
qwen3.6_35b,Q2_Medios,35793009,MiR-135b,miR-21,106,1580,14.90566037735849,False
qwen3.6_35b,Q2_Medios,27021640,IRE1alpha,PERK,325,290,0.8923076923076924,False
qwen3.6_35b,Q2_Medios,37841254,LAG-3,PD-L1,163,2649,16.25153374233129,False
qwen3.6_35b,Q2_Medios,17849285,ASPM,MCPH1,159,154,0.9685534591194969,False
qwen3.6_35b,Q2_Medios,18451177,TIP60,SRC-3,391,438,1.1202046035805626,False
qwen3.6_35b,Q2_Medios,18507837,CCNE1,CDK1,521,1218,2.3378119001919386,False
qwen3.6_35b,Q2_Medios,32167078,Exonuclease 1,XRCC4,164,291,1.774390243902439,False
qwen3.6_35b,Q2_Medios,32783369,BANF1,ZMPSTE24,212,126,0.5943396226415094,False
qwen3.6_35b,Q2_Medios,34418458,PFKP,PDK1,250,165,0.66,False
qwen3.6_35b,Q2_Medios,17123722,AP-2beta,THAP1,112,105,0.9375,False
qwen3.6_35b,Q2_Medios,18854317,NB1,CD88,100,187,1.87,False
qwen3.6_35b,Q2_Medios,18984771,NOV,MAD2,129,354,2.744186046511628,False
qwen3.6_35b,Q2_Medios,18996922,SMC1A,RAD21,347,233,0.6714697406340058,False
qwen3.6_35b,Q2_Medios,20605702,NOS1AP,Dysbindin,150,223,1.4866666666666666,False
qwen3.6_35b,Q2_Medios,26150353,Pin1,SIRT1,529,1828,3.455576559546314,False
qwen3.6_35b,Q2_Medios,27133561,SACS,TUB,126,40,0.31746031746031744,False
qwen3.6_35b,Q2_Medios,36724820,PGRMC1,FTH1,262,259,0.9885496183206107,False
qwen3.6_35b,Q2_Medios,12072519,nectin-1,HVEM,118,154,1.305084745762712,False
qwen3.6_35b,Q2_Medios,15735762,E2Fs 1-5,E2F1,225,970,4.311111111111111,True
qwen3.6_35b,Q2_Medios,19356052,UGT1A6,UGT1A,133,57,0.42857142857142855,True
qwen3.6_35b,Q2_Medios,21440262,SPG11,KIF5A,114,134,1.1754385964912282,False
qwen3.6_35b,Q2_Medios,22722750,DNMT3A,NPM1,614,1194,1.9446254071661238,False
qwen3.6_35b,Q2_Medios,25578727,USP24,USP28,104,116,1.1153846153846154,False
qwen3.6_35b,Q2_Medios,31337707,IMPDH2,GART,288,188,0.6527777777777778,False
qwen3.6_35b,Q2_Medios,1915414,p62,NUP153,212,266,1.2547169811320755,False
qwen3.6_35b,Q2_Medios,9498238,CYP11A.,CYP4F8,154,21,0.13636363636363635,False
qwen3.6_35b,Q2_Medios,18337829,CD209,CD1,469,117,0.24946695095948826,True
qwen3.6_35b,Q2_Medios,25209430,VAMP8,ZEB1,131,656,5.00763358778626,False
qwen3.6_35b,Q2_Medios,31158233,APOL1,HBB,318,876,2.7547169811320753,False
qwen3.6_35b,Q2_Medios,31295688,LPP,TNFSF13,147,220,1.4965986394557824,False
qwen3.6_35b,Q2_Medios,19675172,IL-21,IL-2,416,900,2.1634615384615383,False
qwen3.6_35b,Q2_Medios,34378358,PU.1,ZEB1,282,656,2.326241134751773,False
qwen3.6_35b,Q2_Medios,38373841,KLF2,PARP1,195,1610,8.256410256410257,True
qwen3.6_35b,Q2_Medios,24259048,ECM1,EPPIN,134,36,0.26865671641791045,False
qwen3.6_35b,Q2_Medios,24916695,CLIC4,EREG,126,98,0.7777777777777778,False
qwen3.6_35b,Q2_Medios,24973170,CKS1B,CCND3,125,226,1.808,False
qwen3.6_35b,Q2_Medios,25335168,"eukaryotic translation initiation factor 4 gamma, 3",ZNF804A,110,140,1.2727272727272727,False
qwen3.6_35b,Q2_Medios,17479437,GAD65,GAD,129,157,1.2170542635658914,False
qwen3.6_35b,Q2_Medios,23066029,Cdt2,E3,132,79,0.5984848484848485,False
qwen3.6_35b,Q2_Medios,23069210,Msp58,MSR1,109,150,1.3761467889908257,False
qwen3.6_35b,Q2_Medios,24063684,eIF4B,eIF4A,254,366,1.4409448818897639,False
qwen3.6_35b,Q2_Medios,30792187,HAVCR2,HIVEP1,463,80,0.17278617710583152,False
qwen3.6_35b,Q2_Medios,32423802,claudin-2,ZO-1,125,441,3.528,False
qwen3.6_35b,Q2_Medios,38239506,sirtuin 2,SIRT1,314,1828,5.821656050955414,False
qwen3.6_35b,Q2_Medios,8962055,ETF alpha,ETF,169,46,0.27218934911242604,True
qwen3.6_35b,Q2_Medios,10970849,guanylate-binding protein 1,IRG1,128,26,0.203125,False
qwen3.6_35b,Q2_Medios,21870514,matrix Gla-protein,LPA,153,514,3.3594771241830066,False
qwen3.6_35b,Q2_Medios,25053464,MVK,PKN1,124,142,1.1451612903225807,False
qwen3.6_35b,Q2_Medios,27578485,DCP1A,PIWIL1,145,95,0.6551724137931034,False
qwen3.6_35b,Q2_Medios,31578589,Follistatin-like protein 1,ZEB1,137,656,4.788321167883212,False
qwen3.6_35b,Q2_Medios,37278569,RAB6A,RAB27A,183,193,1.0546448087431695,False
qwen3.6_35b,Q2_Medios,23532381,PICT1,NPM1,141,1194,8.46808510638298,False
qwen3.6_35b,Q2_Medios,26018753,E2F7,p53,105,11629,110.75238095238095,False
qwen3.6_35b,Q2_Medios,20565746,HOXA9,TAL1,222,146,0.6576576576576577,False
qwen3.6_35b,Q2_Medios,21131967,GLP,G9a,167,332,1.9880239520958083,False
qwen3.6_35b,Q2_Medios,23317483,Interleukin-13,IL4,740,1301,1.758108108108108,False
qwen3.6_35b,Q2_Medios,25098814,Ro52,Ro60,419,122,0.2911694510739857,True
qwen3.6_35b,Q2_Medios,27429853,PCDH15,RGS1,128,69,0.5390625,False
qwen3.6_35b,Q2_Medios,22675500,Atrophin-1,BCL11A,119,191,1.6050420168067228,True
qwen3.6_35b,Q2_Medios,24882571,TLR5,TLR3,259,749,2.891891891891892,False
qwen3.6_35b,Q2_Medios,26832416,SMARCAL1,FANCD2,107,356,3.3271028037383177,False
qwen3.6_35b,Q2_Medios,20619150,ANRIL,HOTAIR,325,503,1.5476923076923077,False
qwen3.6_35b,Q2_Medios,22106281,Rac2,Rac,172,3746,21.77906976744186,True
qwen3.6_35b,Q2_Medios,24386364,BTF3,HIF1A,136,3911,28.75735294117647,False
qwen3.6_35b,Q2_Medios,25337209,AdipoR2,PTEN,163,2820,17.300613496932517,False
qwen3.6_35b,Q2_Medios,33917494,PER2,PER,205,158,0.7707317073170732,True
qwen3.6_35b,Q2_Medios,34583995,glutamine synthetase,IKZF1,177,400,2.2598870056497176,True
qwen3.6_35b,Q2_Medios,34673637,FGFR4,FGF23,267,654,2.449438202247191,False
qwen3.6_35b,Q2_Medios,18434323,pregnancy-associated plasma protein-A,ADAM10,289,424,1.467128027681661,False
qwen3.6_35b,Q2_Medios,19887623,SOX4,SOX17,272,113,0.41544117647058826,False
qwen3.6_35b,Q2_Medios,21337384,fucosyltransferase IV,Fut8,113,129,1.1415929203539823,False
qwen3.6_35b,Q2_Medios,32557257,FKBP4,NR3C1,265,1295,4.886792452830188,False
qwen3.6_35b,Q2_Medios,35170374,RHOT1,ZEB1,116,656,5.655172413793103,False
qwen3.6_35b,Q2_Medios,20858966,neurotensin,amylin,128,358,2.796875,False
qwen3.6_35b,Q2_Medios,28713926,BLK,BCL11B,121,114,0.9421487603305785,False
qwen3.6_35b,Q2_Medios,31169983,PC4,HMGB1,199,1511,7.592964824120603,False
qwen3.6_35b,Q2_Medios,17202338,Klotho,GUSB,529,94,0.1776937618147448,False
qwen3.6_35b,Q2_Medios,18285836,BRIP1,53BP1,220,471,2.140909090909091,False
qwen3.6_35b,Q2_Medios,25780036,CD40,ICOS,627,191,0.30462519936204147,False
qwen3.6_35b,Q2_Medios,27505134,L1CAM,p53,338,11629,34.405325443786985,False
qwen3.6_35b,Q2_Medios,29726059,ETV6,BCR,330,503,1.5242424242424242,False
qwen3.6_35b,Q2_Medios,30515972,Cbl-b,FBXW7,208,618,2.9711538461538463,False
qwen3.6_35b,Q2_Medios,36994687,G-protein-coupled receptor kinase-interacting protein-1,LINC00460,149,34,0.22818791946308725,False
qwen3.6_35b,Q2_Medios,10713044,RAD9,RAD2,149,348,2.335570469798658,False
qwen3.6_35b,Q2_Medios,12190814,MICA,HLA-DQA1,563,838,1.4884547069271759,False
qwen3.6_35b,Q2_Medios,12427559,DDA3,GADD45B,100,80,0.8,False
qwen3.6_35b,Q2_Medios,13679391,CCL7,CCL3,120,299,2.4916666666666667,False
qwen3.6_35b,Q2_Medios,23654079,CD26,CD30,621,237,0.38164251207729466,True
qwen3.6_35b,Q2_Medios,31584786,BNIP3L,BCL2L13,105,66,0.6285714285714286,False
qwen3.6_35b,Q2_Medios,12515253,ELAC2,CYP17,128,590,4.609375,False
qwen3.6_35b,Q2_Medios,15561974,EphA2,EphA7,456,93,0.20394736842105263,False
qwen3.6_35b,Q2_Medios,18845326,DNA ligase IV,RAG1,216,159,0.7361111111111112,False
qwen3.6_35b,Q2_Medios,33865911,IL-33,STAT6,732,405,0.5532786885245902,False
qwen3.6_35b,Q2_Medios,34251884,MEKK1,CK1alpha,206,311,1.5097087378640777,False
qwen3.6_35b,Q2_Medios,21439723,TXNIP,p53,297,11629,39.15488215488215,False
qwen3.6_35b,Q2_Medios,24062569,KCNH1,Kv1.3,117,141,1.205128205128205,False
qwen3.6_35b,Q2_Medios,25214041,CEBPA,NPM1,553,1194,2.159132007233273,False
qwen3.6_35b,Q2_Medios,25450647,NOB1,NIN,128,89,0.6953125,True
qwen3.6_35b,Q2_Medios,34272384,CDKN1C,IGF2,252,749,2.9722222222222223,False
qwen3.6_35b,Q2_Medios,19862010,HBS1L,LMO2,141,157,1.1134751773049645,False
qwen3.6_35b,Q2_Medios,22761865,Dopamine beta hydroxylase,COMT,231,2081,9.008658008658008,False
qwen3.6_35b,Q2_Medios,23043469,HBS1L,BCL11A,141,191,1.3546099290780143,False
qwen3.6_35b,Q2_Medios,28759957,SNHG1,H19,146,570,3.904109589041096,False
qwen3.6_35b,Q2_Medios,32764530,Reelin,LINC00460,256,34,0.1328125,False
qwen3.6_35b,Q2_Medios,7987321,BAM22,DAB2,172,176,1.0232558139534884,False
qwen3.6_35b,Q2_Medios,12167657,EphA2,PDGFR,456,567,1.243421052631579,False
qwen3.6_35b,Q2_Medios,12714585,mitogen-activated protein kinase kinase-4,JNK,216,1060,4.907407407407407,True
qwen3.6_35b,Q2_Medios,20154147,ATAD3A,Mdm38,296,129,0.4358108108108108,False
qwen3.6_35b,Q2_Medios,22484241,RIPK2,PI3K,213,1725,8.098591549295774,False
qwen3.6_35b,Q2_Medios,23158864,I-TAC,CXCL10,136,776,5.705882352941177,False
qwen3.6_35b,Q2_Medios,26654793,ABCA7,TREM2,101,351,3.4752475247524752,False
qwen3.6_35b,Q2_Medios,30449416,DDR2,PDGFRB,142,567,3.992957746478873,False
qwen3.6_35b,Q2_Medios,32019397,Dll1,NOTCH3,127,509,4.0078740157480315,False
qwen3.6_35b,Q2_Medios,16354680,raptor,S6K,300,453,1.51,False
qwen3.6_35b,Q2_Medios,17119117,BAFF-R,CD19,107,168,1.5700934579439252,True
qwen3.6_35b,Q2_Medios,25148523,ATXN2,AR,298,248,0.8322147651006712,False
qwen3.6_35b,Q2_Medios,27270321,Sirt3,SIRT1,384,1828,4.760416666666667,False
qwen3.6_35b,Q2_Medios,29683064,XPO5,DROSHA,185,239,1.2918918918918918,False
qwen3.6_35b,Q2_Medios,32082362,BMP9,VEGF,141,5214,36.97872340425532,True
qwen3.6_35b,Q2_Medios,23867215,pituitary tumor transforming gene,c-Myc,313,2704,8.638977635782748,False
qwen3.6_35b,Q2_Medios,24855647,PDZ-RhoGEF,p190RhoGEF,100,47,0.47,False
qwen3.6_35b,Q2_Medios,26045788,CSN5,CD44,353,1496,4.237960339943343,True
qwen3.6_35b,Q2_Medios,29491476,EP2/4,COLEC12,164,43,0.2621951219512195,True
qwen3.6_35b,Q2_Medios,35902872,RUNX1T1,MTG1,208,42,0.20192307692307693,False
qwen3.6_35b,Q2_Medios,23388825,Gadd45a,TET2,212,474,2.2358490566037736,False
qwen3.6_35b,Q2_Medios,27882533,RAD21,NIPBL,233,202,0.8669527896995708,False
qwen3.6_35b,Q2_Medios,34366322,PPM1G,PTPN1,177,495,2.7966101694915255,False
qwen3.6_35b,Q2_Medios,35459212,Bnip3,PINK1,227,511,2.251101321585903,False
qwen3.6_35b,Q2_Medios,37130168,STING,TRIF,525,162,0.30857142857142855,False
qwen3.6_35b,Q2_Medios,17562792,C/EBPdelta,p63,124,967,7.798387096774194,False
qwen3.6_35b,Q2_Medios,20421936,TNKS,TINF2,166,106,0.6385542168674698,False
qwen3.6_35b,Q2_Medios,21643791,KIBRA,BDNF,153,2560,16.73202614379085,False
qwen3.6_35b,Q2_Medios,23814047,BRK,SRC,135,1520,11.25925925925926,True
qwen3.6_35b,Q3_Baixa_Popularidade,20067102,ARLTS1,BRCA1,32,3456,108.0,False
qwen3.6_35b,Q3_Baixa_Popularidade,20865290,CNDP1,CNDP2,61,81,1.3278688524590163,False
qwen3.6_35b,Q3_Baixa_Popularidade,24509276,SLC35F3,SLC19A2,13,83,6.384615384615385,False
qwen3.6_35b,Q3_Baixa_Popularidade,27010727,SPON1,CYP2B6,41,368,8.975609756097562,True
qwen3.6_35b,Q3_Baixa_Popularidade,34373992,L3MBTL3,PTPN9,73,68,0.9315068493150684,True
qwen3.6_35b,Q3_Baixa_Popularidade,36484389,Gimap5,GIMAP7,32,12,0.375,False
qwen3.6_35b,Q3_Baixa_Popularidade,36720253,PAR1,NKG2D,11,412,37.45454545454545,False
qwen3.6_35b,Q3_Baixa_Popularidade,10409432,WHSC2,WHSC1,97,206,2.1237113402061856,False
qwen3.6_35b,Q3_Baixa_Popularidade,11179671,NBR2,BRCA1,32,3456,108.0,True
qwen3.6_35b,Q3_Baixa_Popularidade,19013439,ADHFe1,ADH5,19,107,5.631578947368421,False
qwen3.6_35b,Q3_Baixa_Popularidade,22690081,GABRQ,GABRA5,26,61,2.3461538461538463,False
qwen3.6_35b,Q3_Baixa_Popularidade,24386373,FZD1,DKK1,70,533,7.614285714285714,False
qwen3.6_35b,Q3_Baixa_Popularidade,31423895,DHRS2,Bim,69,519,7.521739130434782,False
qwen3.6_35b,Q3_Baixa_Popularidade,31909476,ISPD,POMT1,28,61,2.1785714285714284,False
qwen3.6_35b,Q3_Baixa_Popularidade,32457413,connexin50,Cx32,98,245,2.5,False
qwen3.6_35b,Q3_Baixa_Popularidade,37485351,RNF19B,Parkin,29,992,34.206896551724135,False
qwen3.6_35b,Q3_Baixa_Popularidade,3145196,Lyt-3,CD8,50,172,3.44,True
qwen3.6_35b,Q3_Baixa_Popularidade,24792382,ALLC,CRHR1,11,297,27.0,False
qwen3.6_35b,Q3_Baixa_Popularidade,25221423,FAM18B,NFE2L2,16,1916,119.75,False
qwen3.6_35b,Q3_Baixa_Popularidade,26852655,SLC17A2,SLC40A1,11,209,19.0,False
qwen3.6_35b,Q3_Baixa_Popularidade,29159834,LINC00473,LINC00460,30,34,1.1333333333333333,False
qwen3.6_35b,Q3_Baixa_Popularidade,31991095,DAGL-Beta,PNPLA8,35,56,1.6,False
qwen3.6_35b,Q3_Baixa_Popularidade,34997220,Kv4.3,Kv1.3,77,141,1.8311688311688312,False
qwen3.6_35b,Q3_Baixa_Popularidade,35609331,PCAT6,LINC00460,25,34,1.36,False
qwen3.6_35b,Q3_Baixa_Popularidade,22447455,ASIP,OCA2,45,133,2.9555555555555557,False
qwen3.6_35b,Q3_Baixa_Popularidade,25243493,"solute carrier family 16, member 7",C19orf4,50,13,0.26,False
qwen3.6_35b,Q3_Baixa_Popularidade,26355662,AGBL5,C21orf2,35,40,1.1428571428571428,False
qwen3.6_35b,Q3_Baixa_Popularidade,27215332,SLC24A4,SORL1,31,250,8.064516129032258,False
qwen3.6_35b,Q3_Baixa_Popularidade,28958330,STAP1,PCSK9,38,771,20.289473684210527,True
qwen3.6_35b,Q3_Baixa_Popularidade,29913199,KANK4,ANKK1,18,159,8.833333333333334,False
qwen3.6_35b,Q3_Baixa_Popularidade,12456399,Kir4.1,Kir5.1,98,38,0.3877551020408163,True
qwen3.6_35b,Q3_Baixa_Popularidade,16129570,ADAMTS6,ADAMTS1,35,145,4.142857142857143,False
qwen3.6_35b,Q3_Baixa_Popularidade,16527195,Irx5,KCNQ1,30,640,21.333333333333332,False
qwen3.6_35b,Q3_Baixa_Popularidade,17622474,sorting nexin (SNX) 3,AP-1,100,532,5.32,False
qwen3.6_35b,Q3_Baixa_Popularidade,18424904,ENGRAILED 2,HOXA1,70,123,1.7571428571428571,False
qwen3.6_35b,Q3_Baixa_Popularidade,19262745,arylsulfatase I,SUMF2,12,63,5.25,False
qwen3.6_35b,Q3_Baixa_Popularidade,23899432,CHRNA6,CHRNA5,58,269,4.637931034482759,False
qwen3.6_35b,Q3_Baixa_Popularidade,27057006,microRNA-324,miR-122,55,434,7.890909090909091,False
qwen3.6_35b,Q3_Baixa_Popularidade,28157695,ABHD11-AS1,HOTAIR,19,503,26.473684210526315,False
qwen3.6_35b,Q3_Baixa_Popularidade,30415267,FOLR2,CCL2,63,1642,26.063492063492063,False
qwen3.6_35b,Q3_Baixa_Popularidade,30683112,MLC1,CCL2,87,1642,18.873563218390803,False
qwen3.6_35b,Q3_Baixa_Popularidade,33060568,DHODH,CAD,63,26,0.4126984126984127,False
qwen3.6_35b,Q3_Baixa_Popularidade,9268648,DNA primase 1,HSPG2,78,219,2.8076923076923075,False
qwen3.6_35b,Q3_Baixa_Popularidade,17460191,MORF4,MRG15,15,128,8.533333333333333,True
qwen3.6_35b,Q3_Baixa_Popularidade,18310226,Prostasin,Neurosin,79,117,1.481012658227848,False
qwen3.6_35b,Q3_Baixa_Popularidade,19414016,Tbx20,TBX5,54,161,2.9814814814814814,False
qwen3.6_35b,Q3_Baixa_Popularidade,21401636,LEFTY B,BMP1,32,117,3.65625,False
qwen3.6_35b,Q3_Baixa_Popularidade,22842048,CHCHD5,CHCHD2,15,113,7.533333333333333,False
qwen3.6_35b,Q3_Baixa_Popularidade,23760366,MAP3K4,MAP3K6,76,35,0.4605263157894737,False
qwen3.6_35b,Q3_Baixa_Popularidade,29730655,ARHGAP17,RhoGAP,61,142,2.3278688524590163,False
qwen3.6_35b,Q3_Baixa_Popularidade,30130435,MicroRNA-766,miR-21,27,1580,58.51851851851852,False
qwen3.6_35b,Q3_Baixa_Popularidade,36861928,LINC00511,LINC00460,42,34,0.8095238095238095,False
qwen3.6_35b,Q3_Baixa_Popularidade,37419299,MXRA7,ZBTB7A,48,161,3.3541666666666665,False
qwen3.6_35b,Q3_Baixa_Popularidade,12800209,MLH3,PMS1,73,97,1.3287671232876712,False
qwen3.6_35b,Q3_Baixa_Popularidade,20607790,XKR4,FAM190B,17,44,2.588235294117647,False
qwen3.6_35b,Q3_Baixa_Popularidade,23739915,ZBTB46,IL2RA,28,577,20.607142857142858,False
qwen3.6_35b,Q3_Baixa_Popularidade,24337749,KLRG1,PD-1,55,1252,22.763636363636362,False
qwen3.6_35b,Q3_Baixa_Popularidade,25367361,CCDC122,LACC1,15,42,2.8,True
qwen3.6_35b,Q3_Baixa_Popularidade,31546831,SH3BP5,CDK1,46,1218,26.47826086956522,False
qwen3.6_35b,Q3_Baixa_Popularidade,34904858,Heparan sulfate 3-O-sulfotransferase 4,IL12RB2,13,106,8.153846153846153,False
qwen3.6_35b,Q3_Baixa_Popularidade,36192519,ANGPTL7,ADAMTS1,38,145,3.8157894736842106,False
qwen3.6_35b,Q3_Baixa_Popularidade,28046031,OVOL2,ZEB1,45,656,14.577777777777778,True
qwen3.6_35b,Q3_Baixa_Popularidade,28112756,FTX,LINC00460,35,34,0.9714285714285714,False
qwen3.6_35b,Q3_Baixa_Popularidade,34274945,SLC38A4,LHX6,25,41,1.64,False
qwen3.6_35b,Q3_Baixa_Popularidade,17086543,seizure-related (SEZ) 6,SCN1A,18,400,22.22222222222222,False
qwen3.6_35b,Q3_Baixa_Popularidade,19302705,KIAA1109,IL2RG,65,173,2.6615384615384614,False
qwen3.6_35b,Q3_Baixa_Popularidade,38235871,UNC5D,SOCS1,24,485,20.208333333333332,False
qwen3.6_35b,Q3_Baixa_Popularidade,38252411,STK19,Mnk1,44,103,2.340909090909091,False
qwen3.6_35b,Q3_Baixa_Popularidade,12721283,TIRP,MyD88,53,626,11.81132075471698,False
qwen3.6_35b,Q3_Baixa_Popularidade,17850865,RNF24,TRIP8,12,148,12.333333333333334,False
qwen3.6_35b,Q3_Baixa_Popularidade,28042826,"AQP3, -7, -8, and -11",AQP3,47,228,4.851063829787234,False
qwen3.6_35b,Q3_Baixa_Popularidade,30575903,ABHD11-AS1,LINC00460,19,34,1.7894736842105263,False
qwen3.6_35b,Q3_Baixa_Popularidade,32223671,CKIP-1,PTEN,65,2820,43.38461538461539,False
qwen3.6_35b,Q3_Baixa_Popularidade,32319600,SAC3D1,CDK1,21,1218,58.0,True
qwen3.6_35b,Q3_Baixa_Popularidade,16684505,integrin alpha10,COL2A1,25,381,15.24,False
qwen3.6_35b,Q3_Baixa_Popularidade,21718987,Aven,BIRC5,47,1365,29.04255319148936,False
qwen3.6_35b,Q3_Baixa_Popularidade,33660802,LINC00887,LINC00460,13,34,2.6153846153846154,False
qwen3.6_35b,Q3_Baixa_Popularidade,12902497,GPR105,P2Y11,47,53,1.127659574468085,False
qwen3.6_35b,Q3_Baixa_Popularidade,24114056,GPR113,SSTR2,16,206,12.875,False
qwen3.6_35b,Q3_Baixa_Popularidade,25445601,RBP-J-interacting and tubulin-associated,Numb,31,256,8.258064516129032,False
qwen3.6_35b,Q3_Baixa_Popularidade,29321644,miR655,miR-21,26,1580,60.76923076923077,False
qwen3.6_35b,Q3_Baixa_Popularidade,30394818,RAD54B,RAB27B,76,85,1.118421052631579,False
qwen3.6_35b,Q3_Baixa_Popularidade,31401365,ATP4A,DCC,45,158,3.511111111111111,False
qwen3.6_35b,Q3_Baixa_Popularidade,32678982,KRT81,CCL2,52,1642,31.576923076923077,False
qwen3.6_35b,Q3_Baixa_Popularidade,9427755,APM-1,ZNF331,20,35,1.75,False
qwen3.6_35b,Q3_Baixa_Popularidade,11672448,ZNF230,ZNF410,23,26,1.1304347826086956,False
qwen3.6_35b,Q3_Baixa_Popularidade,17521822,KCNMB2,beta2,33,139,4.212121212121212,True
qwen3.6_35b,Q3_Baixa_Popularidade,19321927,glial cells missing a,syncytin-2,56,40,0.7142857142857143,False
qwen3.6_35b,Q3_Baixa_Popularidade,19682311,FCRL2,CD38,27,317,11.74074074074074,True
qwen3.6_35b,Q3_Baixa_Popularidade,22821757,SLC45A3,SCL,32,183,5.71875,False
qwen3.6_35b,Q3_Baixa_Popularidade,23280965,SNX10,OSTM1,40,46,1.15,True
qwen3.6_35b,Q3_Baixa_Popularidade,29459713,SLC25A29,SLC25A15,20,55,2.75,False
qwen3.6_35b,Q3_Baixa_Popularidade,33017352,PLXNA4,ROBO1,54,203,3.759259259259259,False
qwen3.6_35b,Q3_Baixa_Popularidade,40972734,SLC35F2,SLC44A2,33,64,1.9393939393939394,False
qwen3.6_35b,Q3_Baixa_Popularidade,12615919,CNAIP,DAP12,20,105,5.25,False
qwen3.6_35b,Q3_Baixa_Popularidade,24499674,C4orf34,ORF34,12,50,4.166666666666667,False
qwen3.6_35b,Q3_Baixa_Popularidade,24736457,miR-3151,BAALC,11,53,4.818181818181818,True
qwen3.6_35b,Q3_Baixa_Popularidade,27413799,TXNL4A,CHD7,59,216,3.6610169491525424,False
qwen3.6_35b,Q3_Baixa_Popularidade,29373811,CASC2,LINC00460,75,34,0.4533333333333333,False
qwen3.6_35b,Q3_Baixa_Popularidade,32323793,LINC00858,LINC00460,20,34,1.7,False
qwen3.6_35b,Q3_Baixa_Popularidade,33225420,KIAA0125,LINC00460,12,34,2.8333333333333335,False
qwen3.6_35b,Q3_Baixa_Popularidade,35133174,CELSR1,CDH11,62,103,1.6612903225806452,False
qwen3.6_35b,Q3_Baixa_Popularidade,11112352,v7-3,NTT4,79,21,0.26582278481012656,False
qwen3.6_35b,Q3_Baixa_Popularidade,15192093,corin,furin,83,345,4.156626506024097,False
qwen3.6_35b,Q3_Baixa_Popularidade,24903490,Angiopoietin-like 7,ANGPTL4,38,290,7.631578947368421,False
qwen3.6_35b,Q3_Baixa_Popularidade,25590759,Iws1,HDAC1,76,1343,17.67105263157895,False
qwen3.6_35b,Q3_Baixa_Popularidade,28807727,PARK16,SNCA,21,2255,107.38095238095238,False
qwen3.6_35b,Q3_Baixa_Popularidade,31488582,CCDC157,COG4,12,60,5.0,False
qwen3.6_35b,Q3_Baixa_Popularidade,35229923,PCDHGB1,TOR1A,16,241,15.0625,False
qwen3.6_35b,Q3_Baixa_Popularidade,12928435,HCN3,HCN1,24,63,2.625,True
qwen3.6_35b,Q3_Baixa_Popularidade,26578655,PRAS40,YAP,93,57,0.6129032258064516,False
qwen3.6_35b,Q3_Baixa_Popularidade,27799161,Munc13-4,RAG1,94,159,1.6914893617021276,False
qwen3.6_35b,Q3_Baixa_Popularidade,31515271,KLHL13,KLHL12,54,78,1.4444444444444444,False
qwen3.6_35b,Q3_Baixa_Popularidade,32355287,ERCC6L2,SMARCAL1,27,107,3.962962962962963,False
qwen3.6_35b,Q3_Baixa_Popularidade,33565216,CELA3B,PRSS1,41,252,6.146341463414634,False
qwen3.6_35b,Q3_Baixa_Popularidade,8093033,apolipoprotein F,LCAT,29,197,6.793103448275862,False
qwen3.6_35b,Q3_Baixa_Popularidade,16827919,ACSL6,SIRT1,41,1828,44.58536585365854,False
qwen3.6_35b,Q3_Baixa_Popularidade,16986515,ZIP4,ZnT1,83,97,1.1686746987951808,False
qwen3.6_35b,Q3_Baixa_Popularidade,27784631,FAM26F,TMEM16F,12,102,8.5,False
qwen3.6_35b,Q3_Baixa_Popularidade,28846095,ZSCAN10,NANOG,15,342,22.8,False
qwen3.6_35b,Q3_Baixa_Popularidade,30367141,DHX40,DDX3X,75,562,7.493333333333333,False
qwen3.6_35b,Q3_Baixa_Popularidade,30683861,QRICH2,CCDC15,11,20,1.8181818181818181,False
qwen3.6_35b,Q3_Baixa_Popularidade,39455917,layilin,TMEM25,26,25,0.9615384615384616,False
qwen3.6_35b,Q3_Baixa_Popularidade,16884688,GLYT2,SLC6A9,42,57,1.3571428571428572,False
qwen3.6_35b,Q3_Baixa_Popularidade,20301543,EXPH5,LAMA3,42,137,3.261904761904762,False
qwen3.6_35b,Q3_Baixa_Popularidade,27160456,PHF17,FADS2,61,253,4.147540983606557,False
qwen3.6_35b,Q3_Baixa_Popularidade,29544748,AFAP1-AS1,HOTAIR,65,503,7.7384615384615385,False
qwen3.6_35b,Q3_Baixa_Popularidade,30993766,SCN3A,FABP7,51,91,1.7843137254901962,True
qwen3.6_35b,Q3_Baixa_Popularidade,34431894,TXNRD2,CYP1B1,90,592,6.5777777777777775,False
qwen3.6_35b,Q3_Baixa_Popularidade,17904127,SVH,p53R2,33,104,3.1515151515151514,False
qwen3.6_35b,Q3_Baixa_Popularidade,21646352,Apolipoprotein L6,Bim,27,519,19.22222222222222,False
qwen3.6_35b,Q3_Baixa_Popularidade,22046970,CD300a/c,CCR6,44,211,4.795454545454546,False
qwen3.6_35b,Q3_Baixa_Popularidade,24862966,VSIG4,B7-H4,50,172,3.44,False
qwen3.6_35b,Q3_Baixa_Popularidade,25240856,Ind1,NDUFAF1,55,51,0.9272727272727272,False
qwen3.6_35b,Q3_Baixa_Popularidade,27359356,Cartilage Intermediate Layer Protein,COL1A1,36,858,23.833333333333332,False
qwen3.6_35b,Q3_Baixa_Popularidade,34925640,LMO4,ZEB1,69,656,9.507246376811594,False
qwen3.6_35b,Q3_Baixa_Popularidade,10873651,Klp1,LZTR1,34,75,2.2058823529411766,False
qwen3.6_35b,Q3_Baixa_Popularidade,11237735,RSHL1,RSPH1,17,23,1.3529411764705883,False
qwen3.6_35b,Q3_Baixa_Popularidade,18814951,BTG1,IL10,75,3484,46.45333333333333,False
qwen3.6_35b,Q3_Baixa_Popularidade,26110394,ANXA13,S100A9,28,706,25.214285714285715,False
qwen3.6_35b,Q3_Baixa_Popularidade,28806761,Cacna1g,Cav3.2,79,129,1.6329113924050633,False
qwen3.6_35b,Q3_Baixa_Popularidade,31256822,NBPF8,C1orf167,11,18,1.6363636363636365,True
qwen3.6_35b,Q3_Baixa_Popularidade,32495872,LIFR-AS1,LINC00460,11,34,3.090909090909091,False
qwen3.6_35b,Q3_Baixa_Popularidade,35467255,ZNF543,SNCA,13,2255,173.46153846153845,False
qwen3.6_35b,Q3_Baixa_Popularidade,23746317,TSPAN9,PTPRK,28,89,3.1785714285714284,False
qwen3.6_35b,Q3_Baixa_Popularidade,25510670,PAQR3,PROKR2,54,71,1.3148148148148149,False
qwen3.6_35b,Q3_Baixa_Popularidade,27531281,HHLA2,B7-H4,56,172,3.0714285714285716,False
qwen3.6_35b,Q3_Baixa_Popularidade,27716787,miR-572,miR-663a,12,50,4.166666666666667,True
qwen3.6_35b,Q3_Baixa_Popularidade,29807809,DNAJA4,HSPB1,49,832,16.979591836734695,False
qwen3.6_35b,Q3_Baixa_Popularidade,32503626,HAS-1,VEGFA,71,5214,73.43661971830986,True
qwen3.6_35b,Q3_Baixa_Popularidade,35345673,GPC2,GPC1,23,112,4.869565217391305,False
qwen3.6_35b,Q3_Baixa_Popularidade,38279428,LINC00339,LINC00460,16,34,2.125,False
qwen3.6_35b,Q3_Baixa_Popularidade,19372141,ALOX12B,CCL3,61,299,4.901639344262295,False
qwen3.6_35b,Q3_Baixa_Popularidade,21696384,DFNB59,OTOF,23,80,3.4782608695652173,False
qwen3.6_35b,Q3_Baixa_Popularidade,25867271,miR-367,miR-21,46,1580,34.34782608695652,False
qwen3.6_35b,Q3_Baixa_Popularidade,33208938,LDLRAD3,LRP1,26,540,20.76923076923077,False
qwen3.6_35b,Q3_Baixa_Popularidade,11162453,ATRAP,AGIF,64,218,3.40625,False
qwen3.6_35b,Q3_Baixa_Popularidade,15979100,MYCBP,c-MYC,87,2704,31.080459770114942,True
qwen3.6_35b,Q3_Baixa_Popularidade,16406020,TSGA10,NY-ESO-1,39,116,2.9743589743589745,False
qwen3.6_35b,Q3_Baixa_Popularidade,19000305,PTPN5,PTPN11,43,947,22.023255813953487,False
qwen3.6_35b,Q3_Baixa_Popularidade,19727524,NOR1,NTRK2,27,411,15.222222222222221,False
qwen3.6_35b,Q3_Baixa_Popularidade,20431721,connexin 46,CRYAA,78,201,2.576923076923077,False
qwen3.6_35b,Q3_Baixa_Popularidade,27862679,ARHGAP15,RhoGAP,34,142,4.176470588235294,False
qwen3.6_35b,Q3_Baixa_Popularidade,28340487,LRP3,RUNX2,18,641,35.611111111111114,False
qwen3.6_35b,Q3_Baixa_Popularidade,28926138,TNFAIP8,LATS1,68,248,3.6470588235294117,True
qwen3.6_35b,Q3_Baixa_Popularidade,32489020,MSC-AS1,LINC00460,17,34,2.0,False
qwen3.6_35b,Q3_Baixa_Popularidade,34345014,RNF141,RNF14,16,54,3.375,False
qwen3.6_35b,Q3_Baixa_Popularidade,36419348,KCNC1,KCNC3,49,32,0.6530612244897959,False
qwen3.6_35b,Q3_Baixa_Popularidade,22367439,NIPA2,SLC41A1,20,34,1.7,False
qwen3.6_35b,Q3_Baixa_Popularidade,23284291,DNER,HHIP,42,98,2.3333333333333335,False
qwen3.6_35b,Q3_Baixa_Popularidade,24498354,PRODH,COMT,96,2081,21.677083333333332,False
qwen3.6_35b,Q3_Baixa_Popularidade,32519472,KIAA1199,PDCD4,97,364,3.752577319587629,False
qwen3.6_35b,Q3_Baixa_Popularidade,32759789,MUDENG,TRAIL,20,929,46.45,True
qwen3.6_35b,Q3_Baixa_Popularidade,33427755,SLC52A1,SLC19A2,25,83,3.32,False
qwen3.6_35b,Q3_Baixa_Popularidade,36030582,LINC01234,HOTAIR,23,503,21.869565217391305,False
qwen3.6_35b,Q3_Baixa_Popularidade,38617829,TMEM240,DTNB,14,66,4.714285714285714,False
qwen3.6_35b,Q3_Baixa_Popularidade,38755710,SLCO2A1,VEGF,64,5214,81.46875,False
qwen3.6_35b,Q3_Baixa_Popularidade,16406239,GJB3,MT-RNR1,77,122,1.5844155844155845,False
qwen3.6_35b,Q3_Baixa_Popularidade,18309376,ZNF311,HLA-B,14,2225,158.92857142857142,False
qwen3.6_35b,Q3_Baixa_Popularidade,20150366,GLTSCR1,XRCC6,53,754,14.226415094339623,False
qwen3.6_35b,Q3_Baixa_Popularidade,27261276,CD300b,TREM2,19,351,18.473684210526315,False
qwen3.6_35b,Q3_Baixa_Popularidade,36736276,MIR503HG,LINC00460,26,34,1.3076923076923077,False
qwen3.6_35b,Q3_Baixa_Popularidade,38890684,LAT2,LAT1,45,156,3.466666666666667,False
qwen3.6_35b,Q3_Baixa_Popularidade,15094188,CHL2,CHRD,19,38,2.0,False
qwen3.6_35b,Q3_Baixa_Popularidade,17074475,CRTAC1,COMP,45,197,4.377777777777778,False
qwen3.6_35b,Q3_Baixa_Popularidade,19578367,CCDC26,MYC,28,2704,96.57142857142857,False
qwen3.6_35b,Q3_Baixa_Popularidade,21795595,Regulator of G protein signaling-1,CCR9,69,67,0.9710144927536232,False
qwen3.6_35b,Q3_Baixa_Popularidade,22386842,ACTL7a,SP17,25,5,0.2,False
qwen3.6_35b,Q3_Baixa_Popularidade,23519214,SifA-kinesin interacting protein,Rab7,34,378,11.117647058823529,False
qwen3.6_35b,Q3_Baixa_Popularidade,29426014,NEURL4,NEDD4,66,462,7.0,False
qwen3.6_35b,Q3_Baixa_Popularidade,33099917,Arylsulfatase D,HOTAIR,19,503,26.473684210526315,False
qwen3.6_35b,Q3_Baixa_Popularidade,33603952,TXNDC2,TXNDC1,18,130,7.222222222222222,False
qwen3.6_35b,Q3_Baixa_Popularidade,35391781,miR-543,miR-145,57,664,11.649122807017545,False
qwen3.6_35b,Q3_Baixa_Popularidade,38670394,TGOLN2,IL12RB2,62,106,1.7096774193548387,False
qwen3.6_35b,Q3_Baixa_Popularidade,12036287,BIVM,C13orf31,15,42,2.8,False
qwen3.6_35b,Q3_Baixa_Popularidade,17595531,PASKIN,GLK,62,56,0.9032258064516129,False
qwen3.6_35b,Q3_Baixa_Popularidade,19415746,P21-activated kinase 5,PAK6,79,74,0.9367088607594937,False
qwen3.6_35b,Q3_Baixa_Popularidade,25157627,POFUT1,POGLUT2,80,33,0.4125,False
qwen3.6_35b,Q3_Baixa_Popularidade,28837156,CHAC2,DDIT3,17,314,18.470588235294116,False
qwen3.6_35b,Q3_Baixa_Popularidade,34622442,ARL4C,DUSP6,38,141,3.710526315789474,False
qwen3.6_35b,Q3_Baixa_Popularidade,20485516,ZNF469,PLOD1,39,176,4.512820512820513,False
qwen3.6_35b,Q3_Baixa_Popularidade,21615302,MUC15,MUC1,28,959,34.25,True
qwen3.6_35b,Q3_Baixa_Popularidade,31198787,TROAP,TPX2,53,260,4.90566037735849,False
qwen3.6_35b,Q3_Baixa_Popularidade,32519845,GPR52,GPR88,17,13,0.7647058823529411,False
qwen3.6_35b,Q3_Baixa_Popularidade,35687021,Tensin3,Shc1,83,593,7.144578313253012,True
qwen3.6_35b,Q3_Baixa_Popularidade,36601873,DOCK6,ANGPTL8,60,151,2.5166666666666666,True
qwen3.6_35b,Q3_Baixa_Popularidade,15322554,PTP-MEG2,PTP1B,68,495,7.279411764705882,False
qwen3.6_35b,Q3_Baixa_Popularidade,17709393,JIP1,ASK1,88,333,3.784090909090909,False
qwen3.6_35b,Q3_Baixa_Popularidade,20978819,Fank1,TSPY,24,63,2.625,False
qwen3.6_35b,Q3_Baixa_Popularidade,25944903,FBXO32,FBXW7,85,618,7.270588235294118,False
qwen3.6_35b,Q3_Baixa_Popularidade,30129678,FBLIM1,P2RY12,55,239,4.345454545454546,False
qwen3.6_35b,Q3_Baixa_Popularidade,30548305,TIGD1,LINC00460,26,34,1.3076923076923077,False
qwen3.6_35b,Q3_Baixa_Popularidade,16569242,FRMD4A,DES,41,207,5.048780487804878,False
qwen3.6_35b,Q3_Baixa_Popularidade,24845505,LYRM1,PLIN1,17,115,6.764705882352941,False
qwen3.6_35b,Q3_Baixa_Popularidade,25214527,LILRB5,CKB,15,257,17.133333333333333,False
qwen3.6_35b,Q3_Baixa_Popularidade,31373686,ZMIZ1,PTPRZ1,89,101,1.1348314606741574,False
qwen3.6_35b,Q3_Baixa_Popularidade,33620575,SPRR1B,KRT1,42,279,6.642857142857143,False
qwen3.6_35b,Q3_Baixa_Popularidade,34257739,PCDHA,SLC6A4,12,2401,200.08333333333334,False
qwen3.6_35b,Q3_Baixa_Popularidade,35452674,BIKE,ASK,66,68,1.0303030303030303,False
qwen3.6_35b,Q3_Baixa_Popularidade,37635201,TCAF2,PDZD8,18,73,4.055555555555555,False
qwen3.6_35b,Q3_Baixa_Popularidade,7898930,PRLTS,DCC,18,158,8.777777777777779,False
qwen3.6_35b,Q3_Baixa_Popularidade,18541524,transmembrane protein 9B,Rab7,25,378,15.12,False
qwen3.6_35b,Q3_Baixa_Popularidade,18941546,HSF4,HSPB3,56,20,0.35714285714285715,False
qwen3.6_35b,Q3_Baixa_Popularidade,20031928,IGHMBP2,MANBA,80,56,0.7,False
qwen3.6_35b,Q3_Baixa_Popularidade,22190364,TAGAP,IL23R,47,415,8.829787234042554,False
qwen3.6_35b,Q3_Baixa_Popularidade,25239945,TRC8,Hrd1,39,212,5.435897435897436,False
qwen3.6_35b,Q3_Baixa_Popularidade,26544568,ZNF420,ZNF18,22,19,0.8636363636363636,False
qwen3.6_35b,Q3_Baixa_Popularidade,28315334,Bapx1,HOXB9,25,106,4.24,False
qwen3.6_35b,Q3_Baixa_Popularidade,30664187,HepaCAM,PTEN,56,2820,50.357142857142854,False
qwen3.6_35b,Q3_Baixa_Popularidade,32014858,RDH12,RPE65,68,135,1.9852941176470589,False
qwen3.6_35b,Q3_Baixa_Popularidade,34325607,Psoriasis Susceptibility 1 Candidate 1,CTLA4,34,1339,39.38235294117647,False
qwen3.6_35b,Q3_Baixa_Popularidade,35587281,CCDC155,SYCP2,25,17,0.68,False
qwen3.6_35b,Q3_Baixa_Popularidade,17318641,KLKB1,KNG1,92,201,2.1847826086956523,False
qwen3.6_35b,Q3_Baixa_Popularidade,18669603,FKBPL,FKBP11,37,33,0.8918918918918919,False
qwen3.6_35b,Q3_Baixa_Popularidade,25650326,NEUROG3,PDX1,70,104,1.4857142857142858,True
qwen3.6_35b,Q3_Baixa_Popularidade,31379208,DLEU1,LINC00460,47,34,0.723404255319149,False
qwen3.6_35b,Q3_Baixa_Popularidade,35016406,Carbonic anhydrase 2 and 3,CA4,61,71,1.1639344262295082,False
qwen3.6_35b,Q3_Baixa_Popularidade,16554024,ABCB9,ABCC11,48,68,1.4166666666666667,False
qwen3.6_35b,Q3_Baixa_Popularidade,21211617,NEK1,CEP290,100,173,1.73,False
qwen3.6_35b,Q3_Baixa_Popularidade,16826239,Dbf4,p110,68,219,3.2205882352941178,False
qwen3.6_35b,Q3_Baixa_Popularidade,24445935,ZNF396,Zfp191,17,103,6.0588235294117645,True
qwen3.6_35b,Q3_Baixa_Popularidade,30501451,P5 ATPase,ATP8A2,10,36,3.6,False
qwen3.6_35b,Q3_Baixa_Popularidade,30929735,TTC21A,CFAP43,22,24,1.0909090909090908,False
qwen3.6_35b,Q3_Baixa_Popularidade,32931479,Fbxo2,p62,72,172,2.388888888888889,False
qwen3.6_35b,Q3_Baixa_Popularidade,35621037,TMEM67,NPHP6,57,173,3.0350877192982457,False
qwen3.6_35b,Q3_Baixa_Popularidade,37567766,CAMSAP2,CAMSAP1,73,66,0.9041095890410958,False
qwen3.6_35b,Q3_Baixa_Popularidade,11731337,sterol C5 desaturase,LSS,40,82,2.05,False
qwen3.6_35b,Q3_Baixa_Popularidade,19260141,phosphatidylethanolamine N-methyltransferase,LIPC,76,332,4.368421052631579,False
qwen3.6_35b,Q3_Baixa_Popularidade,21637307,TMPRSS4,ZEB2,66,353,5.348484848484849,False
qwen3.6_35b,Q3_Baixa_Popularidade,25374899,Prostate-associated gene 4,SSX2,21,59,2.8095238095238093,False
qwen3.6_35b,Q3_Baixa_Popularidade,25904364,NANOS3,ZEB2,22,353,16.045454545454547,False
qwen3.6_35b,Q3_Baixa_Popularidade,27630214,FcRgamma,FcgammaRIIB,78,226,2.8974358974358974,False
qwen3.6_35b,Q3_Baixa_Popularidade,29558758,B and T Lymphocyte Attenuator,LAG3,97,163,1.6804123711340206,False
qwen3.6_35b,Q3_Baixa_Popularidade,33346999,Keratin K3,KRT12,43,35,0.813953488372093,False
qwen3.6_35b,Q3_Baixa_Popularidade,20540360,FMN1,IGF1,34,2076,61.05882352941177,False
qwen3.6_35b,Q3_Baixa_Popularidade,25320013,MT4-MMP,MT1-MMP,40,610,15.25,False
qwen3.6_35b,Q3_Baixa_Popularidade,30036656,zinc finger protein like 1,RNF14,51,54,1.0588235294117647,False
qwen3.6_35b,Q3_Baixa_Popularidade,35260070,CCNL1,ZEB1,80,656,8.2,False
qwen3.6_35b,Q3_Baixa_Popularidade,10446203,CBF-C,NF-YA,79,148,1.8734177215189873,False
qwen3.6_35b,Q3_Baixa_Popularidade,11263960,DNASE1L1,DNASE1L3,43,56,1.302325581395349,False
qwen3.6_35b,Q3_Baixa_Popularidade,30262433,ZIP9,ZnT1,36,97,2.6944444444444446,False
qwen3.6_35b,Q3_Baixa_Popularidade,31356773,SLC25A30,SLC25A15,17,55,3.235294117647059,False
qwen3.6_35b,Q3_Baixa_Popularidade,33053528,long stress-induced noncoding transcript 5,LINC00460,18,34,1.8888888888888888,False
qwen3.6_35b,Q3_Baixa_Popularidade,35247384,METTL8,TRMT61B,25,43,1.72,False
qwen3.6_35b,Q3_Baixa_Popularidade,35697535,AZIN1,ADAR2,48,125,2.6041666666666665,False
qwen3.6_35b,Q3_Baixa_Popularidade,37711058,MBNL1-AS1,LINC00460,15,34,2.2666666666666666,False
qwen3.6_35b,Q3_Baixa_Popularidade,38151566,NDUFB7,NDUFAF1,49,51,1.0408163265306123,False
qwen3.6_35b,Q3_Baixa_Popularidade,38463028,JOSD2,USP47,38,108,2.8421052631578947,True
qwen3.6_35b,Q3_Baixa_Popularidade,8639829,HLF,TCF3,58,300,5.172413793103448,False
qwen3.6_35b,Q3_Baixa_Popularidade,22356909,Intestinal cell kinase,AKT1,55,3746,68.10909090909091,False
qwen3.6_35b,Q3_Baixa_Popularidade,24337656,SCN2B,SCN1B,36,88,2.4444444444444446,True
qwen3.6_35b,Q3_Baixa_Popularidade,34212559,FK506 binding protein-like,DAZ,37,76,2.054054054054054,False
qwen3.6_35b,Q3_Baixa_Popularidade,38462741,ADGRG4,ADGRF5,17,38,2.235294117647059,False
qwen3.6_35b,Q3_Baixa_Popularidade,9880541,CLIC3,CLIC5,31,44,1.4193548387096775,False
qwen3.6_35b,Q3_Baixa_Popularidade,10465786,cdr2,HuD,56,79,1.4107142857142858,False
qwen3.6_35b,Q3_Baixa_Popularidade,22158537,FITM2,SLC30A8,24,247,10.291666666666666,False
qwen3.6_35b,Q3_Baixa_Popularidade,22194858,PAAF1,MYOD1,52,195,3.75,False
qwen3.6_35b,Q3_Baixa_Popularidade,23203797,marvelD3,MARVELD2,19,67,3.526315789473684,False
qwen3.6_35b,Q3_Baixa_Popularidade,28782631,CDHR3,IL10,29,3484,120.13793103448276,False
qwen3.6_35b,Q3_Baixa_Popularidade,31689297,VIPR2,CLOCK,93,315,3.3870967741935485,True
qwen3.6_35b,Q3_Baixa_Popularidade,33675808,DLEU2,LINC00460,43,34,0.7906976744186046,False
qwen3.6_35b,Q3_Baixa_Popularidade,9839802,ZNF85,ZNF91,16,27,1.6875,True
qwen3.6_35b,Q3_Baixa_Popularidade,10933397,Cabin1,RIP140,81,173,2.1358024691358026,False
qwen3.6_35b,Q3_Baixa_Popularidade,19820022,LMF1,GPIHBP1,30,67,2.2333333333333334,False
qwen3.6_35b,Q3_Baixa_Popularidade,20889975,TnT,TnC,91,331,3.6373626373626373,True
qwen3.6_35b,Q3_Baixa_Popularidade,26162986,SKA2,PRR11-AS1,63,1,0.015873015873015872,False
qwen3.6_35b,Q3_Baixa_Popularidade,30427759,ADP-ribosylation factor-like 4A,ARF6,19,332,17.473684210526315,False
qwen3.6_35b,Q3_Baixa_Popularidade,30735723,FAM81A,SynGAP,15,83,5.533333333333333,False
qwen3.6_35b,Q3_Baixa_Popularidade,31431650,Daple,ARHGEF1,74,120,1.6216216216216217,False
qwen3.6_35b,Q3_Baixa_Popularidade,38158881,GYPB,SE,73,175,2.3972602739726026,False
qwen3.6_35b,Q3_Baixa_Popularidade,10791955,MIP-T3,TRIP10,43,88,2.046511627906977,False
qwen3.6_35b,Q3_Baixa_Popularidade,12804766,ALG-2,S100A4,51,408,8.0,False
qwen3.6_35b,Q3_Baixa_Popularidade,19240024,Melanoregulin,Dysbindin,22,223,10.136363636363637,False
qwen3.6_35b,Q3_Baixa_Popularidade,22106001,NAALADL2,NLGN1,24,72,3.0,True
qwen3.6_35b,Q3_Baixa_Popularidade,25950000,TTBK2,CDK5RAP2,65,123,1.8923076923076922,False
qwen3.6_35b,Q3_Baixa_Popularidade,27806084,TOX3,FOXP1,92,264,2.869565217391304,False
qwen3.6_35b,Q3_Baixa_Popularidade,35893034,CASC8,MYC,19,2704,142.31578947368422,False
qwen3.6_35b,Q3_Baixa_Popularidade,37951930,FUNDC1,OPTN,55,306,5.5636363636363635,False
qwen3.6_35b,Q3_Baixa_Popularidade,10821868,GLUT8,GLUT10,27,45,1.6666666666666667,False
qwen3.6_35b,Q3_Baixa_Popularidade,16263120,CKLFSF8,TM4SF19,33,10,0.30303030303030304,False
qwen3.6_35b,Q3_Baixa_Popularidade,17919311,Rai,SHC2,56,30,0.5357142857142857,False
qwen3.6_35b,Q3_Baixa_Popularidade,24607927,EHD3,SLC6A4,52,2401,46.17307692307692,False
qwen3.6_35b,Q3_Baixa_Popularidade,27808366,STEAP4,ADIPOR1,54,242,4.481481481481482,False
qwen3.6_35b,Q3_Baixa_Popularidade,28737129,CTR2,ATP7B,25,390,15.6,True
qwen3.6_35b,Q3_Baixa_Popularidade,30816485,Opa interacting protein 5,HNRNPA2B1,70,559,7.985714285714286,False
qwen3.6_35b,Q3_Baixa_Popularidade,36610560,Rab26,HO-1,29,1207,41.62068965517241,False
qwen3.6_35b,Q3_Baixa_Popularidade,14508106,rTS,p53,33,11629,352.3939393939394,False
qwen3.6_35b,Q3_Baixa_Popularidade,18703417,GCM1,CD9,56,284,5.071428571428571,False
qwen3.6_35b,Q3_Baixa_Popularidade,19271754,Clph,CLPP,13,81,6.230769230769231,False
qwen3.6_35b,Q3_Baixa_Popularidade,22386526,CD52,CD55,48,272,5.666666666666667,False
qwen3.6_35b,Q3_Baixa_Popularidade,23599027,FLRT2,LIN28B,35,221,6.314285714285714,False
qwen3.6_35b,Q3_Baixa_Popularidade,30389958,ADGRG2,CFTR,30,1954,65.13333333333334,True
qwen3.6_35b,Q3_Baixa_Popularidade,30391163,Mitoferrin-1,FECH,34,172,5.0588235294117645,True
qwen3.6_35b,Q3_Baixa_Popularidade,32423803,miR-382,miR-145,57,664,11.649122807017545,False
qwen3.6_35b,Q3_Baixa_Popularidade,34326813,NUS1,SLC30A8,69,247,3.579710144927536,False
qwen3.6_35b,Q3_Baixa_Popularidade,37712743,WDR72,ZEB1,35,656,18.742857142857144,False
qwen3.6_35b,Q3_Baixa_Popularidade,39562739,ZBTB48,PAX5,44,213,4.840909090909091,False
qwen3.6_35b,Q3_Baixa_Popularidade,21172805,TOX3,EBP,92,185,2.010869565217391,False
qwen3.6_35b,Q3_Baixa_Popularidade,26973091,CASPASE-12,IL10RB,49,108,2.204081632653061,False
qwen3.6_35b,Q3_Baixa_Popularidade,28346859,Zbed3,ZNF638,31,141,4.548387096774194,False
qwen3.6_35b,Q3_Baixa_Popularidade,30898877,BC200,7SK,49,55,1.1224489795918366,False
qwen3.6_35b,Q3_Baixa_Popularidade,33590725,TCTN2,TMEM67,26,57,2.1923076923076925,False
qwen3.6_35b,Q3_Baixa_Popularidade,35896531,INHBE,ACVRL1,31,195,6.290322580645161,False
qwen3.6_35b,Q3_Baixa_Popularidade,8780690,UGT1A3,UGT1A6,74,133,1.7972972972972974,False
qwen3.6_35b,Q3_Baixa_Popularidade,20829348,Cactin,CIC,72,215,2.986111111111111,False
qwen3.6_35b,Q3_Baixa_Popularidade,26867688,MicroRNA-1228,miR-21,26,1580,60.76923076923077,False
qwen3.6_35b,Q3_Baixa_Popularidade,29323771,IGFN1,C3,12,759,63.25,False
qwen3.6_35b,Q3_Baixa_Popularidade,30198401,ZWINT,ZW10,83,107,1.2891566265060241,True
qwen3.6_35b,Q3_Baixa_Popularidade,30253317,WNK3,NKCC1,66,177,2.6818181818181817,False
qwen3.6_35b,Q3_Baixa_Popularidade,31460868,ADAMTS7,KCNK1,59,47,0.7966101694915254,False
qwen3.6_35b,Q3_Baixa_Popularidade,20301604,IL1RAPL1,DAX1,50,167,3.34,False
qwen3.6_35b,Q3_Baixa_Popularidade,23881105,SPG8,DYT5A,90,227,2.522222222222222,False
qwen3.6_35b,Q3_Baixa_Popularidade,25193023,Romo1,PGAM5,66,252,3.8181818181818183,False
qwen3.6_35b,Q3_Baixa_Popularidade,29204446,TRIM14,TRIM21,62,419,6.758064516129032,False
qwen3.6_35b,Q3_Baixa_Popularidade,30181378,Renalase,AGT,92,1161,12.619565217391305,False
qwen3.6_35b,Q3_Baixa_Popularidade,30350935,MicroRNA-1246,miR-21,81,1580,19.506172839506174,False
qwen3.6_35b,Q3_Baixa_Popularidade,30854931,CD37,CST7,45,29,0.6444444444444445,False
qwen3.6_35b,Q3_Baixa_Popularidade,31363080,TTN-AS1,LINC00460,25,34,1.36,False
qwen3.6_35b,Q3_Baixa_Popularidade,32161263,BRAWNIN,SURF1,14,65,4.642857142857143,False
qwen3.6_35b,Q3_Baixa_Popularidade,37314493,MRGPRF,MRGPRX2,16,71,4.4375,False
qwen3.6_35b,Q3_Baixa_Popularidade,22975685,PHF20,Mdm2,52,2218,42.65384615384615,False
qwen3.6_35b,Q3_Baixa_Popularidade,23530209,intraflagellar transport protein 20,Cep164,65,65,1.0,True
qwen3.6_35b,Q3_Baixa_Popularidade,25233099,DGKI,MGMT,23,801,34.82608695652174,True
qwen3.6_35b,Q3_Baixa_Popularidade,29261175,SLC15A4,SLC20A2,44,89,2.022727272727273,False
qwen3.6_35b,Q3_Baixa_Popularidade,31092266,MIIP,PPP1R15A,39,91,2.3333333333333335,False
qwen3.6_35b,Q3_Baixa_Popularidade,31740654,miR-652,miR-21,33,1580,47.878787878787875,False
qwen3.6_35b,Q3_Baixa_Popularidade,36007377,DPPA4,YBX2,44,46,1.0454545454545454,False
qwen3.6_35b,Q3_Baixa_Popularidade,21613359,TMEM127,SDHAF2,37,47,1.2702702702702702,False
qwen3.6_35b,Q3_Baixa_Popularidade,26540345,MAGE-C2,NY-ESO-1,61,116,1.901639344262295,False
qwen3.6_35b,Q3_Baixa_Popularidade,28302484,TSPAN12,ZEB1,61,656,10.754098360655737,False
qwen3.6_35b,Q3_Baixa_Popularidade,29849566,ILDR1,MYO6,26,298,11.461538461538462,False
qwen3.6_35b,Q3_Baixa_Popularidade,37756562,LINC01089,LINC00460,13,34,2.6153846153846154,False
qwen3.6_35b,Q3_Baixa_Popularidade,12825073,PHKG1,PHKG2,31,58,1.8709677419354838,False
qwen3.6_35b,Q3_Baixa_Popularidade,16690525,ice,bcl-xL,84,781,9.297619047619047,False
qwen3.6_35b,Q3_Baixa_Popularidade,19639522,POMT1,POMGNT1,61,73,1.1967213114754098,False
qwen3.6_35b,Q3_Baixa_Popularidade,25383759,LRAT,HRASLS1,56,15,0.26785714285714285,False
qwen3.6_35b,Q3_Baixa_Popularidade,27909719,epithelial membrane protein 1,PTEN,51,2820,55.294117647058826,False
qwen3.6_35b,Q3_Baixa_Popularidade,28870805,RAI3,SIRT1,101,1828,18.099009900990097,False
qwen3.6_35b,Q3_Baixa_Popularidade,31837357,MUC13,LIF,54,244,4.518518518518518,False
qwen3.6_35b,Q3_Baixa_Popularidade,32223575,CASC11,LINC00460,28,34,1.2142857142857142,False
qwen3.6_35b,Q3_Baixa_Popularidade,33181266,beta-defensin 118,DEFB126,17,21,1.2352941176470589,False
qwen3.6_35b,Q3_Baixa_Popularidade,34946860,WDR13,OPHN1,29,55,1.896551724137931,False
qwen3.6_35b,Q3_Baixa_Popularidade,35111166,ANKRD55,IL6R,30,518,17.266666666666666,False
qwen3.6_35b,Q3_Baixa_Popularidade,8751391,RSC1A1,SLC5A3,26,46,1.7692307692307692,False
qwen3.6_35b,Q3_Baixa_Popularidade,20920335,CKS2,CDC2,77,268,3.4805194805194803,False
qwen3.6_35b,Q3_Baixa_Popularidade,23431138,FBXO10,FBXW7,39,618,15.846153846153847,False
qwen3.6_35b,Q3_Baixa_Popularidade,29752411,RSPO1-4,RSPO1,24,80,3.3333333333333335,True
qwen3.6_35b,Q4_Cauda_Longa,30605069,miR-1206,MIR146A,6,952,158.66666666666666,False
qwen3.6_35b,Q4_Cauda_Longa,31200545,LOC151484,LINC00460,2,34,17.0,False
qwen3.6_35b,Q3_Baixa_Popularidade,33652941,SP6,AMELX,19,69,3.6315789473684212,False
qwen3.6_35b,Q3_Baixa_Popularidade,34058199,"beta1,3-glucosyltransferase",B3GAT3,43,51,1.186046511627907,False
qwen3.6_35b,Q3_Baixa_Popularidade,35114100,STAMBPL1,USP30,45,67,1.488888888888889,False
qwen3.6_35b,Q4_Cauda_Longa,15203209,PLET1,PLAC1,3,55,18.333333333333332,False
qwen3.6_35b,Q4_Cauda_Longa,28635424,MCDR3,PRDM13,2,19,9.5,True
qwen3.6_35b,Q4_Cauda_Longa,31282173,TRABD2A,ADAM17,8,546,68.25,False
qwen3.6_35b,Q4_Cauda_Longa,35616822,LINC00886,ZEB1,7,656,93.71428571428571,True
qwen3.6_35b,Q4_Cauda_Longa,36700469,MCF2L-AS1,LINC00460,9,34,3.7777777777777777,False
qwen3.6_35b,Q4_Cauda_Longa,38070791,Long intergenic non-protein coding RNA 115,HOTAIR,5,503,100.6,False
qwen3.6_35b,Q4_Cauda_Longa,17098703,HMGA1L2,PTENP1,3,45,15.0,False
qwen3.6_35b,Q4_Cauda_Longa,24501229,PPIEL,ZNF331,8,35,4.375,False
qwen3.6_35b,Q4_Cauda_Longa,32572918,Linc00601,LINC00460,1,34,34.0,False
qwen3.6_35b,Q4_Cauda_Longa,33414518,LINC00161,LINC00460,9,34,3.7777777777777777,False
qwen3.6_35b,Q4_Cauda_Longa,34651202,PHEX-AS1,LINC00460,2,34,17.0,False
qwen3.6_35b,Q4_Cauda_Longa,37545364,ADPGK-AS1,LINC00460,7,34,4.857142857142857,False
qwen3.6_35b,Q4_Cauda_Longa,11340635,PRAC,PRSS23,5,39,7.8,False
qwen3.6_35b,Q4_Cauda_Longa,29101731,miR-4326,miR-21,4,1580,395.0,False
qwen3.6_35b,Q4_Cauda_Longa,30317552,SEMA3B-AS1,LINC00460,7,34,4.857142857142857,False
qwen3.6_35b,Q4_Cauda_Longa,34427876,LINC00943,LINC00460,7,34,4.857142857142857,False
qwen3.6_35b,Q4_Cauda_Longa,36523161,Fidgetin-like 2,KIF2C,8,208,26.0,False
qwen3.6_35b,Q4_Cauda_Longa,35657686,OVAAL,LINC00963,5,22,4.4,False
qwen3.6_35b,Q4_Cauda_Longa,35707591,OR4M1,ASGR1,6,81,13.5,False
qwen3.6_35b,Q4_Cauda_Longa,8761437,CATR1,DCC,3,158,52.666666666666664,False
qwen3.6_35b,Q4_Cauda_Longa,29630094,MiR-4421,miR-145,3,664,221.33333333333334,False
qwen3.6_35b,Q4_Cauda_Longa,29700843,Spermatogenesis-associated 48,SYCP3,8,43,5.375,False
qwen3.6_35b,Q4_Cauda_Longa,34731149,EMX2OS,LINC00511,9,42,4.666666666666667,False
qwen3.6_35b,Q4_Cauda_Longa,38880921,ZSWIM1,ZEB1,9,656,72.88888888888889,False
qwen3.6_35b,Q4_Cauda_Longa,41444079,IDH1-AS1,LINC00460,4,34,8.5,False
qwen3.6_35b,Q4_Cauda_Longa,2559024,ATP1BL1,ATP1B2,2,58,29.0,False
qwen3.6_35b,Q4_Cauda_Longa,22258142,Yiya,H19,3,570,190.0,False
qwen3.6_35b,Q4_Cauda_Longa,27076786,LOC101926975,LINC00460,1,34,34.0,False
qwen3.6_35b,Q4_Cauda_Longa,31582214,LINC01419,LINC00460,7,34,4.857142857142857,False
qwen3.6_35b,Q4_Cauda_Longa,34378327,GACAT1,LINC00460,4,34,8.5,False
qwen3.6_35b,Q4_Cauda_Longa,34777698,miR-4454,miR-21,9,1580,175.55555555555554,False
qwen3.6_35b,Q4_Cauda_Longa,38017487,KCNMA1-AS1,LINC00460,5,34,6.8,False
qwen3.6_35b,Q4_Cauda_Longa,6201125,peptidase E,GAA,1,214,214.0,False
qwen3.6_35b,Q4_Cauda_Longa,30341249,LINC00210,LINC00460,4,34,8.5,False
qwen3.6_35b,Q4_Cauda_Longa,30670568,MicroRNA 551a,miR-145,7,664,94.85714285714286,False
qwen3.6_35b,Q4_Cauda_Longa,32841458,LINC00210,LINC00460,4,34,8.5,False
qwen3.6_35b,Q4_Cauda_Longa,33237828,SMIM25,LINC00460,8,34,4.25,False
qwen3.6_35b,Q4_Cauda_Longa,36647631,LINC00926,LINC00963,7,22,3.142857142857143,False
qwen3.6_35b,Q4_Cauda_Longa,8005606,RT6,beta-globin,4,876,219.0,False
qwen3.6_35b,Q4_Cauda_Longa,16717440,DFNA24,DFNA12,2,50,25.0,False
qwen3.6_35b,Q4_Cauda_Longa,31870402,HOXC-AS1,LINC00460,5,34,6.8,False
qwen3.6_35b,Q4_Cauda_Longa,10728827,D1F15S1A,HGFL,7,106,15.142857142857142,True
qwen3.6_35b,Q4_Cauda_Longa,26158411,Epist,LINC00460,6,34,5.666666666666667,False
qwen3.6_35b,Q4_Cauda_Longa,26360614,DUXB,DUXAP8,6,34,5.666666666666667,False
qwen3.6_35b,Q4_Cauda_Longa,35196185,miR-3646,miR-21,6,1580,263.3333333333333,False
qwen3.6_35b,Q4_Cauda_Longa,37840133,FTO-IT1,LINC00460,3,34,11.333333333333334,False
qwen3.6_35b,Q4_Cauda_Longa,38848293,LINC01106,LINC00460,7,34,4.857142857142857,False
qwen3.6_35b,Q4_Cauda_Longa,12935778,MYAS1,CTLA4,1,1339,1339.0,False
qwen3.6_35b,Q4_Cauda_Longa,25303483,PTCSC2,LINC00460,7,34,4.857142857142857,False
qwen3.6_35b,Q4_Cauda_Longa,28415780,PCAT-14,LINC00460,4,34,8.5,False
qwen3.6_35b,Q4_Cauda_Longa,36118523,LINC00674,LINC00460,6,34,5.666666666666667,False
qwen3.6_35b,Q4_Cauda_Longa,40068798,PLSCR5,TMEM16F,6,102,17.0,False
qwen3.6_35b,Q4_Cauda_Longa,7085778,Ligatin,M6PR,6,93,15.5,False
qwen3.6_35b,Q4_Cauda_Longa,31504670,SNHG9,LINC00460,9,34,3.7777777777777777,False
qwen3.6_35b,Q4_Cauda_Longa,32980991,PCAT19,LINC00460,9,34,3.7777777777777777,False
qwen3.6_35b,Q4_Cauda_Longa,10444326,HHLA3,HHLA1,9,6,0.6666666666666666,False
qwen3.6_35b,Q4_Cauda_Longa,28334377,LRIT3,TRPM1,8,61,7.625,True
qwen3.6_35b,Q4_Cauda_Longa,28422318,ZNF404,RAB10,9,240,26.666666666666668,False
qwen3.6_35b,Q4_Cauda_Longa,29757368,LINC00514,LINC00617,8,9,1.125,True
qwen3.6_35b,Q4_Cauda_Longa,36806387,NFIA-AS2,LINC00969,5,8,1.6,False
qwen3.6_35b,Q4_Cauda_Longa,15175115,SLC22A1LS,IGF2,8,749,93.625,False
qwen3.6_35b,Q4_Cauda_Longa,28087599,LINC00092,LINC00460,6,34,5.666666666666667,False
qwen3.6_35b,Q4_Cauda_Longa,28184924,miR-922,miR-21,9,1580,175.55555555555554,False
qwen3.6_35b,Q4_Cauda_Longa,32811869,EIF3J-AS1,LINC00460,6,34,5.666666666666667,False
qwen3.6_35b,Q4_Cauda_Longa,37248547,WAC-AS1,LINC00460,7,34,4.857142857142857,False
qwen3.6_35b,Q4_Cauda_Longa,11369687,FAA1,LOX,1,254,254.0,False
qwen3.6_35b,Q4_Cauda_Longa,16303764,CLN9,CLN8,2,39,19.5,True
qwen3.6_35b,Q4_Cauda_Longa,20975707,HMGA1-p.,HMGA1P1,3,3,1.0,False
qwen3.6_35b,Q4_Cauda_Longa,24886442,RP11-46A10.4,LINC00882,1,5,5.0,True
qwen3.6_35b,Q4_Cauda_Longa,30448060,LINC00165,LINC00460,4,34,8.5,False
qwen3.6_35b,Q4_Cauda_Longa,33299853,miR-3125,miR-145,4,664,166.0,False
qwen3.6_35b,Q4_Cauda_Longa,34362795,WTAPP1,WT1-AS1,9,30,3.3333333333333335,False
qwen3.6_35b,Q4_Cauda_Longa,35905044,MTHFDL1,MTHFD1L,2,156,78.0,True
qwen3.6_35b,Q4_Cauda_Longa,36602957,DNMBP-AS1,LINC00963,2,22,11.0,False
qwen3.6_35b,Q4_Cauda_Longa,19752191,ALL1,SET1,2,146,73.0,False
qwen3.6_35b,Q4_Cauda_Longa,21252223,SWI5-MEI5,RAD51AP1,9,69,7.666666666666667,False
qwen3.6_35b,Q4_Cauda_Longa,29270239,ZNF542,ZNF671,7,16,2.2857142857142856,False
qwen3.6_35b,Q4_Cauda_Longa,31736153,CHL1-AS1,LINC00460,3,34,11.333333333333334,False
qwen3.6_35b,Q4_Cauda_Longa,32298923,Leucine-rich repeat containing protein 10B,RIP140,6,173,28.833333333333332,False
qwen3.6_35b,Q4_Cauda_Longa,33756228,linc00936,ZC3H12A,7,126,18.0,True
qwen3.6_35b,Q4_Cauda_Longa,34224057,MGC27382,LINC00460,4,34,8.5,False
qwen3.6_35b,Q4_Cauda_Longa,24393131,ZNF300P1,LINC00460,5,34,6.8,False
qwen3.6_35b,Q4_Cauda_Longa,28767188,LINC01101,LINC00460,3,34,11.333333333333334,False
qwen3.6_35b,Q4_Cauda_Longa,29656893,RINN1,SHLD1,8,18,2.25,False
qwen3.6_35b,Q4_Cauda_Longa,25653177,C18orf42,AKAP12,3,172,57.333333333333336,False
qwen3.6_35b,Q4_Cauda_Longa,38587325,LINC01270,H19,6,570,95.0,False
qwen3.6_35b,Q4_Cauda_Longa,26600424,FAM149A,EPAS1,9,638,70.88888888888889,False
qwen3.6_35b,Q4_Cauda_Longa,35137449,UBA6-AS1,LINC00460,4,34,8.5,False
qwen3.6_35b,Q4_Cauda_Longa,38221658,MTRNR2L2,IL-6,9,5468,607.5555555555555,False
qwen3.6_35b,Q4_Cauda_Longa,11713263,Ribin,p53RRA,3,25,8.333333333333334,False
qwen3.6_35b,Q4_Cauda_Longa,11821432,PEG1-AS,PEG10,4,135,33.75,False
qwen3.6_35b,Q4_Cauda_Longa,32196587,LINC01197,miR-145,7,664,94.85714285714286,False
qwen3.6_35b,Q4_Cauda_Longa,35605650,CLEC4GP1,PTENP1,3,45,15.0,False
qwen3.6_35b,Q4_Cauda_Longa,36284435,SNORD111,SNORD41,3,3,1.0,True
qwen3.6_35b,Q4_Cauda_Longa,36660950,miR-126-3p,miR-122,6,434,72.33333333333333,False
qwen3.6_35b,Q4_Cauda_Longa,9205111,ERp60,PDIR,7,103,14.714285714285714,False
qwen3.6_35b,Q4_Cauda_Longa,32964971,HMGA1P4,H19,2,570,285.0,False
qwen3.6_35b,Q4_Cauda_Longa,34767727,PTPRG Antisense RNA 1,LINC00460,9,34,3.7777777777777777,False
qwen3.6_35b,Q4_Cauda_Longa,18154640,MRPS18CP2,GJB2,2,861,430.5,False
qwen3.6_35b,Q4_Cauda_Longa,22126752,ZNF674,OPHN1,10,55,5.5,False
qwen3.6_35b,Q4_Cauda_Longa,27683121,RP11-462C24.1,H19,9,570,63.333333333333336,False
qwen3.6_35b,Q4_Cauda_Longa,32329849,LINC01551,LINC00460,3,34,11.333333333333334,False
qwen3.6_35b,Q4_Cauda_Longa,7789980,DBIP1,ACBP,2,19,9.5,True
qwen3.6_35b,Q4_Cauda_Longa,26393913,RP11-397D12.4,LINC00460,1,34,34.0,False
qwen3.6_35b,Q4_Cauda_Longa,28041957,PLUTO,PAX8-AS1,5,14,2.8,False
qwen3.6_35b,Q4_Cauda_Longa,31132669,LINC00909,LINC00460,7,34,4.857142857142857,False
qwen3.6_35b,Q4_Cauda_Longa,33037865,MCF2L-AS1,LINC00460,9,34,3.7777777777777777,False
qwen3.6_35b,Q4_Cauda_Longa,35322763,LINC01315,LINC00460,6,34,5.666666666666667,False
qwen3.6_35b,Q4_Cauda_Longa,36635268,BGLT3,H19,8,570,71.25,False
qwen3.6_35b,Q4_Cauda_Longa,11150526,testis-specific poly(A) polymerase,Papd5,9,61,6.777777777777778,False
qwen3.6_35b,Q4_Cauda_Longa,15358244,OST-PTP,PTPRQ,5,30,6.0,False
qwen3.6_35b,Q4_Cauda_Longa,35067783,LINC00160,LINC00460,4,34,8.5,False
qwen3.6_35b,Q4_Cauda_Longa,35404750,LINC00488,LINC00460,5,34,6.8,False
qwen3.6_35b,Q4_Cauda_Longa,20463881,DSCR9,IRF4,9,258,28.666666666666668,False
qwen3.6_35b,Q4_Cauda_Longa,23876241,transglutaminase 7,TG2,9,554,61.55555555555556,False
qwen3.6_35b,Q4_Cauda_Longa,31604679,miR-5188,miR-21,5,1580,316.0,False
qwen3.6_35b,Q4_Cauda_Longa,32495869,linc00337,LINC00460,9,34,3.7777777777777777,False
qwen3.6_35b,Q4_Cauda_Longa,32574189,Perm1,PPARGC1,9,807,89.66666666666667,False
qwen3.6_35b,Q4_Cauda_Longa,11337751,MRX53,MRX1,1,81,81.0,False
qwen3.6_35b,Q4_Cauda_Longa,12112072,SPG19,SPG11,1,114,114.0,False
qwen3.6_35b,Q4_Cauda_Longa,22541069,DBE-T,DUX4,3,146,48.666666666666664,False
qwen3.6_35b,Q4_Cauda_Longa,23657505,TRAV4,TRAV1-2,4,3,0.75,False
qwen3.6_35b,Q4_Cauda_Longa,25875936,ZNF700,ZNF639,6,27,4.5,False
qwen3.6_35b,Q4_Cauda_Longa,33147570,LINC00968,LINC00460,9,34,3.7777777777777777,False
qwen3.6_35b,Q4_Cauda_Longa,28396580,PRAL,LINC00460,4,34,8.5,False
qwen3.6_35b,Q4_Cauda_Longa,33211221,miR-617,miR-21,4,1580,395.0,False
qwen3.6_35b,Q4_Cauda_Longa,33753211,LINC01614,LINC00460,9,34,3.7777777777777777,False
qwen3.6_35b,Q4_Cauda_Longa,36261031,miR-3917,miR-21,4,1580,395.0,False
qwen3.6_35b,Q4_Cauda_Longa,37469237,TMPOP2,LINC00460,2,34,17.0,False
qwen3.6_35b,Q4_Cauda_Longa,39242532,POLH-AS1,CD274,2,2649,1324.5,False
qwen3.6_35b,Q4_Cauda_Longa,17786280,cortexin 3,C5orf4,8,12,1.5,False
qwen3.6_35b,Q4_Cauda_Longa,28138801,miR-668,miR-21,7,1580,225.71428571428572,False
qwen3.6_35b,Q4_Cauda_Longa,30536379,GACAT3,LINC00460,9,34,3.7777777777777777,False
qwen3.6_35b,Q4_Cauda_Longa,30898713,miR-3622a,miR-21,6,1580,263.3333333333333,False
qwen3.6_35b,Q4_Cauda_Longa,31102367,lncUSMycN,HOTAIR,4,503,125.75,False
qwen3.6_35b,Q4_Cauda_Longa,31575973,PIRT,TRIP8b,7,27,3.857142857142857,False
qwen3.6_35b,Q4_Cauda_Longa,36656640,LINC00881,MYOCD,3,100,33.333333333333336,False
qwen3.6_35b,Q4_Cauda_Longa,38279424,TEX41,LINC00460,6,34,5.666666666666667,False
qwen3.6_35b,Q4_Cauda_Longa,31262262,WWC2-AS1,LINC00460,1,34,34.0,False
qwen3.6_35b,Q4_Cauda_Longa,33204302,LINC00426,LINC00460,4,34,8.5,False
qwen3.6_35b,Q4_Cauda_Longa,35278131,DFNA33,DFNA25,2,27,13.5,False
qwen3.6_35b,Q4_Cauda_Longa,36105081,SPATA41,LINC00460,4,34,8.5,False
qwen3.6_35b,Q4_Cauda_Longa,30518158,PCAT18,LINC00460,7,34,4.857142857142857,False
qwen3.6_35b,Q4_Cauda_Longa,34105888,LINC00525,LINC00460,9,34,3.7777777777777777,False
qwen3.6_35b,Q4_Cauda_Longa,37271897,DIO3OS,LINC00460,5,34,6.8,False
qwen3.6_35b,Q4_Cauda_Longa,31642395,miR-559,DROSHA,5,239,47.8,False
qwen3.6_35b,Q4_Cauda_Longa,36385489,LINC01608,LINC00460,2,34,17.0,False
qwen3.6_35b,Q4_Cauda_Longa,30710292,S100Z,S100A1,7,132,18.857142857142858,False
qwen3.6_35b,Q4_Cauda_Longa,31709617,EIF3J-AS1,LINC00460,6,34,5.666666666666667,False
qwen3.6_35b,Q4_Cauda_Longa,9736780,ERDA1,ATL1,6,132,22.0,False
qwen3.6_35b,Q4_Cauda_Longa,22331267,SNORD30,SNORD28,5,5,1.0,False
qwen3.6_35b,Q4_Cauda_Longa,30394665,GAS6-AS2,LINC00460,4,34,8.5,False
qwen3.6_35b,Q4_Cauda_Longa,30468482,LINC00899,LINC00460,6,34,5.666666666666667,False
qwen3.6_35b,Q4_Cauda_Longa,31033124,SPATA31A3,PDC-E2,5,178,35.6,True
qwen3.6_35b,Q4_Cauda_Longa,36823542,ARL9,ARF3,5,137,27.4,False
qwen3.6_35b,Q4_Cauda_Longa,38099337,Linc00893,LINC00460,7,34,4.857142857142857,False
qwen3.6_35b,Q4_Cauda_Longa,38357893,TRG-AS1,LINC00460,4,34,8.5,False
qwen3.6_35b,Q4_Cauda_Longa,18060868,BMZF3,ZNF263,9,27,3.0,False
qwen3.6_35b,Q4_Cauda_Longa,29547645,POTEA,RAB11B,8,117,14.625,False
qwen3.6_35b,Q4_Cauda_Longa,34006929,miR-378c,miR-145,9,664,73.77777777777777,False
qwen3.6_35b,Q4_Cauda_Longa,37222961,miR-6720,miR-145,6,664,110.66666666666667,False
qwen3.6_35b,Q4_Cauda_Longa,22197932,ACTL9,IL13,10,740,74.0,False
qwen3.6_35b,Q4_Cauda_Longa,27114614,Ae4,SLC4A8,6,25,4.166666666666667,False
qwen3.6_35b,Q4_Cauda_Longa,32769488,FKBP9P1,LINC00460,5,34,6.8,False
qwen3.6_35b,Q4_Cauda_Longa,38225865,LINC01405,LINC00460,3,34,11.333333333333334,False
qwen3.6_35b,Q4_Cauda_Longa,22000014,linc-MD1,H19,7,570,81.42857142857143,False
qwen3.6_35b,Q4_Cauda_Longa,24530685,PTPLAD2,PTPLAD1,9,210,23.333333333333332,False
qwen3.6_35b,Q4_Cauda_Longa,26938303,LINC01225,LINC00460,7,34,4.857142857142857,False
qwen3.6_35b,Q4_Cauda_Longa,28418939,MIR378D2,LINC00460,7,34,4.857142857142857,False
qwen3.6_35b,Q4_Cauda_Longa,34453123,microRNA-548ac,miR-21,7,1580,225.71428571428572,False
qwen3.6_35b,Q4_Cauda_Longa,34944551,Galectin-16,LGALS1,4,566,141.5,False
qwen3.6_35b,Q4_Cauda_Longa,35667653,LINC00680,LINC00460,8,34,4.25,False
qwen3.6_35b,Q4_Cauda_Longa,23358633,CEACAM20,CEACAM6,6,132,22.0,False
qwen3.6_35b,Q4_Cauda_Longa,25720405,MTRNR2L12,SIRT1,7,1828,261.14285714285717,False
qwen3.6_35b,Q4_Cauda_Longa,27849024,LOC146880,LINC00460,7,34,4.857142857142857,False
qwen3.6_35b,Q4_Cauda_Longa,31289104,MIR30,CNTN5,5,27,5.4,True
qwen3.6_35b,Q4_Cauda_Longa,38503887,ZNF519,PINK1,9,511,56.77777777777778,False
qwen3.6_35b,Q4_Cauda_Longa,24056535,C6orf70,ARFGEF2,8,95,11.875,True
qwen3.6_35b,Q4_Cauda_Longa,28328537,LOC100129148,LINC00460,1,34,34.0,False
qwen3.6_35b,Q4_Cauda_Longa,31054777,LINC01288,LINC00460,2,34,17.0,False
qwen3.6_35b,Q4_Cauda_Longa,34337719,ENO1-IT1,LINC00460,1,34,34.0,False
qwen3.6_35b,Q4_Cauda_Longa,37009826,LINC00493,LINC00460,9,34,3.7777777777777777,False
qwen3.6_35b,Q4_Cauda_Longa,33314669,RAD51-AS1,LINC00460,7,34,4.857142857142857,False
qwen3.6_35b,Q4_Cauda_Longa,35935583,LINC01574,LINC00460,2,34,17.0,False
qwen3.6_35b,Q4_Cauda_Longa,38273714,LOC339803,LINC00460,4,34,8.5,False
qwen3.6_35b,Q4_Cauda_Longa,8812489,CRYBB2P1,CRYBB1,7,59,8.428571428571429,False
qwen3.6_35b,Q4_Cauda_Longa,28049826,PTCSC2,THOR,7,15,2.142857142857143,False
qwen3.6_35b,Q4_Cauda_Longa,28380328,MIR4697,SNCA,8,2255,281.875,False
qwen3.6_35b,Q4_Cauda_Longa,29913236,Linc01060,LINC00460,5,34,6.8,False
qwen3.6_35b,Q4_Cauda_Longa,35357586,LINC01088,LINC00460,5,34,6.8,False
qwen3.6_35b,Q4_Cauda_Longa,35874989,FAM66C,LINC00460,5,34,6.8,False
qwen3.6_35b,Q4_Cauda_Longa,1686016,SRD5AP1,SRD5A2,1,272,272.0,False
qwen3.6_35b,Q4_Cauda_Longa,25634023,OCT4 pseudogene 5,H19,4,570,142.5,False
qwen3.6_35b,Q4_Cauda_Longa,25854761,CCDC129,IL23R,8,415,51.875,False
qwen3.6_35b,Q4_Cauda_Longa,30936463,KCNE1B,KCNE2,2,94,47.0,False
qwen3.6_35b,Q4_Cauda_Longa,31847890,KLF3-AS1,LINC00460,6,34,5.666666666666667,False
qwen3.6_35b,Q4_Cauda_Longa,32352014,A2M-AS1,LINC00460,5,34,6.8,False
qwen3.6_35b,Q4_Cauda_Longa,32878637,LINC00301,LINC00460,5,34,6.8,False
qwen3.6_35b,Q4_Cauda_Longa,36553541,DFNA58,CNRIP1,2,35,17.5,True
qwen3.6_35b,Q4_Cauda_Longa,28082678,NKp65,CLEC12A,6,51,8.5,False
qwen3.6_35b,Q4_Cauda_Longa,30274775,OGFRP1,LINC00460,6,34,5.666666666666667,False
qwen3.6_35b,Q4_Cauda_Longa,34626132,PXN-AS1,TEAD1,7,161,23.0,False
qwen3.6_35b,Q4_Cauda_Longa,21156761,RPS12P4,PTPN22,2,590,295.0,False
qwen3.6_35b,Q4_Cauda_Longa,23105016,DTHD1,PRPF3,9,208,23.11111111111111,False
qwen3.6_35b,Q4_Cauda_Longa,32592116,C5orf47,C19orf5,2,97,48.5,False
qwen3.6_35b,Q4_Cauda_Longa,32727980,IDI2-AS1,HOTAIR,8,503,62.875,False
qwen3.6_35b,Q4_Cauda_Longa,1701012,GOR,p53,9,11629,1292.111111111111,False
qwen3.6_35b,Q4_Cauda_Longa,25116943,LCAL1,H19,5,570,114.0,False
qwen3.6_35b,Q4_Cauda_Longa,30219035,TUSC2P,PTENP1,4,45,11.25,False
qwen3.6_35b,Q4_Cauda_Longa,34593639,PRAMEF2,PRAME,6,168,28.0,True
qwen3.6_35b,Q4_Cauda_Longa,10684929,U83,U84,3,2,0.6666666666666666,True
qwen3.6_35b,Q4_Cauda_Longa,11896456,transmembrane protein 7,RASSF1,9,521,57.888888888888886,False
qwen3.6_35b,Q4_Cauda_Longa,38084631,PSMB8-AS1,LINC00460,8,34,4.25,False
qwen3.6_35b,Q4_Cauda_Longa,38309317,LINC00645,LINC00460,1,34,34.0,False
qwen3.6_35b,Q4_Cauda_Longa,38630521,STMND1,STOML2,3,225,75.0,False
qwen3.6_35b,Q4_Cauda_Longa,28212545,SNORA74B,SNORD50A,6,8,1.3333333333333333,False
qwen3.6_35b,Q4_Cauda_Longa,31514068,LINC01210,LINC00460,3,34,11.333333333333334,False
qwen3.6_35b,Q4_Cauda_Longa,34115333,A1BG-AS1,LINC00460,3,34,11.333333333333334,False
qwen3.6_35b,Q2_Medios,17389591,ASK1,TRAF2,333,117,0.35135135135135137,True
qwen3.6_35b,Q2_Medios,11522670,hepatocyte nuclear factor-1alpha,GCK,542,357,0.6586715867158671,False
qwen3.6_35b,Q2_Medios,20679491,Interferon consensus sequence binding protein,IRF1,168,398,2.369047619047619,False
qwen3.6_35b,Q2_Medios,21152410,STXBP2,STX11,101,65,0.6435643564356436,False
qwen3.6_35b,Q2_Medios,35485293,CX3CL1,IGF1,347,2076,5.982708933717579,False
qwen3.6_35b,Q2_Medios,36011324,Myeloperoxidase,MYD88,696,626,0.8994252873563219,False
qwen3.6_35b,Q2_Medios,1373877,JAK1,FLT3,535,835,1.560747663551402,False
qwen3.6_35b,Q2_Medios,17690039,death-associated protein kinase,CASP8,293,983,3.354948805460751,False
qwen3.6_35b,Q2_Medios,23102494,PGF,FLT1,429,834,1.944055944055944,False
qwen3.6_35b,Q2_Medios,19167348,MicroRNA-146a,miR-21,952,1580,1.6596638655462186,False
qwen3.6_35b,Q2_Medios,37738673,SOX2,FOXM1,818,683,0.8349633251833741,False
qwen3.6_35b,Q2_Medios,35489684,UCH37,USP13,182,122,0.6703296703296703,False
qwen3.6_35b,Q2_Medios,17333166,"SPINK1, -2, -4, and -5",SPINK4,261,13,0.04980842911877394,True
qwen3.6_35b,Q2_Medios,28373534,BSG,PRSS56,780,25,0.03205128205128205,False
qwen3.6_35b,Q2_Medios,23119111,CD30,Ki-67,237,1035,4.367088607594937,False
qwen3.6_35b,Q2_Medios,31866421,GAS5,LINC00460,264,34,0.12878787878787878,False
qwen3.6_35b,Q2_Medios,30242148,N-cadherin,Sox10,420,233,0.5547619047619048,False
qwen3.6_35b,Q2_Medios,17079677,Ataxin-3,AT3,333,1,0.003003003003003003,True
qwen3.6_35b,Q2_Medios,23717208,UCHL1,USP1,420,140,0.3333333333333333,False
qwen3.6_35b,Q2_Medios,19197262,INSIG2,FTO,119,1053,8.84873949579832,False
qwen3.6_35b,Q2_Medios,16168958,SR-BI,NTCP,404,113,0.27970297029702973,False
qwen3.6_35b,Q2_Medios,24948143,nephrin,APOL1,162,318,1.962962962962963,True
qwen3.6_35b,Q2_Medios,26193702,SOCS1,SOCS3,485,554,1.1422680412371133,False
qwen3.6_35b,Q2_Medios,34319046,XRCC2,XRCC4,185,291,1.572972972972973,False
qwen3.6_35b,Q2_Medios,37703315,MALAT1,HOTAIR,682,503,0.7375366568914956,False
qwen3.6_35b,Q2_Medios,17544371,TRAF1,TRAF6,242,875,3.615702479338843,False
qwen3.6_35b,Q2_Medios,26188124,mortalin-2,MDM2,573,2218,3.8708551483420592,False
qwen3.6_35b,Q2_Medios,12207353,ICOS,CTLA-4,191,1339,7.010471204188482,False
qwen3.6_35b,Q2_Medios,21474972,epithelial cell transforming sequence-2,ARHGEF1,164,120,0.7317073170731707,False
qwen3.6_35b,Q2_Medios,34311033,TRPC3,TRPC2,159,11,0.06918238993710692,False
qwen3.6_35b,Q2_Medios,26598275,BAG6,HSP90,308,1418,4.603896103896104,False
qwen3.6_35b,Q2_Medios,31001272,SATB1,BCL11B,234,114,0.48717948717948717,False
qwen3.6_35b,Q2_Medios,19674979,STAT4,PTPN22,310,590,1.903225806451613,True
qwen3.6_35b,Q2_Medios,37238605,Sirtuin 3,SIRT1,384,1828,4.760416666666667,False
qwen3.6_35b,Q2_Medios,31836669,GCN2,mTOR,148,2569,17.35810810810811,False
qwen3.6_35b,Q2_Medios,31002345,USP9X,USP30,364,67,0.18406593406593408,False
qwen3.6_35b,Q2_Medios,16403013,CD2BP2,SMYD3,140,138,0.9857142857142858,False
qwen3.6_35b,Q2_Medios,32044406,PRDM2,PTEN,101,2820,27.92079207920792,False
qwen3.6_35b,Q2_Medios,18952063,Cofilin,MLCK,510,185,0.3627450980392157,True
qwen3.6_35b,Q2_Medios,19309535,MAOA,DRD4,656,725,1.1051829268292683,False
qwen3.6_35b,Q2_Medios,25658015,CD49b,CD117,473,1173,2.4799154334038054,False
qwen3.6_35b,Q2_Medios,30828789,RIPK1,c-FLIP,551,402,0.7295825771324864,False
qwen3.6_35b,Q2_Medios,18295452,vascular endothelial growth factor-C,p53,497,11629,23.398390342052313,False
qwen3.6_35b,Q2_Medios,22869146,microRNA-205,MED1,278,109,0.3920863309352518,True
qwen3.6_35b,Q2_Medios,20340131,CADM1,CDH1,233,280,1.201716738197425,False
qwen3.6_35b,Q2_Medios,32912968,Nup153,Nup98,266,331,1.244360902255639,False
qwen3.6_35b,Q2_Medios,20438829,CHRNA5,CHRNA4,269,218,0.8104089219330854,False
qwen3.6_35b,Q2_Medios,36181054,PLK1,MELK,935,111,0.11871657754010695,True
qwen3.6_35b,Q2_Medios,20808827,SRF,EGR1,233,555,2.3819742489270386,False
qwen3.6_35b,Q2_Medios,27694898,Prefoldin 1,PFDN5,102,120,1.1764705882352942,False
qwen3.6_35b,Q3_Baixa_Popularidade,16858508,POU3F2,TAF1,69,247,3.579710144927536,False
qwen3.6_35b,Q3_Baixa_Popularidade,26196590,SLC22A18,LATS2,45,207,4.6,False
qwen3.6_35b,Q3_Baixa_Popularidade,37958512,ZNF714,ZNF217,18,108,6.0,False
qwen3.6_35b,Q3_Baixa_Popularidade,36115925,SPACA6,JUNO,12,9,0.75,False
qwen3.6_35b,Q3_Baixa_Popularidade,31395899,ANO5,FHL1,69,194,2.8115942028985508,False
qwen3.6_35b,Q3_Baixa_Popularidade,35618211,MAGEB2,MAGEA3,58,104,1.793103448275862,False
qwen3.6_35b,Q3_Baixa_Popularidade,26427795,CREB3L3,LPL,33,787,23.848484848484848,False
qwen3.6_35b,Q3_Baixa_Popularidade,24886551,SPCS1,GPR124,44,33,0.75,False
qwen3.6_35b,Q3_Baixa_Popularidade,27439112,Sema3C,Sema3F,82,79,0.9634146341463414,False
qwen3.6_35b,Q3_Baixa_Popularidade,32562573,PEAR1,CYP2C19,45,1111,24.68888888888889,False
qwen3.6_35b,Q3_Baixa_Popularidade,38142595,DMC1,RAD51,70,865,12.357142857142858,True
qwen3.6_35b,Q3_Baixa_Popularidade,26892079,MARCO,SR-AII,59,150,2.542372881355932,False
qwen3.6_35b,Q3_Baixa_Popularidade,27733563,KCNA2,KCNA1,93,100,1.075268817204301,False
qwen3.6_35b,Q3_Baixa_Popularidade,29620236,RGS1,RGS16,69,50,0.7246376811594203,False
qwen3.6_35b,Q3_Baixa_Popularidade,37950760,FIG4,MPZ,65,174,2.6769230769230767,False
qwen3.6_35b,Q3_Baixa_Popularidade,7493990,6-pyruvoyltetrahydropterin synthase,GCH1,87,227,2.6091954022988504,False
qwen3.6_35b,Q3_Baixa_Popularidade,30457983,ATPase II,ABCC4,51,247,4.8431372549019605,False
qwen3.6_35b,Q3_Baixa_Popularidade,9674711,HEK2,EPH,65,85,1.3076923076923077,True
qwen3.6_35b,Q3_Baixa_Popularidade,29550188,Eyes Shut Homolog,PRPH2,75,121,1.6133333333333333,False
qwen3.6_35b,Q3_Baixa_Popularidade,30092222,miR-190,miR-21,35,1580,45.142857142857146,False
qwen3.6_35b,Q3_Baixa_Popularidade,26977016,BATF2,p63,49,967,19.73469387755102,False
qwen3.6_35b,Q3_Baixa_Popularidade,36597175,SNIP1,ZEB1,89,656,7.370786516853933,False
qwen3.6_35b,Q3_Baixa_Popularidade,33852835,TIMMDC1,NDUFAF1,75,51,0.68,False
qwen3.6_35b,Q3_Baixa_Popularidade,30324420,NR2E3,PDE6C,70,37,0.5285714285714286,False
qwen3.6_35b,Q3_Baixa_Popularidade,38294104,TIM22,TIM23,33,84,2.5454545454545454,False
qwen3.6_35b,Q3_Baixa_Popularidade,24155910,NMNAT3,NMNAT,21,119,5.666666666666667,False
qwen3.6_35b,Q3_Baixa_Popularidade,36690276,nitric oxide synthase interacting protein,Mdm2,90,2218,24.644444444444446,False
qwen3.6_35b,Q3_Baixa_Popularidade,15477207,GPIX,GPIbalpha,43,353,8.209302325581396,True
qwen3.6_35b,Q3_Baixa_Popularidade,36830709,KIF12,PTEN,23,2820,122.6086956521739,False
qwen3.6_35b,Q3_Baixa_Popularidade,36434627,SPAG16,MMP3,26,794,30.53846153846154,False
qwen3.6_35b,Q3_Baixa_Popularidade,34650124,GNG7,ADCY3,49,79,1.6122448979591837,False
qwen3.6_35b,Q3_Baixa_Popularidade,29514856,Samp1,MAN1,74,131,1.7702702702702702,False
qwen3.6_35b,Q3_Baixa_Popularidade,29098769,galectin-12,GALNT1,17,75,4.411764705882353,False
qwen3.6_35b,Q3_Baixa_Popularidade,24223182,SPRY4-IT1,LINC00460,51,34,0.6666666666666666,False
qwen3.6_35b,Q3_Baixa_Popularidade,29175417,ESRRB,ESR2,68,1278,18.794117647058822,False
qwen3.6_35b,Q3_Baixa_Popularidade,36951484,USP32,USP2,55,153,2.7818181818181817,False
qwen3.6_35b,Q3_Baixa_Popularidade,26722434,Contactin 1,L1CAM,97,338,3.484536082474227,False
qwen3.6_35b,Q3_Baixa_Popularidade,18029424,KIN17,PARP1,72,1610,22.36111111111111,False
qwen3.6_35b,Q3_Baixa_Popularidade,15113825,H-PGDS,PTGDS,43,157,3.6511627906976742,False
qwen3.6_35b,Q3_Baixa_Popularidade,30962439,Vps13B,GARP,86,61,0.7093023255813954,True
qwen3.6_35b,Q3_Baixa_Popularidade,24190897,Soggy,DKK3,23,194,8.434782608695652,False
qwen3.6_35b,Q3_Baixa_Popularidade,20876810,UGT2B17,UGT2B7,98,205,2.0918367346938775,False
qwen3.6_35b,Q3_Baixa_Popularidade,29126969,SNHG16,LINC00460,97,34,0.35051546391752575,False
qwen3.6_35b,Q3_Baixa_Popularidade,20692050,Glypican-5,PTGER4,69,203,2.9420289855072466,False
qwen3.6_35b,Q3_Baixa_Popularidade,9211859,I-309,CCR8,76,75,0.9868421052631579,True
qwen3.6_35b,Q3_Baixa_Popularidade,17882223,KIR2DS3,KIR2DL1,99,170,1.7171717171717171,False
qwen3.6_35b,Q3_Baixa_Popularidade,20921899,CMKLR1,CCR2,91,553,6.076923076923077,False
qwen3.6_35b,Q3_Baixa_Popularidade,28759956,Fer-1-like protein 4,LINC00460,38,34,0.8947368421052632,False
qwen3.6_35b,Q3_Baixa_Popularidade,16617106,Su48,CEP192,57,100,1.7543859649122806,False
qwen3.6_35b,Q3_Baixa_Popularidade,17426099,PAX4,PDX1,76,104,1.368421052631579,False
qwen3.6_35b,Q3_Baixa_Popularidade,24899684,DDX43,DHX9,44,566,12.863636363636363,False
qwen3.6_35b,Q3_Baixa_Popularidade,10610721,ZIRTL,ZIP8,55,79,1.4363636363636363,False
qwen3.6_35b,Q3_Baixa_Popularidade,34781077,KIF15,HSP60,82,755,9.207317073170731,True
qwen3.6_35b,Q3_Baixa_Popularidade,29697486,ETV2,Etv6,32,330,10.3125,False
qwen3.6_35b,Q3_Baixa_Popularidade,28270545,TMEM165,PMM2,90,117,1.3,False
qwen3.6_35b,Q3_Baixa_Popularidade,24098452,CCNJ,PRKACA,17,745,43.8235294117647,False
qwen3.6_35b,Q3_Baixa_Popularidade,31285420,4-hydroxyphenylpyruvate dioxygenase,TAT,37,41,1.1081081081081081,False
qwen3.6_35b,Q3_Baixa_Popularidade,37189200,OTOF,USH1C,80,82,1.025,False
qwen3.6_35b,Q3_Baixa_Popularidade,35108062,CECR2,BRD4,34,524,15.411764705882353,False
qwen3.6_35b,Q3_Baixa_Popularidade,36693952,NRBP1,HER3,79,576,7.291139240506329,False
qwen3.6_35b,Q3_Baixa_Popularidade,38480859,MKRN1,LINC00460,58,34,0.5862068965517241,False
qwen3.6_35b,Q3_Baixa_Popularidade,31428887,WEE2,ZP3,19,60,3.1578947368421053,False
qwen3.6_35b,Q3_Baixa_Popularidade,22116073,DNMT3L,DAZ,55,76,1.3818181818181818,False
qwen3.6_35b,Q3_Baixa_Popularidade,33361334,FAM83F,FAM83H,21,112,5.333333333333333,False
qwen3.6_35b,Q3_Baixa_Popularidade,11564719,ESC42,TFF3,17,182,10.705882352941176,False
qwen3.6_35b,Q3_Baixa_Popularidade,38280429,FOXS1,ZEB1,25,656,26.24,False
qwen3.6_35b,Q3_Baixa_Popularidade,23041287,calcium-modulating cyclophilin ligand,SGTA,85,147,1.7294117647058824,False
qwen3.6_35b,Q3_Baixa_Popularidade,26137540,BCAM,CD44,98,1496,15.26530612244898,False
qwen3.6_35b,Q3_Baixa_Popularidade,26813458,TP53INP1,PTEN,70,2820,40.285714285714285,False
qwen3.6_35b,Q3_Baixa_Popularidade,27008867,C8ORF37,TTC21B,25,40,1.6,False
qwen3.6_35b,Q4_Cauda_Longa,36038548,LINC00239,LINC00460,4,34,8.5,False
qwen3.6_35b,Q4_Cauda_Longa,8001978,RPL7P,RPL7,2,344,172.0,True
qwen3.6_35b,Q4_Cauda_Longa,32445454,miR-3960,TP53,5,11629,2325.8,False
qwen3.6_35b,Q4_Cauda_Longa,36161911,TMEM95,IZUMO1,9,25,2.7777777777777777,False
qwen3.6_35b,Q4_Cauda_Longa,26078803,CXorf49,HSP60,2,755,377.5,True
qwen3.6_35b,Q4_Cauda_Longa,34407915,LINC00870,LINC00460,2,34,17.0,False
qwen3.6_35b,Q4_Cauda_Longa,18537981,GLC3B,GLC3A,2,592,296.0,False
qwen3.6_35b,Q4_Cauda_Longa,26230935,TODRA,ROCR,7,3,0.42857142857142855,False
qwen3.6_35b,Q4_Cauda_Longa,18364739,PSORS5,PSORS1,6,1113,185.5,True
qwen3.6_35b,Q4_Cauda_Longa,34019714,RBM5-AS1,H19,9,570,63.333333333333336,False
qwen3.6_35b,Q4_Cauda_Longa,33174047,LINC01535,LINC00460,5,34,6.8,False
qwen3.6_35b,Q4_Cauda_Longa,37848981,Linc00969,LINC00460,8,34,4.25,False
qwen3.6_35b,Q4_Cauda_Longa,21701570,TMEM212,PTPRJ,9,134,14.88888888888889,False
qwen3.6_35b,Q4_Cauda_Longa,26660633,SULT6B1,SULT2B1,9,76,8.444444444444445,True
qwen3.6_35b,Q4_Cauda_Longa,37225681,PAXIP1-AS1,LINC00460,5,34,6.8,False
qwen3.6_35b,Q4_Cauda_Longa,31300455,ZC3H11B,ZFHX1B,9,353,39.22222222222222,True
qwen3.6_35b,Q4_Cauda_Longa,28895409,ASAP1-IT1,LINC00460,5,34,6.8,False
qwen3.6_35b,Q4_Cauda_Longa,29700972,CTC-501O10.1,LINC00460,1,34,34.0,False
qwen3.6_35b,Q4_Cauda_Longa,18454873,PCAN1,NBS1,8,607,75.875,True
qwen3.6_35b,Q4_Cauda_Longa,10756099,pancreatic polypeptide-2,PPY,2,50,25.0,True
qwen3.6_35b,Q4_Cauda_Longa,33401249,FAM138B,RHOE,5,98,19.6,False
qwen3.6_35b,Q4_Cauda_Longa,2340091,NATP,NAT3,5,33,6.6,False
qwen3.6_35b,Q4_Cauda_Longa,34132072,LINC01508,LINC00460,3,34,11.333333333333334,False
qwen3.6_35b,Q4_Cauda_Longa,26291312,LUADT1,LINC00460,6,34,5.666666666666667,False
qwen3.6_35b,Q4_Cauda_Longa,32306523,RSF1-IT2,LINC00460,1,34,34.0,False
qwen3.6_35b,Q4_Cauda_Longa,31421822,EIF3J-AS1,LINC00460,6,34,5.666666666666667,False
qwen3.6_35b,Q4_Cauda_Longa,15820313,C14ORF19,C14ORF1,2,43,21.5,False
qwen3.6_35b,Q4_Cauda_Longa,33965958,ARAP1-AS1,LINC00460,9,34,3.7777777777777777,False
qwen3.6_35b,Q4_Cauda_Longa,38568442,HLA-F antisense RNA 1,LINC00460,8,34,4.25,False
qwen3.6_35b,Q4_Cauda_Longa,28034876,DTHD1,BCL2,9,2227,247.44444444444446,False
qwen3.6_35b,Q4_Cauda_Longa,32769868,miR-4293,MTHFD1,8,388,48.5,False
qwen3.6_35b,Q4_Cauda_Longa,32282962,Osteoclast stimulatory transmembrane protein,ZNF384,5,91,18.2,False
qwen3.6_35b,Q4_Cauda_Longa,29917257,MHRT,H19,7,570,81.42857142857143,False
qwen3.6_35b,Q4_Cauda_Longa,18669637,FGF-binding protein 3,hBP3,7,31,4.428571428571429,True
qwen3.6_35b,Q4_Cauda_Longa,32216054,LOC101928100,LINC00963,4,22,5.5,False
qwen3.6_35b,Q4_Cauda_Longa,24980697,PEG13,KCNQ1OT1,5,164,32.8,False
qwen3.6_35b,Q4_Cauda_Longa,33649783,RPLP0P2,H19,8,570,71.25,False
qwen3.6_35b,Q4_Cauda_Longa,29945347,GACAT3,LINC00460,9,34,3.7777777777777777,False
qwen3.6_35b,Q4_Cauda_Longa,26061759,MT-TF,MT-TL1,8,86,10.75,False
qwen3.6_35b,Q4_Cauda_Longa,32390603,miR-892a,miR-21,4,1580,395.0,False
qwen3.6_35b,Q4_Cauda_Longa,36149758,LINC00960,LINC00690,6,1,0.16666666666666666,True
qwen3.6_35b,Q4_Cauda_Longa,32351291,DNAH17-AS1,LINC00460,3,34,11.333333333333334,False
qwen3.6_35b,Q4_Cauda_Longa,37267865,SOCS2-AS1,LINC00460,9,34,3.7777777777777777,False
qwen3.6_35b,Q4_Cauda_Longa,32533688,LINC01207,LINC00460,7,34,4.857142857142857,False
qwen3.6_35b,Q4_Cauda_Longa,27779102,fatty acid-binding protein 9,FABP5,6,207,34.5,True
qwen3.6_35b,Q4_Cauda_Longa,36311770,METTL24,METTL1,4,68,17.0,False
qwen3.6_35b,Q4_Cauda_Longa,15607332,SLC5A9,SGLT5,9,18,2.0,False
qwen3.6_35b,Q4_Cauda_Longa,31115512,hsa-miR-623,miR-145,9,664,73.77777777777777,False
qwen3.6_35b,Q4_Cauda_Longa,12673650,MRX81,MRX29,1,104,104.0,False
qwen3.6_35b,Q4_Cauda_Longa,16644869,c1orf37-dup,TBC1D3,3,26,8.666666666666666,False
qwen3.6_35b,Q4_Cauda_Longa,30964168,microRNA-4301,miR-145,6,664,110.66666666666667,False
qwen3.6_35b,Q4_Cauda_Longa,15637721,TRICY1,TLC,1,88,88.0,False
qwen3.6_35b,Q4_Cauda_Longa,33236153,EZR-AS1,LINC00460,3,34,11.333333333333334,False
qwen3.6_35b,Q4_Cauda_Longa,22547800,LRRC38,LRRC58,4,19,4.75,False
qwen3.6_35b,Q4_Cauda_Longa,39254474,TFAP2A-AS1,LINC00460,7,34,4.857142857142857,False
qwen3.6_35b,Q4_Cauda_Longa,10535461,NIDDM2,INS,2,1034,517.0,False
qwen3.6_35b,Q4_Cauda_Longa,17103222,FAM71B,SNRNP25,9,21,2.3333333333333335,False
qwen3.6_35b,Q4_Cauda_Longa,36028821,Hsa-miR-1248,hsa-miR-635,8,7,0.875,True
qwen3.6_35b,Q4_Cauda_Longa,5365757,Stoltzfus blood group,KIR,2,41,20.5,False
qwen3.6_35b,Q4_Cauda_Longa,25645911,miR-3189,GDF15,9,649,72.11111111111111,True
qwen3.6_35b,Q4_Cauda_Longa,9073069,GPR20,GPR23,8,28,3.5,True
qwen3.6_35b,Q4_Cauda_Longa,34076977,TUSC8,LINC00460,8,34,4.25,False
qwen3.6_35b,Q4_Cauda_Longa,33505972,linc01013,LINC01133,7,34,4.857142857142857,False
qwen3.6_35b,Q4_Cauda_Longa,25448679,HEPN1,DDIT3,8,314,39.25,False
qwen3.6_35b,Q4_Cauda_Longa,38139448,SNORD81,SNORD72,5,2,0.4,False
qwen3.6_35b,Q4_Cauda_Longa,36726346,LINC00886,LINC00460,7,34,4.857142857142857,False
qwen3.6_35b,Q4_Cauda_Longa,31197235,LINC00284,LINC00460,5,34,6.8,False
qwen3.6_35b,Q4_Cauda_Longa,22094112,PANO,NPM1,2,1194,597.0,False
qwen3.6_35b,Q4_Cauda_Longa,31827084,XACT,XIST,5,263,52.6,False
qwen3.6_35b,Q4_Cauda_Longa,37582104,PAXIP1-AS1,LINC00460,5,34,6.8,False
qwen3.6_35b,Q4_Cauda_Longa,18458969,CMTX3,CMTX,3,245,81.66666666666667,True
qwen3.6_35b,Q4_Cauda_Longa,23948700,XACT,XIST,5,263,52.6,False
qwen3.6_35b,Q4_Cauda_Longa,31997261,LUNAR1,LINC00961,5,19,3.8,False
qwen3.6_35b,Q4_Cauda_Longa,38498586,SNHG18,LINC00460,9,34,3.7777777777777777,False
qwen3.6_35b,Q4_Cauda_Longa,35343265,LINC00092,LINC00460,6,34,5.666666666666667,False
qwen3.6_35b,Q4_Cauda_Longa,22643131,CTXN3,SLC12A5,8,82,10.25,False
qwen3.6_35b,Q4_Cauda_Longa,11486273,MS4A10,MS4A6A,9,28,3.111111111111111,True
qwen3.6_35b,Q4_Cauda_Longa,25432241,NATP,NAT3,5,33,6.6,True
qwen3.6_35b,Q4_Cauda_Longa,32130753,LOC100133669,LINC00460,4,34,8.5,False
qwen3.6_35b,Q4_Cauda_Longa,38493358,CLDN25,CLDN16,7,53,7.571428571428571,False
qwen3.6_35b,Q4_Cauda_Longa,37867401,LINC00501,LINC00460,3,34,11.333333333333334,False
qwen3.6_35b,Q4_Cauda_Longa,27649891,PRSS37,ACR,9,42,4.666666666666667,False
qwen3.6_35b,Q4_Cauda_Longa,11381029,CDRT15,CDRT2,6,1,0.16666666666666666,False
qwen3.6_35b,Q4_Cauda_Longa,34768622,C1orf127,DNAI1,9,40,4.444444444444445,True
qwen3.6_35b,Q4_Cauda_Longa,37079151,miR-3133,miR-145,5,664,132.8,False
qwen3.6_35b,Q4_Cauda_Longa,37248611,miR-5193,miR-145,7,664,94.85714285714286,False
qwen3.6_35b,Q4_Cauda_Longa,19401682,AUTS1,AUTS2,2,91,45.5,False
qwen3.6_35b,Q4_Cauda_Longa,24143882,KCNG2*rs62,KCNJ11,8,424,53.0,False
qwen3.6_35b,Q4_Cauda_Longa,12130684,FMO6,FMO4,7,18,2.5714285714285716,False
qwen3.6_35b,Q4_Cauda_Longa,11747429,S100Z,S100A11,7,159,22.714285714285715,False
qwen3.6_35b,Q4_Cauda_Longa,36918789,LSAMP-AS1,LINC00460,1,34,34.0,False
qwen3.6_35b,Q4_Cauda_Longa,37084822,LINC00486,LINC00460,6,34,5.666666666666667,False
qwen3.6_35b,Q4_Cauda_Longa,32364663,AATBC,LINC00460,5,34,6.8,False
qwen3.6_35b,Q4_Cauda_Longa,3446578,CSTP1,CST3,8,646,80.75,False
qwen3.6_35b,Q4_Cauda_Longa,24309098,MR1B,MR1,2,75,37.5,True
qwen3.6_35b,Q4_Cauda_Longa,14531651,Testis expressed sequence 13B,TEX14,7,29,4.142857142857143,False
qwen3.6_35b,Q4_Cauda_Longa,27272474,LINC00628,LINC00460,5,34,6.8,False
qwen3.6_35b,Q4_Cauda_Longa,32978449,LINC00336,SLC2A1,4,800,200.0,False
qwen3.6_35b,Q4_Cauda_Longa,31086376,PYCARD-AS1,LINC00460,1,34,34.0,False
qwen3.6_35b,Q4_Cauda_Longa,22894909,ZFAT-AS1,IPW,2,79,39.5,True
qwen3.6_35b,Q4_Cauda_Longa,29346528,FLJ22447,LINC00460,3,34,11.333333333333334,False
qwen3.6_35b,Q4_Cauda_Longa,32816024,miR-4454,LINC00460,9,34,3.7777777777777777,False
qwen3.6_35b,Q4_Cauda_Longa,34339392,SPRR2C,H19,8,570,71.25,False
qwen3.6_35b,Q4_Cauda_Longa,27748806,lncUSMycN,HOTTIP,4,103,25.75,False
qwen3.6_35b,Q4_Cauda_Longa,28450954,LOC389332,LINC00963,3,22,7.333333333333333,False
qwen3.6_35b,Q4_Cauda_Longa,22199321,BCRP1,BCRP,5,946,189.2,False
qwen3.6_35b,Q4_Cauda_Longa,26887505,miR-4767,API5,6,125,20.833333333333332,True
qwen3.6_35b,Q4_Cauda_Longa,40442284,RNU5B-1,RNU6-1,6,20,3.3333333333333335,False
qwen3.6_35b,Q4_Cauda_Longa,29866190,LINC00470,LINC00460,9,34,3.7777777777777777,False
qwen3.6_35b,Q4_Cauda_Longa,30131483,miR-718,miR-21,9,1580,175.55555555555554,True
qwen3.6_35b,Q4_Cauda_Longa,27572135,linc00598,LINC00460,6,34,5.666666666666667,False
qwen3.6_35b,Q4_Cauda_Longa,35300558,PTPRG-AS1,LINC00460,9,34,3.7777777777777777,False
qwen3.6_35b,Q4_Cauda_Longa,39300525,SNHG22,LINC00460,7,34,4.857142857142857,False
qwen3.6_35b,Q4_Cauda_Longa,33562724,BCRP1,BCRP,5,946,189.2,False
qwen3.6_35b,Q4_Cauda_Longa,29789536,GC-related lncRNA1,LINC00871,8,2,0.25,False
qwen3.6_35b,Q4_Cauda_Longa,36708020,DICER1-AS1,LINC00460,4,34,8.5,False
qwen3.6_35b,Q4_Cauda_Longa,20832056,SULT6B1,ZNF804A,9,140,15.555555555555555,False
qwen3.6_35b,Q4_Cauda_Longa,32914196,SPATA42,LINC00460,1,34,34.0,False
qwen3.6_35b,Q4_Cauda_Longa,28338236,hsa-mir-1293,hsa-mir-3199-1,8,3,0.375,False
qwen3.6_35b,Q4_Cauda_Longa,25410892,Otos,GSTM1,9,2270,252.22222222222223,False
qwen3.6_35b,Q4_Cauda_Longa,35679761,SNHG22,LINC00460,7,34,4.857142857142857,False
qwen3.6_35b,Q4_Cauda_Longa,31331909,FAM225A,LINC00460,7,34,4.857142857142857,False
qwen3.6_35b,Q4_Cauda_Longa,22265842,MSLNL,MSLN,5,179,35.8,False
qwen3.6_35b,Q4_Cauda_Longa,12032737,ERDA1,DMPK,6,177,29.5,False
qwen3.6_35b,Q4_Cauda_Longa,26003415,PPIEL,SNRPN,8,156,19.5,False
qwen3.6_35b,Q4_Cauda_Longa,31280115,LINC00639,LINC00963,2,22,11.0,False
qwen3.6_35b,Q4_Cauda_Longa,33179755,LINC00861,LINC00460,3,34,11.333333333333334,False
qwen3.6_35b,Q4_Cauda_Longa,31158361,TONSL-AS1,LINC00460,4,34,8.5,False
qwen3.6_35b,Q4_Cauda_Longa,15701600,MBD3L2,MBD3L,8,14,1.75,False
qwen3.6_35b,Q4_Cauda_Longa,31702382,LINC00974,LINC00460,6,34,5.666666666666667,False
qwen3.6_35b,Q4_Cauda_Longa,34851809,TH2LCRR,IL13,2,740,370.0,True
qwen3.6_35b,Q4_Cauda_Longa,38568058,LINC00524,LINC00460,1,34,34.0,False
qwen3.6_35b,Q4_Cauda_Longa,18325041,DFNB45,DFNB12,1,99,99.0,False
qwen3.6_35b,Q4_Cauda_Longa,35184643,Long intergenic non-protein coding RNA 115,LINC00460,5,34,6.8,False
qwen3.6_35b,Q4_Cauda_Longa,9790502,BVR1,MYC,2,2704,1352.0,True
qwen3.6_35b,Q4_Cauda_Longa,26458771,Tifab,RBM15,8,165,20.625,False
qwen3.6_35b,Q4_Cauda_Longa,33299501,FAM225B,LINC00460,8,34,4.25,False
qwen3.6_35b,Q4_Cauda_Longa,20068295,PXT1,PEX14,5,107,21.4,False
qwen3.6_35b,Q4_Cauda_Longa,36856111,LINC00992,LINC00460,5,34,6.8,False
qwen3.6_35b,Q4_Cauda_Longa,35088190,Linc00852,LINC00460,7,34,4.857142857142857,False
qwen3.6_35b,Q4_Cauda_Longa,20837016,LST-3TM12,ABCG8,7,137,19.571428571428573,True
qwen3.6_35b,Q4_Cauda_Longa,9466987,GTF2IP1,GTF2IRD1,6,68,11.333333333333334,False
qwen3.6_35b,Q4_Cauda_Longa,28926089,LINC00968,LINC00460,9,34,3.7777777777777777,False
qwen3.6_35b,Q4_Cauda_Longa,23533661,C7ORF29,ZBED7,9,30,3.3333333333333335,False
qwen3.6_35b,Q4_Cauda_Longa,30991076,LINC01207,LINC00460,7,34,4.857142857142857,False
qwen3.6_35b,Q4_Cauda_Longa,19030898,DFNA59,DFNA12,1,50,50.0,False
qwen3.6_35b,Q4_Cauda_Longa,33006432,FAM225A,LINC00460,7,34,4.857142857142857,False
qwen3.6_35b,Q4_Cauda_Longa,21921028,Carboxypeptidase O,CPA4,8,41,5.125,False
qwen3.6_35b,Q4_Cauda_Longa,30463107,LINC00309,DCD,1,233,233.0,False
qwen3.6_35b,Q4_Cauda_Longa,23495172,C18orf62,ZNF407,8,25,3.125,True
qwen3.6_35b,Q4_Cauda_Longa,27787509,DINO,PANDA,5,30,6.0,False
qwen3.6_35b,Q4_Cauda_Longa,30944027,MIR2052HG,LINC00460,6,34,5.666666666666667,False
qwen3.6_35b,Q4_Cauda_Longa,37752588,miR-1286,miR-145,8,664,83.0,False
qwen3.6_35b,Q4_Cauda_Longa,35687049,LINC01614,LINC00460,9,34,3.7777777777777777,False
qwen3.6_35b,Q4_Cauda_Longa,9106664,U72,U65,4,4,1.0,False
qwen3.6_35b,Q4_Cauda_Longa,27412763,DUXB,ZIC2,6,82,13.666666666666666,False
qwen3.6_35b,Q4_Cauda_Longa,37960753,LINC01600,LINC00460,9,34,3.7777777777777777,False
qwen3.6_35b,Q4_Cauda_Longa,30809827,FABP12,EPS8L3,9,23,2.5555555555555554,True
qwen3.6_35b,Q4_Cauda_Longa,34617815,LINC00683,LINC00460,3,34,11.333333333333334,False
qwen3.6_35b,Q4_Cauda_Longa,38787854,MAMDC4,AMOT,9,195,21.666666666666668,True
qwen3.6_35b,Q4_Cauda_Longa,30787392,LINC00336,LINC00460,4,34,8.5,False
qwen3.6_35b,Q4_Cauda_Longa,10922056,UBC4,UbcH10,4,268,67.0,False
qwen3.6_35b,Q4_Cauda_Longa,32572878,Linc00703,LINC00460,4,34,8.5,False
qwen3.6_35b,Q4_Cauda_Longa,23419616,ASBEL,ANRIL,5,325,65.0,False
qwen3.6_35b,Q4_Cauda_Longa,8293999,TRMEP1,TRPM1,1,61,61.0,False
qwen3.6_35b,Q4_Cauda_Longa,31982037,NHEG1,LINC00460,3,34,11.333333333333334,False
qwen3.6_35b,Q4_Cauda_Longa,36841801,LINC00543,LINC00460,2,34,17.0,False
qwen3.6_35b,Q4_Cauda_Longa,37263619,LRRC75A,CXCL12,8,1471,183.875,False
qwen3.6_35b,Q4_Cauda_Longa,16769699,SLED1,G1P2,4,289,72.25,True
qwen3.6_35b,Q4_Cauda_Longa,37955081,LINC01569,LINC00460,2,34,17.0,False
qwen3.6_35b,Q4_Cauda_Longa,32585413,miR-5703,miR-21,4,1580,395.0,False
qwen3.6_35b,Q4_Cauda_Longa,28904974,MiR-3148,miR-21,7,1580,225.71428571428572,False
qwen3.6_35b,Q4_Cauda_Longa,36490268,CCDC175,PAX6,7,424,60.57142857142857,False
qwen3.6_35b,Q4_Cauda_Longa,11672774,HMGIYL1,HMGIY,3,452,150.66666666666666,True
qwen3.6_35b,Q4_Cauda_Longa,34789312,SNHG25,LINC00460,8,34,4.25,False
qwen3.6_35b,Q4_Cauda_Longa,12213198,TPM3L2,TMOD3,3,170,56.666666666666664,False
qwen3.6_35b,Q4_Cauda_Longa,9674898,DFNB17,DFNB15,2,23,11.5,False
qwen3.6_35b,Q4_Cauda_Longa,20877624,acyl-CoA synthetase medium-chain family member 4,COX10,8,30,3.75,False
qwen3.6_35b,Q4_Cauda_Longa,34308874,ATFB5,PITX2,3,226,75.33333333333333,False
qwen3.6_35b,Q4_Cauda_Longa,23303384,FONG,FTCD,9,30,3.3333333333333335,False
qwen3.6_35b,Q4_Cauda_Longa,34253104,LINC00942,LINC00460,3,34,11.333333333333334,False
qwen3.6_35b,Q4_Cauda_Longa,30429477,ARHGEF33,ARHGEF1,7,120,17.142857142857142,False
qwen3.6_35b,Q4_Cauda_Longa,32311343,LINC00612,LINC00460,5,34,6.8,False
qwen3.6_35b,Q4_Cauda_Longa,34787047,prostate cancer-associated transcript 18,LINC00460,7,34,4.857142857142857,False
qwen3.6_35b,Q4_Cauda_Longa,9545647,TUFML,TUFM,1,329,329.0,True
qwen3.6_35b,Q4_Cauda_Longa,25298122,STL,RNF217,3,19,6.333333333333333,True
qwen3.6_35b,Q4_Cauda_Longa,30914197,LOC730100,LINC00460,7,34,4.857142857142857,False
qwen3.6_35b,Q4_Cauda_Longa,17849013,GC-D,Gucy2d,5,107,21.4,True
qwen3.6_35b,Q4_Cauda_Longa,21345374,Airn,H19,8,570,71.25,False
qwen3.6_35b,Q4_Cauda_Longa,27342777,SOCS2-AS1,PCAT1,9,62,6.888888888888889,False
qwen3.6_35b,Q4_Cauda_Longa,34268074,LOC100505851,LINC00460,3,34,11.333333333333334,False
qwen3.6_35b,Q4_Cauda_Longa,37199315,LPP-AS2,LINC00460,5,34,6.8,False
qwen3.6_35b,Q4_Cauda_Longa,33566867,olfactory receptor family 51 subfamily j member 1,OR4F29,5,4,0.8,False
qwen3.6_35b,Q4_Cauda_Longa,23768067,C6orf70,Xrn2,8,244,30.5,False
qwen3.6_35b,Q4_Cauda_Longa,31730902,ID2-AS1,LINC00460,5,34,6.8,False
qwen3.6_35b,Q4_Cauda_Longa,17143515,MOST-1,C19orf10,4,57,14.25,False
qwen3.6_35b,Q4_Cauda_Longa,35546168,MIR181A1HG,H19,6,570,95.0,False
qwen3.6_35b,Q4_Cauda_Longa,23050561,OCA5,TYR,1,229,229.0,False
qwen3.6_35b,Q4_Cauda_Longa,27460352,PCAT-14,LINC00460,4,34,8.5,False
qwen3.6_35b,Q4_Cauda_Longa,31442606,LINC00997,LINC00460,3,34,11.333333333333334,False
qwen3.6_35b,Q4_Cauda_Longa,10231026,Elk2,ELK1,5,11,2.2,True
qwen3.6_35b,Q4_Cauda_Longa,15958501,DFNA53,DFNA14,1,264,264.0,False
qwen3.6_35b,Q4_Cauda_Longa,24908062,RP11-462C24.1,LINC00460,9,34,3.7777777777777777,False
qwen3.6_35b,Q4_Cauda_Longa,14676822,SULT6B1,SULT2A1,9,95,10.555555555555555,False
qwen3.6_35b,Q4_Cauda_Longa,13130513,PSZA11q14,ZNF804A,2,140,70.0,False
qwen3.6_35b,Q4_Cauda_Longa,29145177,CPS1-IT1,LINC00460,6,34,5.666666666666667,False
qwen3.6_35b,Q4_Cauda_Longa,24141781,DUNQU1,LINC00460,1,34,34.0,False
qwen3.6_35b,Q4_Cauda_Longa,28622593,linc00462,HULC,2,96,48.0,False
qwen3.6_35b,Q4_Cauda_Longa,37976029,OTX2-AS1,LINC00460,8,34,4.25,False
qwen3.6_35b,Q4_Cauda_Longa,37661873,LOC100130460,LINC00460,8,34,4.25,False
qwen3.6_35b,Q4_Cauda_Longa,25842979,lncTCF7,H19,5,570,114.0,False
qwen3.6_35b,Q4_Cauda_Longa,30496345,CCDC144NL-AS1,LINC00460,4,34,8.5,False
qwen3.6_35b,Q4_Cauda_Longa,32749762,ERICD,LINC00460,2,34,17.0,False
qwen3.6_35b,Q4_Cauda_Longa,9159141,BCL8,BCL6,6,436,72.66666666666667,False
qwen3.6_35b,Q4_Cauda_Longa,14962666,MESTIT1,TSGA10,4,39,9.75,False
qwen3.6_35b,Q4_Cauda_Longa,21667337,C9orf69,HNRNPK,7,646,92.28571428571429,False
qwen3.6_35b,Q4_Cauda_Longa,33771634,LINC01235,LINC00460,4,34,8.5,False
qwen3.6_35b,Q4_Cauda_Longa,28534360,microRNA-933,MIR196A2,9,234,26.0,False
qwen3.6_35b,Q4_Cauda_Longa,1682866,His-1,Gin-1,2,16,8.0,True
qwen3.6_35b,Q4_Cauda_Longa,24906397,lncUSMycN,LINC00460,4,34,8.5,False
qwen3.6_35b,Q4_Cauda_Longa,30443961,SCARNA2,LINC00460,8,34,4.25,False
qwen3.6_35b,Q4_Cauda_Longa,31894485,miR-2053,miR-21,6,1580,263.3333333333333,False
qwen3.6_35b,Q4_Cauda_Longa,28336556,MicroRNA-548p,miR-122,3,434,144.66666666666666,False
qwen3.6_35b,Q4_Cauda_Longa,16174644,ARSH,ARSE,3,31,10.333333333333334,False
qwen3.6_35b,Q4_Cauda_Longa,26210449,miR-3651,LINC00460,8,34,4.25,False
qwen3.6_35b,Q4_Cauda_Longa,15526294,MRX82,MRX3,1,301,301.0,False
qwen3.6_35b,Q4_Cauda_Longa,29095316,LOC102724340,PTCHD1,1,19,19.0,False
qwen3.6_35b,Q4_Cauda_Longa,15676287,BEYLA,BPY2,3,15,5.0,True
qwen3.6_35b,Q4_Cauda_Longa,30317610,gastric cancer-associated transcript 3,LINC00460,9,34,3.7777777777777777,False
qwen3.6_35b,Q4_Cauda_Longa,18347022,GPR20,GPR119,8,33,4.125,False
qwen3.6_35b,Q4_Cauda_Longa,36552724,OR10A3,OR51E2,8,31,3.875,False
qwen3.6_35b,Q4_Cauda_Longa,37175615,miR-4669,miR-21,5,1580,316.0,False
qwen3.6_35b,Q4_Cauda_Longa,30998289,LINC00504,LINC00460,6,34,5.666666666666667,False
qwen3.6_35b,Q4_Cauda_Longa,23118302,MS4A4E,PLA2G7,8,337,42.125,True
qwen3.6_35b,Q4_Cauda_Longa,38293907,UBAP1L,UBAP2L,6,215,35.833333333333336,False
qwen3.6_35b,Q4_Cauda_Longa,37801987,betaTrCP1,FBXO11,1,122,122.0,False
qwen3.6_35b,Q4_Cauda_Longa,38553452,SNHG26,LINC00460,4,34,8.5,False
qwen3.6_35b,Q4_Cauda_Longa,36182945,miR-1268a,miR-21,5,1580,316.0,False
qwen3.6_35b,Q4_Cauda_Longa,29367600,Transmembrane protein 170B,DKK3,4,194,48.5,False
qwen3.6_35b,Q4_Cauda_Longa,34527595,WAC-AS1,LINC00460,7,34,4.857142857142857,False
qwen3.6_35b,Q4_Cauda_Longa,22272736,RNase 8,RNASE10,6,9,1.5,False
qwen3.6_35b,Q4_Cauda_Longa,20228798,IL17REL,PTGER4,7,203,29.0,False
qwen3.6_35b,Q4_Cauda_Longa,37854295,AZGP1P2,LINC00963,5,22,4.4,False
qwen3.6_35b,Q4_Cauda_Longa,11836362,DYX3,DCDC2,2,92,46.0,False
qwen3.6_35b,Q4_Cauda_Longa,33910210,LINC01061,LINC00460,7,34,4.857142857142857,False
qwen3.6_35b,Q4_Cauda_Longa,33968966,LINC00847,LINC00460,9,34,3.7777777777777777,False
qwen3.6_35b,Q4_Cauda_Longa,11863364,PPP2R5CP,PPP2R5C,1,128,128.0,True
qwen3.6_35b,Q4_Cauda_Longa,32525601,LINC00853,LINC00460,6,34,5.666666666666667,False
qwen3.6_35b,Q4_Cauda_Longa,32841353,miR-4454,miR-21,9,1580,175.55555555555554,False
qwen3.6_35b,Q4_Cauda_Longa,38651944,NKAIN1,NKAIN2,9,23,2.5555555555555554,False
qwen3.6_35b,Q1_Super_Populares,27122154,HIF-1alpha,IGF2BP2,3911,440,0.11250319611352595,False
qwen3.6_35b,Q1_Super_Populares,31216373,IL-10,IL-6,3484,5468,1.5694603903559128,False
qwen3.6_35b,Q1_Super_Populares,22355348,VEGFA,C3,5214,759,0.14556962025316456,False
qwen3.6_35b,Q1_Super_Populares,25231232,heme oxygenase-1,Bcl-2,1207,2227,1.8450704225352113,False
qwen3.6_35b,Q1_Super_Populares,21245169,BRCA1,p53,3456,11629,3.364872685185185,True
qwen3.6_35b,Q1_Super_Populares,8881045,IL10,HFE,3484,1002,0.2876004592422503,False
qwen3.6_35b,Q1_Super_Populares,32572911,CXCR4,IGF2BP2,2180,440,0.2018348623853211,False
qwen3.6_35b,Q1_Super_Populares,12666851,Methylene tetrahydrofolate reductase,LPA,3864,514,0.13302277432712215,False
qwen3.6_35b,Q1_Super_Populares,27626171,RHOA,CD44,1175,1496,1.2731914893617022,True
qwen3.6_35b,Q1_Super_Populares,23733877,Bcl-2,FOXP3,2227,1171,0.5258194881005838,False
qwen3.6_35b,Q1_Super_Populares,26351321,ABCB1,ABCG2,2567,946,0.36852356836774447,False
qwen3.6_35b,Q1_Super_Populares,28463527,PARP-1,TOP1,1610,536,0.33291925465838507,False
qwen3.6_35b,Q1_Super_Populares,25704763,ERK1/2,ERK,1498,2345,1.5654205607476634,False
qwen3.6_35b,Q1_Super_Populares,39390397,FTO,IGF2BP1,1053,438,0.41595441595441596,False
qwen3.6_35b,Q1_Super_Populares,17014845,p53,ERK,11629,2345,0.20165104480178864,False
qwen3.6_35b,Q1_Super_Populares,15539626,interleukin-1beta,IL6,3216,5468,1.7002487562189055,False
qwen3.6_35b,Q1_Super_Populares,18752908,catechol-O-methyltransferase,VDR,2081,2492,1.1975012013455069,False
qwen3.6_35b,Q1_Super_Populares,19861239,cJun,CREM,1330,149,0.11203007518796992,False
qwen3.6_35b,Q1_Super_Populares,26676749,STAT1,STAT,1158,175,0.15112262521588946,True
qwen3.6_35b,Q1_Super_Populares,22178589,BRAF,HER2,2752,3357,1.2198401162790697,True
qwen3.6_35b,Q1_Super_Populares,31700144,HIF-1alpha,VEGF,3911,5214,1.3331628739452825,False
qwen3.6_35b,Q1_Super_Populares,20430366,IL-6,IL10,5468,3484,0.6371616678858815,False
qwen3.6_35b,Q1_Super_Populares,33973090,PTEN,BCL2,2820,2227,0.7897163120567375,False
qwen3.6_35b,Q1_Super_Populares,34520285,CXCL12,STAT3,1471,3707,2.520054384772264,False
qwen3.6_35b,Q1_Super_Populares,11513739,focal adhesion kinase,p130Cas,1103,290,0.2629193109700816,False
qwen3.6_35b,Q1_Super_Populares,31691174,TERT,MYC,2104,2704,1.285171102661597,False
qwen3.6_35b,Q1_Super_Populares,35686958,IL-6,TNF,5468,6448,1.179224579370885,False
qwen3.6_35b,Q1_Super_Populares,20952070,IL10,IL-27,3484,19,0.0054535017221584384,True
qwen3.6_35b,Q1_Super_Populares,20730487,BRCA1/2,BRCA1,2214,3456,1.5609756097560976,False
qwen3.6_35b,Q1_Super_Populares,27436342,mutL homolog-1,MSH2,1112,944,0.8489208633093526,False
qwen3.6_35b,Q1_Super_Populares,31983166,CXCR4,CD44,2180,1496,0.6862385321100918,False
qwen3.6_35b,Q1_Super_Populares,16249002,monocyte chemoattractant protein-1,p47phox,1642,201,0.12241169305724726,False
qwen3.6_35b,Q1_Super_Populares,15380464,C-reactive protein,SERPINE1,2459,1549,0.6299308662057747,False
qwen3.6_35b,Q1_Super_Populares,16273766,Interleukin-18,IFNG,1191,2159,1.8127623845507976,False
qwen3.6_35b,Q1_Super_Populares,23173169,GSTM1,GSTP1,2270,1727,0.7607929515418502,False
qwen3.6_35b,Q1_Super_Populares,17634443,histone deacetylase 1,JMJD3,1343,168,0.12509307520476545,False
qwen3.6_35b,Q1_Super_Populares,30320499,MDM2,RPL5,2218,385,0.17357980162308387,True
qwen3.6_35b,Q1_Super_Populares,25222025,Interleukin-1beta,IL-10,3216,3484,1.0833333333333333,False
qwen3.6_35b,Q1_Super_Populares,12714503,CD44,syndecan,1496,440,0.29411764705882354,False
qwen3.6_35b,Q1_Super_Populares,20453884,Hdm2,TRIM27,2218,185,0.08340847610459874,False
qwen3.6_35b,Q1_Super_Populares,18485092,VWF,eNOS,1035,2192,2.1178743961352655,False
qwen3.6_35b,Q1_Super_Populares,38064387,NF-kappaB,cagA,3397,534,0.15719752722990873,True
qwen3.6_35b,Q1_Super_Populares,22484242,TNF-alpha,IL-6,6448,5468,0.848014888337469,False
qwen3.6_35b,Q1_Super_Populares,3895297,c-K-ras,ALK,3056,837,0.27388743455497383,False
qwen3.6_35b,Q1_Super_Populares,32581210,LMNA,TTN,1094,474,0.43327239488117003,False
qwen3.6_35b,Q1_Super_Populares,25937083,ERK1/2,ERK,1498,2345,1.5654205607476634,True
qwen3.6_35b,Q1_Super_Populares,28074071,CXCL12,IL-6,1471,5468,3.717199184228416,False
qwen3.6_35b,Q1_Super_Populares,31861475,Enhancer of Zeste Homolog 2,MELK,1554,111,0.07142857142857142,True
qwen3.6_35b,Q1_Super_Populares,26242266,c-Met,PTEN,1421,2820,1.9845179451090782,False
qwen3.6_35b,Q1_Super_Populares,10072545,monocyte chemoattractant protein-1,eotaxin-3,1642,111,0.06760048721071864,False
qwen3.6_35b,Q1_Super_Populares,22532139,Bcl-2,FasL,2227,706,0.31701841041760215,False
qwen3.6_35b,Q2_Medios,22665368,MTRR,MTHFD1,391,388,0.9923273657289002,False
qwen3.6_35b,Q2_Medios,31897529,BMP2,RUNX2,738,641,0.8685636856368564,False
qwen3.6_35b,Q2_Medios,9790499,Bub1,MAD2,187,354,1.893048128342246,False
qwen3.6_35b,Q2_Medios,20031582,HMGCR,SLCO1B1,250,410,1.64,False
qwen3.6_35b,Q2_Medios,37578983,HUWE1,Parkin,421,992,2.356294536817102,True
qwen3.6_35b,Q2_Medios,36978108,Act1,NFKBIA,102,723,7.088235294117647,False
qwen3.6_35b,Q2_Medios,19112177,Histidine triad nucleotide-binding protein 1,PTEN,155,2820,18.193548387096776,False
qwen3.6_35b,Q2_Medios,26429332,MANF,ARTD1,113,1610,14.247787610619469,False
qwen3.6_35b,Q2_Medios,27895089,CHOP,JNK,314,1060,3.375796178343949,False
qwen3.6_35b,Q2_Medios,31210283,KCNQ1OT1,LINC00460,164,34,0.2073170731707317,False
qwen3.6_35b,Q2_Medios,24127536,DUOX2,TSHR,135,392,2.903703703703704,False
qwen3.6_35b,Q2_Medios,37715430,DUSP1,LINC00460,263,34,0.12927756653992395,False
qwen3.6_35b,Q2_Medios,20495894,CEBPA,NPM1,553,1194,2.159132007233273,False
qwen3.6_35b,Q2_Medios,24940653,CD63,CD82,252,238,0.9444444444444444,False
qwen3.6_35b,Q2_Medios,34601763,Syk,Lck,591,564,0.9543147208121827,False
qwen3.6_35b,Q2_Medios,28650561,PTPN11,RAF1,947,712,0.7518479408658922,False
qwen3.6_35b,Q2_Medios,18547691,IL-4Ralpha,IL-13,480,740,1.5416666666666667,False
qwen3.6_35b,Q2_Medios,36129598,ANRIL,LINC00460,325,34,0.10461538461538461,False
qwen3.6_35b,Q2_Medios,34564711,E2F1,UBE2T,970,119,0.12268041237113401,True
qwen3.6_35b,Q2_Medios,37415738,KMT2C,KMT2A,177,724,4.090395480225989,False
qwen3.6_35b,Q2_Medios,24219598,Cytokeratin-19,CA-125,363,382,1.0523415977961432,False
qwen3.6_35b,Q2_Medios,35802146,NEDD4L,RNF5,395,97,0.24556962025316456,False
qwen3.6_35b,Q2_Medios,16135717,TNFB,TNF,598,6448,10.782608695652174,False
qwen3.6_35b,Q2_Medios,16843266,JAK3,JAK2,276,1813,6.568840579710145,False
qwen3.6_35b,Q2_Medios,19265433,manganese superoxide dismutase,SOD1,986,1331,1.3498985801217038,False
qwen3.6_35b,Q2_Medios,31180492,FANCD2,ATR,356,107,0.300561797752809,False
qwen3.6_35b,Q2_Medios,29288523,C-C motif ligand 5,CXCL12,821,1471,1.7917174177831912,False
qwen3.6_35b,Q2_Medios,20061558,DJ-1,c-Jun,576,1330,2.3090277777777777,False
qwen3.6_35b,Q2_Medios,26404773,PKCalpha,TRPC6,982,231,0.23523421588594703,True
qwen3.6_35b,Q2_Medios,29514980,Pyruvate kinase M2,CDK1,859,1218,1.4179278230500583,False
qwen3.6_35b,Q2_Medios,34842180,CHFR,RNF2,118,265,2.2457627118644066,False
qwen3.6_35b,Q2_Medios,35220397,Atg13,ATG5,122,276,2.262295081967213,False
qwen3.6_35b,Q2_Medios,30431128,cIAP2,SIRT1,310,1828,5.896774193548387,False
qwen3.6_35b,Q2_Medios,31770286,Drp1,CD44,467,1496,3.2034261241970023,False
qwen3.6_35b,Q2_Medios,24517461,TSHR,FCGR3A,392,494,1.260204081632653,False
qwen3.6_35b,Q2_Medios,11278247,BARD1,BRCA2,319,2214,6.940438871473354,False
qwen3.6_35b,Q2_Medios,30805710,CD133,CD24,631,322,0.5103011093502378,False
qwen3.6_35b,Q2_Medios,18978792,PRKCQ,PTPN2,244,253,1.0368852459016393,False
qwen3.6_35b,Q2_Medios,37960731,Splicing factor proline- and glutamine-rich,IGF2BP1,468,438,0.9358974358974359,False
qwen3.6_35b,Q2_Medios,38290548,RPS20,RPS10,287,260,0.9059233449477352,False
qwen3.6_35b,Q2_Medios,33896830,uPA,KLK1,594,126,0.21212121212121213,False
qwen3.6_35b,Q2_Medios,21823217,MYL2,TNNT2,110,448,4.072727272727272,False
qwen3.6_35b,Q2_Medios,10713183,p21-activated kinase 1,Pak6,575,74,0.12869565217391304,False
qwen3.6_35b,Q2_Medios,32202508,ITGA2,ZEB1,473,656,1.386892177589852,False
qwen3.6_35b,Q2_Medios,30177839,GADD45alpha,p53,212,11629,54.85377358490566,True
qwen3.6_35b,Q2_Medios,23470693,CXCR1,FOS,244,532,2.180327868852459,False
qwen3.6_35b,Q2_Medios,8262218,PACE4,PC7,107,64,0.5981308411214953,False
qwen3.6_35b,Q2_Medios,28099888,Delta-like 1 homolog,JAG1,188,362,1.925531914893617,False
qwen3.6_35b,Q2_Medios,7592693,c-Cbl,Shc,790,593,0.7506329113924051,False
qwen3.6_35b,Q2_Medios,9520398,RbAp48,Rb,454,1426,3.140969162995595,False
qwen3.6_35b,Q2_Medios,24162852,LIMP-2,CD36,148,548,3.7027027027027026,True
qwen3.6_35b,Q2_Medios,11058587,Ep-CAM,TACSTD2,366,172,0.46994535519125685,False
qwen3.6_35b,Q2_Medios,31412244,TOM40,VDAC1,235,433,1.8425531914893618,False
qwen3.6_35b,Q2_Medios,23676682,GAS5,MALAT1,264,682,2.5833333333333335,False
qwen3.6_35b,Q2_Medios,24717336,Interleukin-6 receptor,CRP,518,1,0.0019305019305019305,True
qwen3.6_35b,Q2_Medios,20098747,NEMO,TRAF6,563,875,1.5541740674955595,False
qwen3.6_35b,Q2_Medios,40209957,GLUT2,SLC2A9,119,172,1.4453781512605042,False
qwen3.6_35b,Q2_Medios,30459150,KDM4B,JMJD1A,111,131,1.1801801801801801,False
qwen3.6_35b,Q2_Medios,33789112,DDX56,DDX5,135,541,4.007407407407407,False
qwen3.6_35b,Q2_Medios,23221578,IRS1,FADS2,659,253,0.38391502276176026,False
qwen3.6_35b,Q2_Medios,32464244,IL12B,CARD9,601,125,0.2079866888519135,False
qwen3.6_35b,Q2_Medios,35379950,CoREST,REST,188,276,1.4680851063829787,True
qwen3.6_35b,Q2_Medios,22976623,PAX9,IRF6,123,202,1.6422764227642277,False
qwen3.6_35b,Q2_Medios,23344954,Ku80,Ku70,720,754,1.0472222222222223,False
qwen3.6_35b,Q2_Medios,25562151,miR-34a,miR-21,766,1580,2.06266318537859,False
qwen3.6_35b,Q2_Medios,32692720,Mst1,PINK1,106,511,4.820754716981132,False
qwen3.6_35b,Q2_Medios,27519415,Ciapin1,Grx5,102,49,0.4803921568627451,False
qwen3.6_35b,Q2_Medios,26507355,EFTUD2,PRPF8,324,386,1.191358024691358,False
qwen3.6_35b,Q2_Medios,26432333,miR-222,miR-21,286,1580,5.524475524475524,False
qwen3.6_35b,Q2_Medios,28465494,IRF-2,IRF8,110,168,1.5272727272727273,False
qwen3.6_35b,Q2_Medios,23660400,COCH,KCNA3,100,141,1.41,False
qwen3.6_35b,Q2_Medios,24304270,TPH2,SLC6A4,295,2401,8.138983050847457,False
qwen3.6_35b,Q2_Medios,18294255,NPPA,GSTP1,315,1727,5.482539682539683,False
qwen3.6_35b,Q2_Medios,16628003,AIF,PARP-1,470,45,0.09574468085106383,True
qwen3.6_35b,Q2_Medios,2153284,placental alkaline phosphatase,CD59,117,290,2.4786324786324787,False
qwen3.6_35b,Q2_Medios,20717968,profilin-1,TRIO,368,137,0.37228260869565216,True
qwen3.6_35b,Q2_Medios,21690060,tissue factor,TNF-alpha,649,6448,9.935285053929121,False
qwen3.6_35b,Q2_Medios,33109615,Galpha13,GNA12,178,131,0.7359550561797753,False
qwen3.6_35b,Q2_Medios,10580505,PI3Kgamma,PI3K,451,1725,3.8248337028824833,True
qwen3.6_35b,Q2_Medios,34073604,SIRT6,FOXO3,368,807,2.192934782608696,False
qwen3.6_35b,Q2_Medios,24468472,CETP,ABCG1,707,189,0.26732673267326734,False
qwen3.6_35b,Q2_Medios,34868829,ANRIL,LINC00460,325,34,0.10461538461538461,False
qwen3.6_35b,Q2_Medios,20368990,erythropoietin,VEGF,474,5214,11.0,True
qwen3.6_35b,Q2_Medios,38279209,AQP9,AQP8,119,85,0.7142857142857143,False
qwen3.6_35b,Q2_Medios,27348078,glycyl-tRNA synthetase,MARS,198,233,1.1767676767676767,False
qwen3.6_35b,Q2_Medios,18937499,IFN-alpha2,IFN-alpha,186,377,2.0268817204301075,False
qwen3.6_35b,Q2_Medios,29801457,M-CSF,IRF-8,285,168,0.5894736842105263,False
qwen3.6_35b,Q2_Medios,17335815,CUB domain containing protein 1,CD44,119,1496,12.571428571428571,False
qwen3.6_35b,Q3_Baixa_Popularidade,28077445,IFIX,p62,19,172,9.052631578947368,False
qwen3.6_35b,Q3_Baixa_Popularidade,23820837,SLC6A15,BDNF,79,2560,32.40506329113924,False
qwen3.6_35b,Q3_Baixa_Popularidade,21321083,SUV420H2,SETDB1,36,201,5.583333333333333,False
qwen3.6_35b,Q3_Baixa_Popularidade,19656157,BCSC-1,CDH1,23,280,12.173913043478262,False
qwen3.6_35b,Q3_Baixa_Popularidade,18588884,Arl2,RP2,98,42,0.42857142857142855,True
qwen3.6_35b,Q3_Baixa_Popularidade,10773663,KIF4B,KIF4,23,170,7.391304347826087,False
qwen3.6_35b,Q3_Baixa_Popularidade,22570476,Dna2,FEN1,86,348,4.046511627906977,True
qwen3.6_35b,Q3_Baixa_Popularidade,15750039,DNAI1,DNAH9,40,47,1.175,True
qwen3.6_35b,Q3_Baixa_Popularidade,12759139,Leukotactin-1,RANTES,65,821,12.63076923076923,False
qwen3.6_35b,Q3_Baixa_Popularidade,16516155,spermatogenesis-related gene,uPAR,24,644,26.833333333333332,True
qwen3.6_35b,Q3_Baixa_Popularidade,31141496,miR-498,miR-140,41,266,6.487804878048781,False
qwen3.6_35b,Q3_Baixa_Popularidade,21743456,Pinkbar,IRSp53,15,188,12.533333333333333,False
qwen3.6_35b,Q3_Baixa_Popularidade,34644148,F-box protein 42,FBXW7,40,618,15.45,False
qwen3.6_35b,Q3_Baixa_Popularidade,34548489,PTBP2,PTBP1,97,514,5.298969072164948,True
qwen3.6_35b,Q3_Baixa_Popularidade,29534718,SPSB1,Smad7,54,408,7.555555555555555,False
qwen3.6_35b,Q3_Baixa_Popularidade,15304482,KCNQ2-5,KCNQ2,87,188,2.160919540229885,True
qwen3.6_35b,Q3_Baixa_Popularidade,32434038,ASRGL1,NGLY1,41,82,2.0,False
qwen3.6_35b,Q3_Baixa_Popularidade,33791682,TMEM218,CEP290,15,173,11.533333333333333,False
qwen3.6_35b,Q3_Baixa_Popularidade,17588684,HOXC9,E2F1,51,970,19.019607843137255,False
qwen3.6_35b,Q3_Baixa_Popularidade,22902175,ATAT1,TAT,50,41,0.82,False
qwen3.6_35b,Q3_Baixa_Popularidade,35021853,mdig,ACE2,96,1724,17.958333333333332,True
qwen3.6_35b,Q3_Baixa_Popularidade,23349863,AROS,SIRT2,62,314,5.064516129032258,False
qwen3.6_35b,Q3_Baixa_Popularidade,19998449,BAMBI,THBS1,64,631,9.859375,True
qwen3.6_35b,Q3_Baixa_Popularidade,22920728,Rab31,Rab27a,68,193,2.838235294117647,False
qwen3.6_35b,Q3_Baixa_Popularidade,24608966,VTI1A,BCL11B,66,114,1.7272727272727273,False
qwen3.6_35b,Q3_Baixa_Popularidade,38193993,7SK,U1,55,22,0.4,False
qwen3.6_35b,Q3_Baixa_Popularidade,26888427,Ndufc2,NDUFA1,53,36,0.6792452830188679,False
qwen3.6_35b,Q3_Baixa_Popularidade,24378532,PLEKHG2,Tiam1,35,196,5.6,False
qwen3.6_35b,Q3_Baixa_Popularidade,30323624,UROC28,ZEB1,12,656,54.666666666666664,False
qwen3.6_35b,Q3_Baixa_Popularidade,11118034,PSGR,GPRC6A,31,37,1.1935483870967742,False
qwen3.6_35b,Q3_Baixa_Popularidade,21533545,HIC1,RASSF1,89,521,5.853932584269663,False
qwen3.6_35b,Q3_Baixa_Popularidade,30787304,PHLDA3,DCC,29,158,5.448275862068965,False
qwen3.6_35b,Q3_Baixa_Popularidade,23995790,CKIP-1,RUNX2,65,641,9.861538461538462,False
qwen3.6_35b,Q3_Baixa_Popularidade,38309700,ZNF335,ACE2,32,1724,53.875,False
qwen3.6_35b,Q3_Baixa_Popularidade,27079220,TRPV3,TRPV4,83,316,3.8072289156626504,False
qwen3.6_35b,Q3_Baixa_Popularidade,20817722,NPAS2,CLOCK,86,315,3.6627906976744184,True
qwen3.6_35b,Q3_Baixa_Popularidade,36399257,LINC01089,LINC00460,13,34,2.6153846153846154,False
qwen3.6_35b,Q3_Baixa_Popularidade,29240020,FGF18,DCDC2,59,92,1.5593220338983051,False
qwen3.6_35b,Q3_Baixa_Popularidade,19259094,MAGE-A1,BRCA1,94,3456,36.765957446808514,False
qwen3.6_35b,Q3_Baixa_Popularidade,23788032,CPEB1,YBX1,65,777,11.953846153846154,False
qwen3.6_35b,Q3_Baixa_Popularidade,34048708,LSECtin,CLEC4M,32,131,4.09375,False
qwen3.6_35b,Q3_Baixa_Popularidade,22455811,POU3F4,TMC1,53,62,1.169811320754717,False
qwen3.6_35b,Q3_Baixa_Popularidade,15883036,eferin,PDE4D,54,258,4.777777777777778,False
qwen3.6_35b,Q3_Baixa_Popularidade,9281592,chondroadherin,COMP,17,197,11.588235294117647,False
qwen3.6_35b,Q3_Baixa_Popularidade,21732829,RSPO2,WNT5A,66,482,7.303030303030303,False
qwen3.6_35b,Q3_Baixa_Popularidade,32139259,TMPO-AS1,LINC00460,20,34,1.7,False
qwen3.6_35b,Q3_Baixa_Popularidade,19558318,"KLK2, 3, 13, and 14",KLK1,44,126,2.8636363636363638,True
qwen3.6_35b,Q3_Baixa_Popularidade,31386624,AGAP2,ARHGAP5,66,70,1.0606060606060606,False
qwen3.6_35b,Q3_Baixa_Popularidade,24177169,CD94,KLRC2,84,74,0.8809523809523809,False
qwen3.6_35b,Q3_Baixa_Popularidade,26987071,TULP1,RPE65,49,135,2.7551020408163267,False
qwen3.6_35b,Q3_Baixa_Popularidade,20463552,STXBP5,RGS1,59,69,1.1694915254237288,False
qwen3.6_35b,Q3_Baixa_Popularidade,18195106,syntaxin 10,STX4,53,132,2.490566037735849,False
qwen3.6_35b,Q3_Baixa_Popularidade,27218269,Spexin,GDF15,37,649,17.54054054054054,False
qwen3.6_35b,Q3_Baixa_Popularidade,22028245,mucin 9,MUC2,27,204,7.555555555555555,False
qwen3.6_35b,Q3_Baixa_Popularidade,10455022,Rab6C,Rab6A,29,183,6.310344827586207,False
qwen3.6_35b,Q3_Baixa_Popularidade,34086889,GPR34,LPA1,31,127,4.096774193548387,False
qwen3.6_35b,Q3_Baixa_Popularidade,22426282,Pbx3,Pbx1,86,194,2.255813953488372,True
qwen3.6_35b,Q3_Baixa_Popularidade,15034568,CDC91L1,PIG-K,64,81,1.265625,False
qwen3.6_35b,Q3_Baixa_Popularidade,38649821,SOX2OT,LINC00460,63,34,0.5396825396825397,False
qwen3.6_35b,Q3_Baixa_Popularidade,15906478,ATP5G1,ATP6V0D2,46,31,0.6739130434782609,False
qwen3.6_35b,Q3_Baixa_Popularidade,32426838,LINC00657,LINC00460,97,34,0.35051546391752575,False
qwen3.6_35b,Q3_Baixa_Popularidade,15595951,RBMY,DAZ,50,76,1.52,False
qwen3.6_35b,Q3_Baixa_Popularidade,28370702,SMYD2,SETD7,93,145,1.5591397849462365,False
qwen3.6_35b,Q3_Baixa_Popularidade,16849634,GPD1,IRS1,45,659,14.644444444444444,False
qwen3.6_35b,Q3_Baixa_Popularidade,24268521,claudin-11,ZO-1,54,441,8.166666666666666,False
qwen3.6_35b,Q3_Baixa_Popularidade,21521691,NEU4,NEU3,32,72,2.25,False
qwen3.6_35b,Q3_Baixa_Popularidade,22108903,TNFRSF17,NOS2,81,18,0.2222222222222222,False
qwen3.6_35b,Q3_Baixa_Popularidade,18343808,cellular retinol binding protein 1,CYP26A1,89,62,0.6966292134831461,False
qwen3.6_35b,Q3_Baixa_Popularidade,30705403,PRRX1,PAX6,76,424,5.578947368421052,False
qwen3.6_35b,Q3_Baixa_Popularidade,32179649,ZNT6,ZNT4,65,40,0.6153846153846154,False
qwen3.6_35b,Q3_Baixa_Popularidade,8798479,glia maturation factor,RC3,40,74,1.85,False
qwen3.6_35b,Q3_Baixa_Popularidade,28790179,CCDC103,DNAH11,24,56,2.3333333333333335,False
qwen3.6_35b,Q3_Baixa_Popularidade,19005416,properdin,C5,92,307,3.3369565217391304,False
qwen3.6_35b,Q3_Baixa_Popularidade,31406142,SPANXB1,NY-ESO-1,22,116,5.2727272727272725,False
qwen3.6_35b,Q3_Baixa_Popularidade,23687348,UBE3B,HECW2,44,44,1.0,False
qwen3.6_35b,Q3_Baixa_Popularidade,7916003,CD79 alpha,CGM8,90,2,0.022222222222222223,False
qwen3.6_35b,Q3_Baixa_Popularidade,32655569,Helios,Foxp3,83,1171,14.108433734939759,True
qwen3.6_35b,Q3_Baixa_Popularidade,23953852,SGOL1,CHRNA5,91,269,2.956043956043956,False
qwen3.6_35b,Q3_Baixa_Popularidade,35145093,KRT82,KRT25,23,18,0.782608695652174,False
qwen3.6_35b,Q3_Baixa_Popularidade,20139089,ClC-3,ANO1,95,238,2.5052631578947366,False
qwen3.6_35b,Q3_Baixa_Popularidade,20952760,EphB6,EphA2,86,456,5.3023255813953485,False
qwen3.6_35b,Q3_Baixa_Popularidade,20693981,TIMP-4,CD151,74,185,2.5,False
qwen3.6_35b,Q3_Baixa_Popularidade,40982696,MIB2,RIG-I,66,625,9.469696969696969,False
qwen3.6_35b,Q3_Baixa_Popularidade,12089149,CT2,OCTN2,30,200,6.666666666666667,False
qwen3.6_35b,Q3_Baixa_Popularidade,30583076,Med19,LINC00460,79,34,0.43037974683544306,False
qwen3.6_35b,Q3_Baixa_Popularidade,33466733,MBNL2,IGF2BP1,48,438,9.125,False
qwen3.6_35b,Q3_Baixa_Popularidade,23217148,Rab27B,Rab27a,85,193,2.2705882352941176,False
qwen3.6_35b,Q3_Baixa_Popularidade,26563945,CRAM-A,ACKR3,31,285,9.193548387096774,False
qwen3.6_35b,Q3_Baixa_Popularidade,31732561,AREL1,HECTD4,27,48,1.7777777777777777,False
qwen3.6_35b,Q3_Baixa_Popularidade,29278703,Lhx2,LHX7,38,40,1.0526315789473684,False
qwen3.6_35b,Q3_Baixa_Popularidade,35840934,LZTR1,SMARCB1,75,532,7.093333333333334,False
qwen3.6_35b,Q3_Baixa_Popularidade,26123324,MIR137HG,miR-137,14,252,18.0,False
qwen3.6_35b,Q3_Baixa_Popularidade,35022017,TSPAN12,PAX6,61,424,6.950819672131147,False
qwen3.6_35b,Q3_Baixa_Popularidade,11804591,KRC,SKR,49,60,1.2244897959183674,False
qwen3.6_35b,Q3_Baixa_Popularidade,27630294,PRKX,WNT2,30,98,3.2666666666666666,False
qwen3.6_35b,Q3_Baixa_Popularidade,30189201,SETD6,SETD7,30,145,4.833333333333333,False
qwen3.6_35b,Q3_Baixa_Popularidade,30515917,NLRP6,NOD2,54,1001,18.537037037037038,False
qwen3.6_35b,Q3_Baixa_Popularidade,15950745,leukocyte-associated Ig-like receptor-1,PD-1,95,1252,13.178947368421053,False
qwen3.6_35b,Q3_Baixa_Popularidade,16216958,Corin,NPR3,83,90,1.0843373493975903,False
qwen3.6_35b,Q3_Baixa_Popularidade,24367057,PIGW,PIGA,19,69,3.6315789473684212,False
qwen3.6_35b,Q3_Baixa_Popularidade,24547928,TULP1,CRB1,49,117,2.3877551020408165,False
qwen3.6_35b,Q3_Baixa_Popularidade,30684280,LINC00520,LINC00460,17,34,2.0,False
qwen3.6_35b,Q3_Baixa_Popularidade,33203694,SKAP2,CD247,56,264,4.714285714285714,False
qwen3.6_35b,Q3_Baixa_Popularidade,31959200,LINC01234,LINC00460,23,34,1.4782608695652173,False
qwen3.6_35b,Q3_Baixa_Popularidade,25641372,LTBP4,LAMA2,83,135,1.6265060240963856,False
qwen3.6_35b,Q3_Baixa_Popularidade,28390114,Transmembrane 9 Superfamily 3,ZEB1,89,656,7.370786516853933,False
qwen3.6_35b,Q3_Baixa_Popularidade,28981099,SNHG20,H19,29,570,19.655172413793103,False
qwen3.6_35b,Q3_Baixa_Popularidade,30429198,miR584,miR,42,77,1.8333333333333333,False
qwen3.6_35b,Q3_Baixa_Popularidade,28013291,SLC44A4,CHRNA1,35,77,2.2,False
qwen3.6_35b,Q3_Baixa_Popularidade,26010150,UGT1A4,UGT1A6,94,133,1.4148936170212767,False
qwen3.6_35b,Q3_Baixa_Popularidade,34338998,ARHGAP6,PTEN,25,2820,112.8,False
qwen3.6_35b,Q3_Baixa_Popularidade,34624206,ZNF558,ZNF563,16,11,0.6875,False
qwen3.6_35b,Q3_Baixa_Popularidade,19461657,C18orf1,PACSIN2,31,121,3.903225806451613,False
qwen3.6_35b,Q3_Baixa_Popularidade,26993346,FAM46A,PTPRK,46,89,1.934782608695652,False
qwen3.6_35b,Q3_Baixa_Popularidade,35606285,CDH16,CDH1,27,280,10.37037037037037,False
qwen3.6_35b,Q3_Baixa_Popularidade,40127622,DTX3,FBXW7,33,618,18.727272727272727,False
qwen3.6_35b,Q3_Baixa_Popularidade,34857952,DUSP4,DUSP5,93,60,0.6451612903225806,False
qwen3.6_35b,Q3_Baixa_Popularidade,21214542,NKp46,NKG2D,97,412,4.247422680412371,False
qwen3.6_35b,Q3_Baixa_Popularidade,30053862,TP53RK,OPRK1,59,133,2.2542372881355934,False
qwen3.6_35b,Q3_Baixa_Popularidade,21577013,GUCY2C,PTPRN2,64,59,0.921875,False
qwen3.6_35b,Q3_Baixa_Popularidade,27782152,HULC,H19,96,570,5.9375,False
qwen3.6_35b,Q3_Baixa_Popularidade,26036949,DNAH14,PIGA,29,69,2.3793103448275863,False
qwen3.6_35b,Q3_Baixa_Popularidade,7913891,HOXB3,HOXB4,47,70,1.4893617021276595,False
qwen3.6_35b,Q3_Baixa_Popularidade,30912129,SOX21-AS1,LINC00460,21,34,1.619047619047619,False
qwen3.6_35b,Q3_Baixa_Popularidade,35139106,NKX3-2,SMAD5,25,165,6.6,False
qwen3.6_35b,Q3_Baixa_Popularidade,24474429,progesterone-induced blocking factor,PD-L1,97,2649,27.309278350515463,False
qwen3.6_35b,Q3_Baixa_Popularidade,11719522,diacylglycerol kinase beta,DGKZ,41,89,2.1707317073170733,False
qwen3.6_35b,Q3_Baixa_Popularidade,19523119,Abl-interactor-2,CASK,83,199,2.397590361445783,True
qwen3.6_35b,Q3_Baixa_Popularidade,32911886,galectin-10,ECP,46,130,2.8260869565217392,False
qwen3.6_35b,Q3_Baixa_Popularidade,38201288,Synaptopodin-2,ZASP,48,49,1.0208333333333333,False
qwen3.6_35b,Q3_Baixa_Popularidade,25970784,PTPRG,PTEN,90,2820,31.333333333333332,False
qwen3.6_35b,Q3_Baixa_Popularidade,14676191,Mo25,Par-6,75,86,1.1466666666666667,True
qwen3.6_35b,Q3_Baixa_Popularidade,10611343,p75,CD33L,56,26,0.4642857142857143,False
qwen3.6_35b,Q4_Cauda_Longa,32459848,BRCAT54,LINC00460,8,34,4.25,False
qwen3.6_35b,Q4_Cauda_Longa,21668797,ANKFN1,CHRNA5,9,269,29.88888888888889,False
qwen3.6_35b,Q4_Cauda_Longa,36002354,MIR3117,MIR146A,8,952,119.0,False
qwen3.6_35b,Q4_Cauda_Longa,37612290,C12ORF40,RNF212,8,14,1.75,False
qwen3.6_35b,Q4_Cauda_Longa,15485837,TRAP2,RIP1,5,136,27.2,False
qwen3.6_35b,Q4_Cauda_Longa,36195720,NAP1L6,LINC00460,4,34,8.5,False
qwen3.6_35b,Q4_Cauda_Longa,36933158,miR4458HG,LINC00460,3,34,11.333333333333334,False
qwen3.6_35b,Q4_Cauda_Longa,35487060,DCAF8L2,DDB1,9,669,74.33333333333333,True
qwen3.6_35b,Q4_Cauda_Longa,29601440,HCG14,LINC00460,1,34,34.0,False
qwen3.6_35b,Q4_Cauda_Longa,29864963,miR-610,miR-145,9,664,73.77777777777777,False
qwen3.6_35b,Q4_Cauda_Longa,29424901,TUC338,LINC00460,9,34,3.7777777777777777,False
qwen3.6_35b,Q4_Cauda_Longa,36715854,CEBPA-AS1,LINC00460,9,34,3.7777777777777777,False
qwen3.6_35b,Q4_Cauda_Longa,36952069,TGFBR3L,GPR54,6,133,22.166666666666668,False
qwen3.6_35b,Q4_Cauda_Longa,24606728,RNU6B,U6,7,20,2.857142857142857,True
qwen3.6_35b,Q4_Cauda_Longa,31679434,UBE2QL1,UBE2N,9,385,42.77777777777778,False
qwen3.6_35b,Q4_Cauda_Longa,18505454,USH1H,USH1F,2,128,64.0,False
qwen3.6_35b,Q4_Cauda_Longa,36252997,LINC00624,LINC00460,6,34,5.666666666666667,False
qwen3.6_35b,Q4_Cauda_Longa,30177388,microRNA-4316,miR-145,5,664,132.8,False
qwen3.6_35b,Q4_Cauda_Longa,30956130,IgLON5,LRRN1,5,40,8.0,False
qwen3.6_35b,Q4_Cauda_Longa,1882841,CRIPTO,CR-1,7,120,17.142857142857142,True
qwen3.6_35b,Q4_Cauda_Longa,11571554,DFNA30,DFNA11,1,163,163.0,False
qwen3.6_35b,Q4_Cauda_Longa,29207070,DIO3OS,LINC00460,5,34,6.8,False
qwen3.6_35b,Q4_Cauda_Longa,28618313,MIR4646,MIR137,4,252,63.0,False
qwen3.6_35b,Q4_Cauda_Longa,29202958,ZNF676,PILRB,6,28,4.666666666666667,False
qwen3.6_35b,Q4_Cauda_Longa,37654102,MT-TW,MT-TK,9,22,2.4444444444444446,False
qwen3.6_35b,Q4_Cauda_Longa,34884733,TRU-TCA1-1,SBP2,4,76,19.0,False
qwen3.6_35b,Q4_Cauda_Longa,35715331,LINC01559,LINC00460,8,34,4.25,False
qwen3.6_35b,Q4_Cauda_Longa,31045494,Cerox1,LINC00460,3,34,11.333333333333334,False
qwen3.6_35b,Q4_Cauda_Longa,12634859,DFNA47,DFNA15,1,46,46.0,False
qwen3.6_35b,Q4_Cauda_Longa,33322837,Reprimo-Like,RPRD1A,4,59,14.75,False
qwen3.6_35b,Q4_Cauda_Longa,41315668,C5orf66-AS1,LINC00460,6,34,5.666666666666667,False
qwen3.6_35b,Q4_Cauda_Longa,31170957,LINC00311,LINC00460,5,34,6.8,False
qwen3.6_35b,Q4_Cauda_Longa,16982625,Tctex2beta,DLC1,8,187,23.375,False
qwen3.6_35b,Q4_Cauda_Longa,39014929,USP30-AS1,LINC00460,7,34,4.857142857142857,False
qwen3.6_35b,Q4_Cauda_Longa,31332380,LOC642361,NOTCH2NLC,4,28,7.0,True
qwen3.6_35b,Q4_Cauda_Longa,39278369,FAM230B,LINC00460,9,34,3.7777777777777777,False
qwen3.6_35b,Q4_Cauda_Longa,11313754,DFNA18,DFNA10,2,96,48.0,False
qwen3.6_35b,Q4_Cauda_Longa,28957321,ZNF404,FGFR2,9,717,79.66666666666667,False
qwen3.6_35b,Q4_Cauda_Longa,34830378,LINC01010,LINC00460,5,34,6.8,False
qwen3.6_35b,Q4_Cauda_Longa,30905893,LINC00202,LINC00460,3,34,11.333333333333334,False
qwen3.6_35b,Q4_Cauda_Longa,31800155,SH2D6,CAPG,6,96,16.0,True
qwen3.6_35b,Q4_Cauda_Longa,25317109,APeg3,Usp25,4,114,28.5,False
qwen3.6_35b,Q4_Cauda_Longa,21980299,LOC154449,C6orf10,4,53,13.25,False
qwen3.6_35b,Q4_Cauda_Longa,35219381,CTD-2256P15.2,LINC00460,1,34,34.0,False
qwen3.6_35b,Q4_Cauda_Longa,10644448,PI8L1,PI10,3,20,6.666666666666667,True
qwen3.6_35b,Q4_Cauda_Longa,26308446,C22orf42,PDE10A,8,71,8.875,False
qwen3.6_35b,Q4_Cauda_Longa,28134766,IQCJ,FADS2,9,253,28.11111111111111,False
qwen3.6_35b,Q4_Cauda_Longa,21103834,PRO2268,PTPN22,2,590,295.0,False
qwen3.6_35b,Q4_Cauda_Longa,35156520,LINC00525,LINC00460,9,34,3.7777777777777777,False
qwen3.6_35b,Q4_Cauda_Longa,37620336,LINC00880,LINC00460,3,34,11.333333333333334,False
qwen3.6_35b,Q4_Cauda_Longa,30399588,LINC01510,LINC00460,8,34,4.25,False
qwen3.6_35b,Q4_Cauda_Longa,10100857,MYCL2,MYCL1,8,52,6.5,True
qwen3.6_35b,Q4_Cauda_Longa,15358210,DP58,p47phox,8,201,25.125,False
qwen3.6_35b,Q4_Cauda_Longa,34927228,miR-3648,miR-21,9,1580,175.55555555555554,False
qwen3.6_35b,Q4_Cauda_Longa,22394158,DRGX,GRIK1,6,73,12.166666666666666,True
qwen3.6_35b,Q4_Cauda_Longa,35759180,LINC01013,LINC00467,7,35,5.0,False
qwen3.6_35b,Q4_Cauda_Longa,38697447,FIBIN,ZNF671,7,16,2.2857142857142856,False
qwen3.6_35b,Q4_Cauda_Longa,26468016,TGFBR3L,LMO1,6,56,9.333333333333334,False
qwen3.6_35b,Q4_Cauda_Longa,33252198,RACGAP1P,LINC00460,3,34,11.333333333333334,False
qwen3.6_35b,Q4_Cauda_Longa,30266405,OLFML1,OLFM4,8,101,12.625,False
qwen3.6_35b,Q4_Cauda_Longa,27391432,Yiya,HULC,3,96,32.0,False
qwen3.6_35b,Q4_Cauda_Longa,21044875,SLC15A5,SLC10A5,7,7,1.0,False
qwen3.6_35b,Q4_Cauda_Longa,27874091,HMGA1P7,HMGA1P1,5,3,0.6,False
qwen3.6_35b,Q4_Cauda_Longa,24882193,PER4,APOB,2,955,477.5,True
qwen3.6_35b,Q4_Cauda_Longa,10524237,ADAM20,ADAM12,8,233,29.125,False
qwen3.6_35b,Q4_Cauda_Longa,31680049,LINC00540,LAMA1,3,110,36.666666666666664,False
qwen3.6_35b,Q4_Cauda_Longa,22275255,C1orf192,MPZ,8,174,21.75,True
qwen3.6_35b,Q4_Cauda_Longa,9177776,ribosomal protein L3 homologous,RPL3,2,359,179.5,True
qwen3.6_35b,Q4_Cauda_Longa,32236626,ZNF710,ZEB1,9,656,72.88888888888889,False
qwen3.6_35b,Q4_Cauda_Longa,34766250,KRT18P55,H19,6,570,95.0,False
qwen3.6_35b,Q4_Cauda_Longa,29518376,C8orf46,ZNF217,9,108,12.0,False
qwen3.6_35b,Q4_Cauda_Longa,27644252,IRAIN,H19,3,570,190.0,False
qwen3.6_35b,Q4_Cauda_Longa,36071454,LINC01132,LINC00460,7,34,4.857142857142857,False
qwen3.6_35b,Q4_Cauda_Longa,11056398,KCNQ1DN,KCNQ1OT1,5,164,32.8,False
qwen3.6_35b,Q4_Cauda_Longa,15757516,GLY1,TALDO1,4,121,30.25,False
qwen3.6_35b,Q4_Cauda_Longa,35404406,LINC01510,LINC00460,8,34,4.25,False
qwen3.6_35b,Q4_Cauda_Longa,37934195,LINC00869,LINC00460,6,34,5.666666666666667,False
qwen3.6_35b,Q4_Cauda_Longa,37789393,LINC00922,HOTAIR,7,503,71.85714285714286,False
qwen3.6_35b,Q4_Cauda_Longa,20186789,ZNF630,ZNF673,5,13,2.6,False
qwen3.6_35b,Q4_Cauda_Longa,17971048,HLA complex group 4,HLA-E,5,358,71.6,False
qwen3.6_35b,Q4_Cauda_Longa,16596430,DFNB65,DFNB16,1,32,32.0,False
qwen3.6_35b,Q4_Cauda_Longa,30610803,LINC01170,LINC00460,2,34,17.0,False
qwen3.6_35b,Q4_Cauda_Longa,25476897,Linc00974,LINC00460,6,34,5.666666666666667,False
qwen3.6_35b,Q4_Cauda_Longa,38182548,LINC00629,LINC00460,6,34,5.666666666666667,False
qwen3.6_35b,Q4_Cauda_Longa,14627674,DFNA49,DFNA15,1,46,46.0,False
qwen3.6_35b,Q4_Cauda_Longa,29871690,MIR3065,MIR125B2,9,138,15.333333333333334,False
qwen3.6_35b,Q4_Cauda_Longa,34674391,miR-3167,miR-145,5,664,132.8,False
qwen3.6_35b,Q4_Cauda_Longa,23095746,Regulator of G-protein signaling-21,RGS14,4,57,14.25,False
qwen3.6_35b,Q4_Cauda_Longa,34496800,LINC00852,LINC00460,7,34,4.857142857142857,False
qwen3.6_35b,Q4_Cauda_Longa,36747161,WEE2-AS1,LINC00460,9,34,3.7777777777777777,False
qwen3.6_35b,Q4_Cauda_Longa,33435769,miR-3615,LATS1,7,248,35.42857142857143,False
qwen3.6_35b,Q4_Cauda_Longa,27764782,LINC01198,LINC00460,6,34,5.666666666666667,False
qwen3.6_35b,Q4_Cauda_Longa,37782686,LINC01485,LINC00460,5,34,6.8,False
qwen3.6_35b,Q4_Cauda_Longa,33206629,LINC01235,LINC00460,4,34,8.5,False
qwen3.6_35b,Q4_Cauda_Longa,32895492,DIGIT,H19,2,570,285.0,False
qwen3.6_35b,Q4_Cauda_Longa,36071306,SNHG25,LINC00460,8,34,4.25,False
qwen3.6_35b,Q4_Cauda_Longa,32630670,miR-640,miR-145,9,664,73.77777777777777,False
qwen3.6_35b,Q4_Cauda_Longa,28628559,miR-1206,DROSHA,6,239,39.833333333333336,False
qwen3.6_35b,Q4_Cauda_Longa,38756100,NUDT17,MMP9,7,3162,451.7142857142857,False
qwen3.6_35b,Q4_Cauda_Longa,34260071,miR-4301,miR-21,6,1580,263.3333333333333,False
qwen3.6_35b,Q4_Cauda_Longa,21525244,Bet3L.,TRAPPC1,7,36,5.142857142857143,False
qwen3.6_35b,Q4_Cauda_Longa,37584416,LINC01559,LINC00460,8,34,4.25,False
qwen3.6_35b,Q4_Cauda_Longa,26898221,SENCR,H19,9,570,63.333333333333336,False
qwen3.6_35b,Q4_Cauda_Longa,34204736,OR5H2,OR51B2,4,9,2.25,False
qwen3.6_35b,Q4_Cauda_Longa,37364417,FAM215A,HOTAIR,8,503,62.875,False
qwen3.6_35b,Q4_Cauda_Longa,11920285,PARK3,parkin,3,992,330.6666666666667,True
qwen3.6_35b,Q4_Cauda_Longa,37890508,LINC01339,LINC00460,2,34,17.0,False
qwen3.6_35b,Q4_Cauda_Longa,33045317,LINC00922,LINC00460,7,34,4.857142857142857,False
qwen3.6_35b,Q4_Cauda_Longa,27510544,U6atac,U12,8,4,0.5,True
qwen3.6_35b,Q4_Cauda_Longa,19193627,SUNC1,C7orf57,9,6,0.6666666666666666,True
qwen3.6_35b,Q4_Cauda_Longa,32099381,LINC01124,LINC00460,2,34,17.0,False
qwen3.6_35b,Q4_Cauda_Longa,16511635,SPG27,SPG11,2,114,57.0,False
qwen3.6_35b,Q4_Cauda_Longa,21927869,TCRBV20S1,TCRB,8,129,16.125,False
qwen3.6_35b,Q4_Cauda_Longa,9653656,GPR33,GPR32,4,14,3.5,True
qwen3.6_35b,Q4_Cauda_Longa,33068730,long intergenic non-coding RNA 01087,LINC00460,5,34,6.8,False
qwen3.6_35b,Q4_Cauda_Longa,32196572,LINC00689,LINC00460,7,34,4.857142857142857,False
qwen3.6_35b,Q4_Cauda_Longa,31485743,von Hippel-Lindau-like protein,EGLN3,9,143,15.88888888888889,False
qwen3.6_35b,Q4_Cauda_Longa,24682381,miR-620,miR-21,9,1580,175.55555555555554,False
qwen3.6_35b,Q4_Cauda_Longa,30121664,Linc00515,LINC00460,2,34,17.0,False
qwen3.6_35b,Q4_Cauda_Longa,35264071,CATIP antisense RNA 1,LINC00460,1,34,34.0,False
qwen3.6_35b,Q4_Cauda_Longa,31971830,miR-1293,miR-21,8,1580,197.5,False
qwen3.6_35b,Q4_Cauda_Longa,31655495,LOC105377871,LINC00460,1,34,34.0,False
qwen3.6_35b,Q4_Cauda_Longa,30241482,RIPPLY3,TBL1XR1,9,172,19.11111111111111,False
qwen3.6_35b,Q4_Cauda_Longa,36934544,LINC01480,LINC00460,2,34,17.0,False
qwen3.6_35b,Q4_Cauda_Longa,35163220,miR4749,miR-21,6,1580,263.3333333333333,False
qwen3.6_35b,Q4_Cauda_Longa,17509818,Mimt1,MIR137,4,252,63.0,False
qwen3.6_35b,Q4_Cauda_Longa,34588321,LINC01572,LINC00460,8,34,4.25,False
qwen3.6_35b,Q4_Cauda_Longa,37262951,SCARNA10,LINC00460,7,34,4.857142857142857,False
qwen3.6_35b,Q4_Cauda_Longa,33506901,DBH-AS1,LINC00460,9,34,3.7777777777777777,False
qwen3.6_35b,Q4_Cauda_Longa,27450454,GCASPC,LINC00460,2,34,17.0,False
qwen3.6_35b,Q4_Cauda_Longa,18065488,FXRbeta,NR1H4,4,320,80.0,False
qwen3.6_35b,Q4_Cauda_Longa,36951025,miR-448-3p,miR-21,3,1580,526.6666666666666,False
qwen3.6_35b,Q4_Cauda_Longa,25558065,WDR93,TUBB4A,6,242,40.333333333333336,False
qwen3.6_35b,Q1_Super_Populares,18948190,RhoA,Rho,1175,248,0.21106382978723404,True
qwen3.6_35b,Q3_Baixa_Popularidade,28276201,GRHL3,PAX1,54,59,1.0925925925925926,False
gemma4_26b,Q1_Super_Populares,20532504,P-glycoprotein 1,CYP1A2,2567,512,0.19945461628359953,False
gemma4_26b,Q1_Super_Populares,20972462,E-cadherin,PTEN,2236,2820,1.2611806797853309,False
gemma4_26b,Q1_Super_Populares,23669636,alpha-Synuclein,LRRK2,2255,1110,0.49223946784922396,False
gemma4_26b,Q1_Super_Populares,23867349,OPN,TGFB1,1206,5008,4.15257048092869,False
gemma4_26b,Q1_Super_Populares,22590959,Sirt1,Atg5,1828,276,0.15098468271334792,False
gemma4_26b,Q1_Super_Populares,27595159,ICAM-1,TNF-alpha,1358,6448,4.748159057437408,False
gemma4_26b,Q1_Super_Populares,20678555,DRD2,COMT,1329,2081,1.5658389766741911,True
gemma4_26b,Q1_Super_Populares,23359812,CTLA4,CD80,1339,243,0.18147871545929797,False
gemma4_26b,Q1_Super_Populares,25088788,IFN-gamma,IL-2,2159,900,0.41685965724872626,True
gemma4_26b,Q1_Super_Populares,12086670,BCL2,c-Kit,2227,1173,0.5267175572519084,False
gemma4_26b,Q1_Super_Populares,19254255,HLA DRB1,DRB1,2875,46,0.016,False
gemma4_26b,Q1_Super_Populares,24142575,p300,p53,1409,11629,8.253371185237757,False
gemma4_26b,Q1_Super_Populares,24233813,IL-1ra,CRP,1051,1,0.0009514747859181732,False
gemma4_26b,Q1_Super_Populares,34060368,KDR,VEGFA,1105,5214,4.718552036199095,True
gemma4_26b,Q1_Super_Populares,26438079,ABCB1,MTHFR,2567,3864,1.5052590572652902,False
gemma4_26b,Q1_Super_Populares,28559539,apolipoprotein E3,APOC2,5224,148,0.028330781010719754,False
gemma4_26b,Q1_Super_Populares,37776850,CTLA4,CD228,1339,77,0.05750560119492158,False
gemma4_26b,Q1_Super_Populares,11016625,BRCA1,CHK1,3456,620,0.17939814814814814,False
gemma4_26b,Q1_Super_Populares,11239517,HLA-DQB,DBP,1556,401,0.2577120822622108,True
gemma4_26b,Q1_Super_Populares,12370403,TNF,HLA-DRB1,6448,2875,0.44587468982630274,False
gemma4_26b,Q1_Super_Populares,12966525,serotonin transporter,HTR1A,2401,401,0.1670137442732195,False
gemma4_26b,Q1_Super_Populares,16044857,TLR4,TLR2,2778,1624,0.5845932325413967,False
gemma4_26b,Q1_Super_Populares,18816594,c-myc,ZFP36L2,2704,70,0.025887573964497042,False
gemma4_26b,Q1_Super_Populares,20211062,CD44,HAS2,1496,115,0.0768716577540107,False
gemma4_26b,Q1_Super_Populares,26552750,CXCL12,CXCR4,1471,2180,1.4819850441876274,True
gemma4_26b,Q1_Super_Populares,17207024,IL-4,ADAM33,1301,161,0.12375096079938509,False
gemma4_26b,Q1_Super_Populares,20513078,PD-L1,PD-1,2649,1252,0.4726311815779539,False
gemma4_26b,Q1_Super_Populares,15641051,interleukin-1beta,IL-6,3216,5468,1.7002487562189055,True
gemma4_26b,Q1_Super_Populares,18683754,hMLH1,RAD51,1112,865,0.7778776978417267,False
gemma4_26b,Q1_Super_Populares,22844442,CASP3,FGFR1,1255,762,0.6071713147410358,False
gemma4_26b,Q1_Super_Populares,24280143,RHOA,SEMA3B,1175,66,0.05617021276595745,True
gemma4_26b,Q1_Super_Populares,27423588,BIRC5,CYP2C19,1365,1111,0.8139194139194139,False
gemma4_26b,Q1_Super_Populares,39191344,Mapk14,LC3,1467,397,0.27062031356509886,False
gemma4_26b,Q1_Super_Populares,19020547,NPM1,RUNX1,1194,936,0.7839195979899497,False
gemma4_26b,Q1_Super_Populares,22673112,galectin-3,CRP,1065,1,0.0009389671361502347,False
gemma4_26b,Q1_Super_Populares,27507606,TLR2,TLR4,1624,2778,1.7105911330049262,False
gemma4_26b,Q1_Super_Populares,31357837,IGF-1R,SNAI1,1274,676,0.5306122448979592,False
gemma4_26b,Q1_Super_Populares,33683519,APC,MUTYH,1025,319,0.31121951219512195,False
gemma4_26b,Q1_Super_Populares,19953622,GSTT1,GSTM1,1900,2270,1.194736842105263,True
gemma4_26b,Q1_Super_Populares,31661551,MMP2,ZEB1,1978,656,0.3316481294236603,False
gemma4_26b,Q1_Super_Populares,36546586,MDM2) and 4,MDM4,2218,355,0.1600541027953111,True
gemma4_26b,Q1_Super_Populares,37661113,HDAC1,HDAC,1343,187,0.13924050632911392,False
gemma4_26b,Q1_Super_Populares,12858534,HIF-1 alpha,VEGF,3911,5214,1.3331628739452825,False
gemma4_26b,Q1_Super_Populares,19226262,adiponectin,IGF-I,2464,2076,0.8425324675324676,False
gemma4_26b,Q1_Super_Populares,28256105,CYP2C19,CYP2E1,1111,671,0.6039603960396039,False
gemma4_26b,Q1_Super_Populares,36737794,CD54,CD133,1358,631,0.4646539027982327,False
gemma4_26b,Q1_Super_Populares,38368381,specificity protein 1,RBBP7,1342,337,0.2511177347242921,True
gemma4_26b,Q1_Super_Populares,15563891,APOE,TNF,5224,6448,1.234303215926493,False
gemma4_26b,Q1_Super_Populares,24721839,C-kit,ZEB1,1173,656,0.5592497868712702,False
gemma4_26b,Q1_Super_Populares,24917023,IL-18,sAA,1191,305,0.25608732157850544,False
gemma4_26b,Q1_Super_Populares,26073399,apolipoprotein A-I,LCAT,1129,197,0.1744906997342781,True
gemma4_26b,Q1_Super_Populares,32285172,TGf-beta1,CSF1,5008,285,0.056908945686900955,False
gemma4_26b,Q1_Super_Populares,20377868,osteopontin,HIF1A,1206,3911,3.242951907131012,False
gemma4_26b,Q1_Super_Populares,20971508,CD44,CD123,1496,114,0.07620320855614973,False
gemma4_26b,Q1_Super_Populares,21136273,heme oxygenase-1,TIMP1,1207,772,0.6396023198011599,False
gemma4_26b,Q1_Super_Populares,21475975,RhoA,EGFR,1175,6689,5.692765957446809,False
gemma4_26b,Q1_Super_Populares,25684485,glutathione S-transferase P1,HIN-1,1727,47,0.02721482339316734,True
gemma4_26b,Q1_Super_Populares,35236823,HIF-1alpha,STAT3,3911,3707,0.9478394272564562,True
gemma4_26b,Q1_Super_Populares,36172747,ctla-4,PD-1,1339,1252,0.935026138909634,False
gemma4_26b,Q1_Super_Populares,11895912,hMLH1,XRCC2,1112,185,0.16636690647482014,False
gemma4_26b,Q1_Super_Populares,20301468,LMNA,LAMA2,1094,135,0.12340036563071298,False
gemma4_26b,Q1_Super_Populares,20392877,cyclin D1,TFF1,1799,189,0.10505836575875487,False
gemma4_26b,Q1_Super_Populares,22828925,ERK1,ERK2,1498,2345,1.5654205607476634,True
gemma4_26b,Q1_Super_Populares,26635038,STAT1,STAT5,1158,441,0.38082901554404147,False
gemma4_26b,Q1_Super_Populares,30115631,E-cadherin,OCT4,2236,688,0.3076923076923077,False
gemma4_26b,Q1_Super_Populares,37916628,CYP2D6,SLC7A11,1089,239,0.2194674012855831,False
gemma4_26b,Q1_Super_Populares,12855573,STAT1,STAT3,1158,3707,3.2012089810017272,False
gemma4_26b,Q1_Super_Populares,22301914,paraoxonase 1,TNF,1283,6448,5.025720966484801,False
gemma4_26b,Q1_Super_Populares,30266980,interleukin-8,IL-6,2502,5468,2.185451638689049,False
gemma4_26b,Q1_Super_Populares,32417757,MMP1,IL1B,1021,3216,3.149853085210578,False
gemma4_26b,Q1_Super_Populares,12748184,RhoA,Rho,1175,248,0.21106382978723404,True
gemma4_26b,Q1_Super_Populares,16786764,HLA DRB1,TNF,2875,6448,2.242782608695652,True
gemma4_26b,Q1_Super_Populares,22499302,osteopontin,VEGF,1206,5214,4.323383084577115,False
gemma4_26b,Q1_Super_Populares,23573235,Bcl2,Ki-67,2227,1035,0.4647507858105074,False
gemma4_26b,Q1_Super_Populares,29277264,MAPK14,SERPINE1,1467,1549,1.0558963871847307,False
gemma4_26b,Q1_Super_Populares,29903026,IFN-gamma,IL-17A,2159,1656,0.7670217693376563,False
gemma4_26b,Q1_Super_Populares,25192544,p300,VEGF,1409,5214,3.7004968062455643,True
gemma4_26b,Q1_Super_Populares,29654697,c-Myc,SUMO-1,2704,637,0.23557692307692307,True
gemma4_26b,Q1_Super_Populares,23653000,CXCL12,MTHFR,1471,3864,2.626784500339905,False
gemma4_26b,Q1_Super_Populares,28164497,Cytochrome P450 1A1,ESR1,1118,3640,3.255813953488372,False
gemma4_26b,Q1_Super_Populares,28938488,BRCA,MCM8,3456,89,0.025752314814814815,False
gemma4_26b,Q1_Super_Populares,30257941,ERbeta,PTEN,1278,2820,2.2065727699530515,False
gemma4_26b,Q1_Super_Populares,33530501,IL-17A,TNF,1656,6448,3.893719806763285,False
gemma4_26b,Q1_Super_Populares,16395669,GSTP1,CYP1A1,1727,1118,0.6473653734800232,False
gemma4_26b,Q1_Super_Populares,19933216,GSTM1,ALOX5,2270,338,0.14889867841409693,False
gemma4_26b,Q1_Super_Populares,23568005,Cyclin D1,FoxA1,1799,360,0.2001111728738188,False
gemma4_26b,Q1_Super_Populares,26154535,ACE,CYP3A5,2771,763,0.27535185853482497,False
gemma4_26b,Q1_Super_Populares,15688415,NF-kappaB,Bcl-xL,3397,781,0.22990874300853695,False
gemma4_26b,Q1_Super_Populares,15858598,IFNG,IL22,2159,421,0.1949976841130153,True
gemma4_26b,Q1_Super_Populares,24271034,androgen receptor,SRY,2712,194,0.0715339233038348,False
gemma4_26b,Q1_Super_Populares,28956745,Peroxisome Proliferator-Activated Receptor-gamma2,CRP,2278,1,0.0004389815627743635,False
gemma4_26b,Q1_Super_Populares,29742291,PD-1,CD8,1252,172,0.13738019169329074,False
gemma4_26b,Q1_Super_Populares,32916992,LRRK2,SIRT1,1110,1828,1.646846846846847,False
gemma4_26b,Q1_Super_Populares,20541434,leptin,adiponectin,1914,2464,1.2873563218390804,False
gemma4_26b,Q1_Super_Populares,25033841,nucleophosmin,PML,1194,686,0.5745393634840871,True
gemma4_26b,Q1_Super_Populares,25051498,IFNgamma,IFN,2159,377,0.174617878647522,True
gemma4_26b,Q1_Super_Populares,29358618,EZH2,SRSF2,1554,334,0.21492921492921493,False
gemma4_26b,Q1_Super_Populares,37816710,SIRT1,AURKA,1828,862,0.47155361050328226,False
gemma4_26b,Q1_Super_Populares,12417054,Angiotensinogen,ACE,1161,2771,2.3867355727820843,False
gemma4_26b,Q1_Super_Populares,20658730,Bcl-2,c-myc,2227,2704,1.2141894925909296,False
gemma4_26b,Q1_Super_Populares,11229461,HLA-B27,TNF,2225,6448,2.897977528089888,True
gemma4_26b,Q1_Super_Populares,16160620,dopamine D2 and D3 receptors,DRD3,1329,426,0.32054176072234764,True
gemma4_26b,Q1_Super_Populares,21061795,bcl-2,p53,2227,11629,5.221823080377189,False
gemma4_26b,Q1_Super_Populares,22022391,STAT1,ISG15,1158,289,0.24956822107081175,False
gemma4_26b,Q1_Super_Populares,27535224,ATM,NF-kappaB,1579,3397,2.1513616212792908,True
gemma4_26b,Q1_Super_Populares,19565552,HLA-B,DRB1,2225,46,0.020674157303370785,True
gemma4_26b,Q1_Super_Populares,24953558,TGF-beta1,WNT1,5008,269,0.05371405750798722,True
gemma4_26b,Q1_Super_Populares,25245053,AKT1,WNT5A,3746,482,0.12867058195408435,False
gemma4_26b,Q1_Super_Populares,17106238,p16,KRAS,2699,3056,1.132271211559837,False
gemma4_26b,Q1_Super_Populares,20072139,CTLA4,IL2RA,1339,577,0.43091859596713966,True
gemma4_26b,Q1_Super_Populares,22883195,caveolin-1,ADIPOQ,1228,2464,2.006514657980456,False
gemma4_26b,Q1_Super_Populares,25381333,CYP2D6,CYP3A5,1089,763,0.7006427915518825,False
gemma4_26b,Q1_Super_Populares,33543443,PTEN,AKT1,2820,3746,1.3283687943262412,False
gemma4_26b,Q1_Super_Populares,21262832,C-KIT,FLT3,1173,835,0.711849957374254,False
gemma4_26b,Q1_Super_Populares,25556445,insulin-like growth factor 1 receptor,SOX2,1274,818,0.6420722135007849,False
gemma4_26b,Q1_Super_Populares,34256773,PD-L1,TREM2,2649,351,0.13250283125707815,False
gemma4_26b,Q1_Super_Populares,15539430,Cyclin D1,SRC,1799,1520,0.8449138410227904,False
gemma4_26b,Q1_Super_Populares,18085494,interleukin-1alpha,IL-6,1010,5468,5.413861386138614,True
gemma4_26b,Q1_Super_Populares,33117339,IL18,IL12B,1191,601,0.5046179680940386,False
gemma4_26b,Q1_Super_Populares,15667866,GSTM1,GSTP1,2270,1727,0.7607929515418502,False
gemma4_26b,Q1_Super_Populares,23543084,XRCC1,OGG1,1351,656,0.4855662472242783,False
gemma4_26b,Q1_Super_Populares,21135555,brain-derived neurotrophic factor,IL-6,2560,5468,2.1359375,False
gemma4_26b,Q1_Super_Populares,23270673,C-reactive protein,TNF-alpha,2459,6448,2.6222041480276537,False
gemma4_26b,Q1_Super_Populares,24906341,XRCC1,XPD,1351,926,0.685418208734271,True
gemma4_26b,Q1_Super_Populares,23158993,Foxp3,IL-7,1171,310,0.26473099914602904,True
gemma4_26b,Q1_Super_Populares,25464604,integrin beta-3,ITGA1,1223,166,0.1357318070318888,False
gemma4_26b,Q1_Super_Populares,29763840,interleukins 4 and 10,IL-1ra,1301,518,0.39815526518063027,False
gemma4_26b,Q1_Super_Populares,30902832,Her2,Myc,3357,2704,0.8054810843014596,False
gemma4_26b,Q1_Super_Populares,33966039,EZH2,CTNNB1,1554,3367,2.1666666666666665,False
gemma4_26b,Q1_Super_Populares,37419429,microRNA-21,hTR,1580,219,0.13860759493670885,True
gemma4_26b,Q1_Super_Populares,10640275,HDAC1,HDAC,1343,187,0.13924050632911392,True
gemma4_26b,Q1_Super_Populares,12186939,c-Jun,AKT,1330,3746,2.8165413533834585,False
gemma4_26b,Q1_Super_Populares,18175066,AGT,ACE,1161,2771,2.3867355727820843,False
gemma4_26b,Q1_Super_Populares,19152241,interleukin-18,ESR1,1191,3640,3.056255247691016,False
gemma4_26b,Q1_Super_Populares,19338576,TDP-43,p62,1108,172,0.1552346570397112,False
gemma4_26b,Q1_Super_Populares,20693286,ERK1/2,ERK,1498,2345,1.5654205607476634,True
gemma4_26b,Q1_Super_Populares,21590492,FAK,ERK,1103,2345,2.126019945602901,False
gemma4_26b,Q1_Super_Populares,29495952,c-Kit,FLT3,1173,835,0.711849957374254,False
gemma4_26b,Q1_Super_Populares,30593723,EZH2,EGR1,1554,555,0.35714285714285715,True
gemma4_26b,Q1_Super_Populares,31111520,p16,SPRY2,2699,213,0.07891811782141533,False
gemma4_26b,Q1_Super_Populares,21948293,Vitamin d receptor,MTFR1,2492,52,0.02086677367576244,False
gemma4_26b,Q1_Super_Populares,22631677,FAS,IL1B,1262,3216,2.548335974643423,False
gemma4_26b,Q1_Super_Populares,25854163,STAT3,SRF,3707,233,0.06285405988670084,False
gemma4_26b,Q1_Super_Populares,37858201,p65,NF-kappaB,1687,3397,2.013633669235329,True
gemma4_26b,Q1_Super_Populares,38779680,Plasminogen activator inhibitor-1,STAT3,1549,3707,2.393156875403486,False
gemma4_26b,Q1_Super_Populares,12950120,Angiotensinogen,REN,1161,20,0.017226528854435832,False
gemma4_26b,Q1_Super_Populares,15908432,GRP78,LRP1,1188,540,0.45454545454545453,False
gemma4_26b,Q1_Super_Populares,24522376,Akt,PI3K,3746,1725,0.4604911906033102,True
gemma4_26b,Q1_Super_Populares,27113703,CYP 3A4 and 1A1,CYP1A2,1118,512,0.45796064400715564,False
gemma4_26b,Q1_Super_Populares,30784360,NF-kappaB,PIM,3397,301,0.08860759493670886,True
gemma4_26b,Q1_Super_Populares,15869582,caspase 3,CD63,1255,252,0.200796812749004,False
gemma4_26b,Q1_Super_Populares,19337385,NLRP3,NOD1,1295,261,0.20154440154440154,True
gemma4_26b,Q1_Super_Populares,19349390,interleukin-6,TNF-alpha,5468,6448,1.179224579370885,False
gemma4_26b,Q1_Super_Populares,12722176,Dopamine D2 receptor,APOE,1329,5224,3.9307750188111363,False
gemma4_26b,Q1_Super_Populares,21938741,p21,p27Kip1,1844,1107,0.6003253796095445,False
gemma4_26b,Q1_Super_Populares,27813552,eNOS,ACE,2192,2771,1.2641423357664234,False
gemma4_26b,Q1_Super_Populares,29072241,"glutathione S-transferase T1, M1, and P1",GSTP1,2270,1727,0.7607929515418502,True
gemma4_26b,Q1_Super_Populares,21824286,ATM,p53,1579,11629,7.36478784040532,True
gemma4_26b,Q1_Super_Populares,22035595,adiponectin,CRP,2464,1,0.00040584415584415587,True
gemma4_26b,Q1_Super_Populares,22650962,CCR5,CD4,1643,2027,1.2337188070602556,True
gemma4_26b,Q1_Super_Populares,24127926,NF-kappaB p65,PTEN,1687,2820,1.6716064018968584,False
gemma4_26b,Q1_Super_Populares,31150457,EGFR,PIK3CA,6689,1725,0.2578860816265511,False
gemma4_26b,Q1_Super_Populares,36807750,RB1,PIK3CA,1426,1725,1.2096774193548387,True
gemma4_26b,Q1_Super_Populares,15948239,leptin,adiponectin,1914,2464,1.2873563218390804,False
gemma4_26b,Q1_Super_Populares,22619175,mammalian target of rapamycin,Akt,2569,3746,1.4581549240949785,True
gemma4_26b,Q1_Super_Populares,22984553,BRCA1/2,BRCA1,2214,3456,1.5609756097560976,False
gemma4_26b,Q1_Super_Populares,27736875,NOTCH1,TSPEAR,1591,16,0.01005656819610308,True
gemma4_26b,Q1_Super_Populares,18155264,HLA-A and -B,CD4,1682,2027,1.2051129607609987,False
gemma4_26b,Q1_Super_Populares,18237245,cyclin D1,ERBB2,1799,3357,1.8660366870483602,False
gemma4_26b,Q1_Super_Populares,12761493,pRB,p53,1426,11629,8.154978962131837,True
gemma4_26b,Q1_Super_Populares,18547262,BCL1,F8,1799,680,0.3779877709838799,False
gemma4_26b,Q1_Super_Populares,30628725,FAK,SRC,1103,1520,1.3780598368087036,False
gemma4_26b,Q1_Super_Populares,31018945,von Willebrand Factor,F13A1,1035,362,0.3497584541062802,False
gemma4_26b,Q1_Super_Populares,17335808,Hypoxia-inducible factor 1alpha,miR-21,3911,1580,0.40398874968038867,False
gemma4_26b,Q1_Super_Populares,24354620,caveolin-1,Src,1228,1520,1.237785016286645,True
gemma4_26b,Q1_Super_Populares,32646478,SOD1,SOD2,1331,986,0.7407963936889557,False
gemma4_26b,Q1_Super_Populares,33060727,galectin-3,VEGF,1065,5214,4.895774647887324,True
gemma4_26b,Q1_Super_Populares,37907567,BRCA1/2,BRCA1,2214,3456,1.5609756097560976,True
gemma4_26b,Q1_Super_Populares,12482669,ERK1/2,ERK,1498,2345,1.5654205607476634,False
gemma4_26b,Q1_Super_Populares,19109192,IL-10,TNF,3484,6448,1.8507462686567164,False
gemma4_26b,Q1_Super_Populares,21194879,PTEN,AKT1,2820,3746,1.3283687943262412,False
gemma4_26b,Q1_Super_Populares,25344320,beta-catenin,AKT,3367,3746,1.1125631125631126,True
gemma4_26b,Q1_Super_Populares,26420348,matrix metalloproteinase 9,EGFR,3162,6689,2.1154332700822263,False
gemma4_26b,Q1_Super_Populares,28242758,EZH2,MYC,1554,2704,1.74002574002574,False
gemma4_26b,Q1_Super_Populares,28402926,SDF-1,MMP9,1471,3162,2.149558123725357,True
gemma4_26b,Q1_Super_Populares,37554278,PTK2,RAGE,1103,1028,0.9320036264732547,True
gemma4_26b,Q1_Super_Populares,1351056,neu,EGFR,3357,6689,1.9925528745904082,False
gemma4_26b,Q1_Super_Populares,24078094,CDKN1B,ESR1,1107,3640,3.288166214995483,False
gemma4_26b,Q1_Super_Populares,25311665,STAT1,STAT3,1158,3707,3.2012089810017272,False
gemma4_26b,Q1_Super_Populares,22389297,FOXP3,EGFR,1171,6689,5.712211784799317,False
gemma4_26b,Q1_Super_Populares,11122213,IL-4,FCER1A,1301,149,0.11452728670253651,False
gemma4_26b,Q1_Super_Populares,19621391,Cyclooxygenase-2,COX-2,2314,164,0.07087294727744166,True
gemma4_26b,Q1_Super_Populares,21675959,p53,MK2,11629,195,0.016768423768165792,True
gemma4_26b,Q1_Super_Populares,28797712,Estrogen receptor beta,ESR1,1278,3640,2.848200312989045,False
gemma4_26b,Q1_Super_Populares,11875499,Bax,Bak,1126,372,0.33037300177619894,True
gemma4_26b,Q1_Super_Populares,20827430,GSTP1,p53,1727,11629,6.733642154024319,True
gemma4_26b,Q1_Super_Populares,27094578,beta1 integrin,Ets-1,1513,454,0.30006609385327165,True
gemma4_26b,Q1_Super_Populares,37968472,PIK3CA,CTNNB1,1725,3367,1.9518840579710144,False
gemma4_26b,Q1_Super_Populares,12181570,Rac1,Rac,1346,3746,2.7830609212481425,True
gemma4_26b,Q1_Super_Populares,20869334,ATM,DNA-PKcs,1579,933,0.590880303989867,True
gemma4_26b,Q1_Super_Populares,25687825,Nrf2,GCLM,1916,128,0.06680584551148225,True
gemma4_26b,Q1_Super_Populares,26852906,COMT,DTNBP1,2081,223,0.10716001922152811,False
gemma4_26b,Q1_Super_Populares,22290228,PTEN,p16INK4a,2820,2699,0.9570921985815602,False
gemma4_26b,Q1_Super_Populares,24994675,integrin subunit beta3,beta3,1223,15,0.012264922322158627,True
gemma4_26b,Q1_Super_Populares,25624455,JAK2,JAK3,1813,276,0.15223386651958082,False
gemma4_26b,Q1_Super_Populares,33737203,Matrix metalloproteinase-1,MMP-2,1021,1978,1.9373163565132223,False
gemma4_26b,Q1_Super_Populares,36640339,ATM,TP53,1579,11629,7.36478784040532,False
gemma4_26b,Q1_Super_Populares,38104911,HMGB1,NFL,1511,310,0.20516214427531437,False
gemma4_26b,Q1_Super_Populares,18790046,SOD1,SOD2,1331,986,0.7407963936889557,False
gemma4_26b,Q1_Super_Populares,19959759,Leptin,adiponectin,1914,2464,1.2873563218390804,True
gemma4_26b,Q1_Super_Populares,23293110,VEGFR-2,CXCL8,1105,2502,2.2642533936651583,False
gemma4_26b,Q1_Super_Populares,22628023,IL-10,IL-6,3484,5468,1.5694603903559128,True
gemma4_26b,Q1_Super_Populares,26457672,c-Src,Syk,1520,591,0.3888157894736842,False
gemma4_26b,Q1_Super_Populares,26937962,GSTM1,GSTT1,2270,1900,0.8370044052863436,True
gemma4_26b,Q1_Super_Populares,29111166,caveolin-1,PIK3CA,1228,1725,1.4047231270358307,False
gemma4_26b,Q1_Super_Populares,31609157,CTLA-4,IDO1,1339,514,0.3838685586258402,False
gemma4_26b,Q1_Super_Populares,34265288,HIF1alpha,STAT3,3911,3707,0.9478394272564562,True
gemma4_26b,Q1_Super_Populares,16782382,cyclooxygenase-2,COX-2,2314,164,0.07087294727744166,False
gemma4_26b,Q1_Super_Populares,21485219,MMP-9,EGFR,3162,6689,2.1154332700822263,False
gemma4_26b,Q1_Super_Populares,25810340,SMAD3,Akt,1034,3746,3.622823984526112,True
gemma4_26b,Q1_Super_Populares,27136911,estrogen receptor beta,LHCGR,1278,260,0.20344287949921752,False
gemma4_26b,Q1_Super_Populares,31629819,SIRT1,NLK,1828,226,0.12363238512035012,False
gemma4_26b,Q2_Medios,10982185,JAK3,IL7R,276,353,1.2789855072463767,False
gemma4_26b,Q2_Medios,15454735,CYP2A6,CYP2C19,318,1111,3.493710691823899,False
gemma4_26b,Q2_Medios,22329450,cardiac troponin C,TnC,119,331,2.7815126050420167,True
gemma4_26b,Q2_Medios,22425648,Suppressor of cytokine signaling 3,NPY,554,351,0.6335740072202166,True
gemma4_26b,Q2_Medios,24101588,APOBEC3C,APOBEC3G,151,640,4.23841059602649,False
gemma4_26b,Q2_Medios,26982743,BDKRB2,Btk,234,378,1.6153846153846154,False
gemma4_26b,Q2_Medios,27339399,SOCS1,SOCS3,485,554,1.1422680412371133,False
gemma4_26b,Q2_Medios,31037158,HOXB13,HOXA5,156,127,0.8141025641025641,False
gemma4_26b,Q2_Medios,31970886,HOXB9,HOXB7,106,115,1.0849056603773586,False
gemma4_26b,Q2_Medios,23601003,HLA-DP,TLR3,429,749,1.745920745920746,False
gemma4_26b,Q2_Medios,25008994,Dectin-1,TLR4,152,2778,18.276315789473685,False
gemma4_26b,Q2_Medios,27878304,MEK5,Erk5,105,244,2.323809523809524,True
gemma4_26b,Q2_Medios,19177501,XPC,XPD,452,926,2.0486725663716814,False
gemma4_26b,Q2_Medios,25903336,APC1,APC2,187,138,0.7379679144385026,False
gemma4_26b,Q2_Medios,2308864,pG2,CYP11B1,188,129,0.6861702127659575,False
gemma4_26b,Q2_Medios,18287540,NDUFA9,NDUFS2,142,178,1.2535211267605635,False
gemma4_26b,Q2_Medios,18301763,TRPV6,CACNA1C,141,398,2.8226950354609928,False
gemma4_26b,Q2_Medios,28267437,DEPTOR,S6K1,104,453,4.355769230769231,False
gemma4_26b,Q2_Medios,29227529,NS5ATP9,ATG7,108,184,1.7037037037037037,False
gemma4_26b,Q2_Medios,29604056,CRIPTO,YAP1,120,1524,12.7,False
gemma4_26b,Q2_Medios,32892482,BACH2,LINC00847,120,9,0.075,False
gemma4_26b,Q2_Medios,37522198,CD59,CD274,290,2649,9.13448275862069,False
gemma4_26b,Q2_Medios,17293877,CCG1-interacting factor A,CAF-1,134,157,1.171641791044776,True
gemma4_26b,Q2_Medios,18955490,matrix metalloproteinase-7,MT1-MMP,513,610,1.189083820662768,False
gemma4_26b,Q2_Medios,29233503,FOXA2,FOXO1,195,823,4.220512820512821,False
gemma4_26b,Q2_Medios,34127318,FASL,TRAIL,706,929,1.3158640226628895,False
gemma4_26b,Q2_Medios,12557231,MEL1,CDR2,110,56,0.509090909090909,False
gemma4_26b,Q2_Medios,15548692,WWOX,ELL,334,90,0.2694610778443114,False
gemma4_26b,Q2_Medios,18275081,PABPN1,PCAF,239,441,1.8451882845188285,False
gemma4_26b,Q2_Medios,26700805,GEMIN1,SMN1,300,475,1.5833333333333333,False
gemma4_26b,Q2_Medios,29931229,RBPJ,ZBTB16,244,195,0.7991803278688525,False
gemma4_26b,Q2_Medios,34428304,RING1B,PCGF1,265,74,0.2792452830188679,False
gemma4_26b,Q2_Medios,36891052,APOC1,CCL2,216,1642,7.601851851851852,False
gemma4_26b,Q2_Medios,10852966,p62dok,LAT,106,156,1.471698113207547,False
gemma4_26b,Q2_Medios,12576441,CD23,CD5,151,118,0.7814569536423841,True
gemma4_26b,Q2_Medios,20018869,leukemia-associated RhoGEF,Tiam1,121,196,1.6198347107438016,True
gemma4_26b,Q2_Medios,18592002,NF1,NRAS,641,686,1.0702028081123245,False
gemma4_26b,Q2_Medios,20375790,LyGDI,RhoGDI,109,228,2.091743119266055,False
gemma4_26b,Q2_Medios,20592285,oxytocinase,EPCAM,125,366,2.928,False
gemma4_26b,Q2_Medios,21410658,HLA-DRB4,HLA-B,194,2225,11.469072164948454,False
gemma4_26b,Q2_Medios,22974333,Cdc6,LINC00673,192,32,0.16666666666666666,False
gemma4_26b,Q2_Medios,31235784,DARPP-32,DP,116,87,0.75,True
gemma4_26b,Q2_Medios,34564849,DUOX2,TPO,135,152,1.125925925925926,False
gemma4_26b,Q2_Medios,17363767,EPHX1,GSTT1,427,1900,4.4496487119437935,False
gemma4_26b,Q2_Medios,29850896,MUS81,SLX4,145,115,0.7931034482758621,True
gemma4_26b,Q2_Medios,30709905,RAB8A,RAB7A,230,378,1.6434782608695653,True
gemma4_26b,Q2_Medios,21880146,Mesothelin,STAT3,179,3707,20.70949720670391,False
gemma4_26b,Q2_Medios,22619278,pim-1,Akt,301,3746,12.445182724252492,False
gemma4_26b,Q2_Medios,30377053,interleukin-22,EGFR,421,6689,15.888361045130642,False
gemma4_26b,Q2_Medios,31601979,DNA Methyltransferase 1,DNMT3B,884,493,0.5576923076923077,False
gemma4_26b,Q2_Medios,20853600,L-arginine amidinohydrolase,ARG1,119,283,2.3781512605042017,False
gemma4_26b,Q2_Medios,23794184,IL-31,TSLP,116,334,2.8793103448275863,False
gemma4_26b,Q2_Medios,23975336,SGLT1,GLUT2,129,119,0.9224806201550387,False
gemma4_26b,Q2_Medios,9230071,Rab9,Rab6,114,183,1.605263157894737,False
gemma4_26b,Q2_Medios,17948896,GRM3,GRM6,107,32,0.29906542056074764,False
gemma4_26b,Q2_Medios,20546165,LNK,LAT,123,156,1.2682926829268293,False
gemma4_26b,Q2_Medios,22882268,PINX1,PTEN,119,2820,23.69747899159664,False
gemma4_26b,Q2_Medios,23329754,FGF19,GLP-1,155,374,2.412903225806452,False
gemma4_26b,Q2_Medios,37479690,PDHA1,SIRT3,242,384,1.5867768595041323,True
gemma4_26b,Q2_Medios,38146125,CXCL16,IL-17A,206,1656,8.03883495145631,False
gemma4_26b,Q2_Medios,21792676,NfH,NEFL,100,310,3.1,False
gemma4_26b,Q2_Medios,26803106,Sirtuin 6,PTEN,368,2820,7.663043478260869,False
gemma4_26b,Q2_Medios,27609643,WDR1,GNA12,163,131,0.803680981595092,False
gemma4_26b,Q2_Medios,38831335,NEDD4L,NEDD4,395,462,1.169620253164557,True
gemma4_26b,Q2_Medios,8943276,growth hormone,hCG,480,186,0.3875,False
gemma4_26b,Q2_Medios,10224125,AF6,BCR,175,503,2.874285714285714,False
gemma4_26b,Q2_Medios,20037211,DPD,NUDT15,270,102,0.37777777777777777,False
gemma4_26b,Q2_Medios,21368691,Neuron-specific enolase,GFAP,278,384,1.381294964028777,True
gemma4_26b,Q2_Medios,22725681,copper transporter protein 1,ATP7B,115,390,3.391304347826087,False
gemma4_26b,Q2_Medios,25758468,CD45,CD11b,353,352,0.9971671388101983,False
gemma4_26b,Q2_Medios,26407101,CD31,CD38,338,317,0.9378698224852071,True
gemma4_26b,Q2_Medios,11590181,giantin,GM130,143,205,1.4335664335664335,False
gemma4_26b,Q2_Medios,19229105,Parkin,DJ-1,992,576,0.5806451612903226,True
gemma4_26b,Q2_Medios,21404621,OS-9,SEL1L,119,159,1.3361344537815125,False
gemma4_26b,Q2_Medios,24574362,ACTN4,EGFR,423,6689,15.81323877068558,False
gemma4_26b,Q2_Medios,27517149,SNHG1,LINC00657,146,97,0.6643835616438356,False
gemma4_26b,Q2_Medios,29407292,Interleukin-17F,CSF2,259,348,1.3436293436293436,False
gemma4_26b,Q2_Medios,12169206,FHIT,CDKN2A,357,2699,7.560224089635854,False
gemma4_26b,Q2_Medios,12228247,Endoglin,TIE2,534,309,0.5786516853932584,False
gemma4_26b,Q2_Medios,12234138,NRAMP1,TNF,206,6448,31.300970873786408,False
gemma4_26b,Q2_Medios,15926113,CAPN10,INSR,175,756,4.32,False
gemma4_26b,Q2_Medios,19332728,OPRT,MTR,128,491,3.8359375,True
gemma4_26b,Q2_Medios,32970737,INHBA,MSTN,320,226,0.70625,True
gemma4_26b,Q2_Medios,18385516,GRASP55,GRASP65,127,78,0.6141732283464567,False
gemma4_26b,Q2_Medios,19118547,Ankyrin repeat domain 28,ANKRD26,107,87,0.8130841121495327,False
gemma4_26b,Q2_Medios,19672300,CHOP,ATF6,314,240,0.7643312101910829,False
gemma4_26b,Q2_Medios,20214763,SLC11A1,IL10,206,3484,16.9126213592233,False
gemma4_26b,Q2_Medios,24695378,CDKAL1,FTO,297,1053,3.5454545454545454,False
gemma4_26b,Q2_Medios,28988713,Otx2,SNAI1,125,676,5.408,False
gemma4_26b,Q2_Medios,9789045,FAA,FANCL,240,97,0.4041666666666667,False
gemma4_26b,Q2_Medios,22844406,HOXB7,HOXA9,115,222,1.9304347826086956,False
gemma4_26b,Q2_Medios,23687340,G-CSF receptor,CSF1R,158,275,1.740506329113924,False
gemma4_26b,Q2_Medios,24766303,PLCE1,DNMT1,192,884,4.604166666666667,False
gemma4_26b,Q2_Medios,27075829,PCSK9,ANGPTL3,771,163,0.21141374837872892,False
gemma4_26b,Q2_Medios,27103069,RAB8a,RAB1,230,259,1.126086956521739,False
gemma4_26b,Q2_Medios,28826039,vaspin,AMH,166,419,2.5240963855421685,False
gemma4_26b,Q2_Medios,35025009,Integrin alpha6,ZNF365,372,57,0.1532258064516129,False
gemma4_26b,Q2_Medios,7896837,Lck,Fyn,564,678,1.202127659574468,False
gemma4_26b,Q2_Medios,14677049,PPARalpha,pparg,656,2278,3.472560975609756,False
gemma4_26b,Q2_Medios,16495483,Elmo1,Crk,114,345,3.026315789473684,True
gemma4_26b,Q2_Medios,17192875,TGFBR3,SMAD4,172,918,5.337209302325581,False
gemma4_26b,Q2_Medios,18592168,LRP8,LRP5,147,326,2.2176870748299318,False
gemma4_26b,Q2_Medios,19299407,CETP,APOA1,707,1129,1.5968882602545968,False
gemma4_26b,Q2_Medios,23775149,IGF2,H19,749,570,0.7610146862483311,True
gemma4_26b,Q2_Medios,23956198,FOXG1,AKT,120,3746,31.216666666666665,False
gemma4_26b,Q2_Medios,28724915,Smurf2,FBXW7,213,618,2.9014084507042255,False
gemma4_26b,Q2_Medios,29065392,Ku80,DNA-PKcs,720,933,1.2958333333333334,True
gemma4_26b,Q2_Medios,30895599,ARMS2,CFH,242,890,3.677685950413223,True
gemma4_26b,Q2_Medios,34694182,LTA4H,ALOX5,148,338,2.2837837837837838,False
gemma4_26b,Q2_Medios,35261819,CCAT1,LINC00665,121,31,0.256198347107438,False
gemma4_26b,Q2_Medios,15130582,BAF,BAF57,212,240,1.1320754716981132,False
gemma4_26b,Q2_Medios,18284209,TFIIF,TFIIS,185,106,0.572972972972973,False
gemma4_26b,Q2_Medios,22026458,Glypican-3,ATF1,260,258,0.9923076923076923,False
gemma4_26b,Q2_Medios,25287602,CD40 ligand,CD40,547,627,1.146252285191956,True
gemma4_26b,Q2_Medios,28678816,Kif5A,KIF1A,134,119,0.8880597014925373,False
gemma4_26b,Q2_Medios,29561707,INO80,CD133,108,631,5.842592592592593,True
gemma4_26b,Q2_Medios,19415485,MUC1,EGFR,959,6689,6.974973931178311,False
gemma4_26b,Q2_Medios,20080080,Lp-PLA(2),sEH,337,163,0.4836795252225519,False
gemma4_26b,Q2_Medios,22666436,DMT1,TfR1,142,599,4.21830985915493,False
gemma4_26b,Q2_Medios,23166521,poly(A)-binding protein nuclear 1,CPSF73,239,153,0.6401673640167364,False
gemma4_26b,Q2_Medios,23325686,Ezrin,ALG-2,675,188,0.2785185185185185,True
gemma4_26b,Q2_Medios,23487342,PTPRA,PRKCB,137,433,3.1605839416058394,False
gemma4_26b,Q2_Medios,25657325,NuMA,CDK5RAP2,355,123,0.3464788732394366,True
gemma4_26b,Q2_Medios,23642263,UPF1,eIF4E,410,515,1.2560975609756098,False
gemma4_26b,Q2_Medios,24636039,ErbB4,NRG1,399,571,1.431077694235589,True
gemma4_26b,Q2_Medios,24834797,YTHDC2,DDX21,149,373,2.5033557046979866,False
gemma4_26b,Q2_Medios,27356469,TRPA1,TRPV1,242,481,1.987603305785124,True
gemma4_26b,Q2_Medios,28790309,HHARI,Parkin,105,992,9.447619047619048,False
gemma4_26b,Q2_Medios,31380412,IRF4,STAT3,258,3707,14.368217054263566,False
gemma4_26b,Q2_Medios,31900208,Acylglycerol kinase,PIK3C3,151,272,1.8013245033112584,False
gemma4_26b,Q2_Medios,33498624,Arylsulfatase A,SPAM1,154,27,0.17532467532467533,True
gemma4_26b,Q2_Medios,10875927,HOXA5,p53,127,11629,91.56692913385827,True
gemma4_26b,Q2_Medios,17556010,fucosyltransferase IV,FUT1,113,88,0.7787610619469026,False
gemma4_26b,Q2_Medios,17923735,thymidine phosphorylase,TP53,190,11629,61.205263157894734,False
gemma4_26b,Q2_Medios,21471203,Msx2,Runx2,106,641,6.047169811320755,False
gemma4_26b,Q2_Medios,24418192,CNTNAP2,CDKN2A,150,2699,17.993333333333332,False
gemma4_26b,Q2_Medios,28426188,EXT1,MAGI2,144,101,0.7013888888888888,False
gemma4_26b,Q2_Medios,33097827,HTR2A,CYP2D6,737,1089,1.4776119402985075,False
gemma4_26b,Q2_Medios,19303401,arginase 1,AGTR1,283,996,3.519434628975265,False
gemma4_26b,Q2_Medios,21913056,TCF7L2,CTNNB1,856,3367,3.933411214953271,False
gemma4_26b,Q2_Medios,34265287,Snail,ZEB1,676,656,0.9704142011834319,False
gemma4_26b,Q2_Medios,17728257,methylmalonyl-CoA mutase,Mcm7,123,446,3.6260162601626016,False
gemma4_26b,Q2_Medios,30554083,TIM-3,TIGIT,463,137,0.2958963282937365,False
gemma4_26b,Q2_Medios,17849285,ASPM,WDR62,159,112,0.7044025157232704,False
gemma4_26b,Q2_Medios,18451177,TIP60,SRC,391,1520,3.887468030690537,False
gemma4_26b,Q2_Medios,18507837,CCNE1,CDK1,521,1218,2.3378119001919386,False
gemma4_26b,Q2_Medios,32167078,Exonuclease 1,Ku70,164,754,4.597560975609756,True
gemma4_26b,Q2_Medios,32783369,BANF1,WDR65,212,30,0.14150943396226415,False
gemma4_26b,Q2_Medios,34418458,PFKP,PGK1,250,342,1.368,False
gemma4_26b,Q2_Medios,17123722,AP-2beta,BDNF,112,2560,22.857142857142858,False
gemma4_26b,Q2_Medios,18854317,NB1,CD11b,100,352,3.52,False
gemma4_26b,Q2_Medios,18984771,NOV,AURKA,129,862,6.682170542635659,False
gemma4_26b,Q2_Medios,18996922,SMC1A,NIPBL,347,202,0.5821325648414986,True
gemma4_26b,Q2_Medios,19028691,IPS-1,MDA5,429,355,0.8275058275058275,False
gemma4_26b,Q2_Medios,20605702,NOS1AP,DISC1,150,309,2.06,False
gemma4_26b,Q2_Medios,21994574,AKAP149,DDX3,121,562,4.644628099173554,False
gemma4_26b,Q2_Medios,26150353,Pin1,ACVR2B,529,104,0.19659735349716445,False
gemma4_26b,Q2_Medios,33862464,YTHDF1,YTHDF2,174,282,1.6206896551724137,False
gemma4_26b,Q2_Medios,15735762,E2Fs 1-5,E2F1,225,970,4.311111111111111,True
gemma4_26b,Q2_Medios,19356052,UGT1A6,UGT1A1,133,753,5.661654135338346,False
gemma4_26b,Q2_Medios,22722750,DNMT3A,FLT3,614,835,1.3599348534201954,False
gemma4_26b,Q2_Medios,23102918,CCL18,CCL22,161,142,0.8819875776397516,False
gemma4_26b,Q2_Medios,25578727,USP24,USP7,104,660,6.346153846153846,False
gemma4_26b,Q2_Medios,30979931,DYRK1A,PPP1R14B,298,31,0.1040268456375839,False
gemma4_26b,Q2_Medios,1915414,p62,Nup153,212,266,1.2547169811320755,False
gemma4_26b,Q2_Medios,9498238,CYP11A.,CYP2D6,154,1089,7.071428571428571,True
gemma4_26b,Q2_Medios,12704215,S100A11,S100A12,159,151,0.949685534591195,False
gemma4_26b,Q2_Medios,18337829,CD209,CD1c,469,64,0.13646055437100213,False
gemma4_26b,Q2_Medios,18420269,TRPC1,TRPC6,201,231,1.1492537313432836,False
gemma4_26b,Q2_Medios,25209430,VAMP8,USP10,131,280,2.1374045801526718,False
gemma4_26b,Q2_Medios,31295688,LPP,CFHR1,147,107,0.7278911564625851,False
gemma4_26b,Q2_Medios,10672042,20alpha-hydroxysteroid dehydrogenase,HSD3B1,114,133,1.1666666666666667,False
gemma4_26b,Q2_Medios,19675172,IL-21,IL-4,416,1301,3.1274038461538463,True
gemma4_26b,Q2_Medios,34378358,PU.1,FOXA2,282,195,0.6914893617021277,False
gemma4_26b,Q2_Medios,38373841,KLF2,NLRP3,195,1295,6.641025641025641,True
gemma4_26b,Q2_Medios,19069167,beta2-GPI,APOA1,259,1129,4.359073359073359,False
gemma4_26b,Q2_Medios,24259048,ECM1,SPAG16,134,26,0.19402985074626866,False
gemma4_26b,Q2_Medios,24916695,CLIC4,HSP90B1,126,535,4.246031746031746,False
gemma4_26b,Q2_Medios,24973170,CKS1B,B2M,125,487,3.896,False
gemma4_26b,Q2_Medios,36266732,Piezo1,Fak,267,1103,4.131086142322097,False
gemma4_26b,Q2_Medios,17479437,GAD65,GAD,129,157,1.2170542635658914,False
gemma4_26b,Q2_Medios,23066029,Cdt2,DDB1,132,669,5.068181818181818,True
gemma4_26b,Q2_Medios,23069210,Msp58,MSL2,109,55,0.5045871559633027,False
gemma4_26b,Q2_Medios,24063684,eIF4B,eIF4A,254,366,1.4409448818897639,False
gemma4_26b,Q2_Medios,30792187,HAVCR2,CARD11,463,139,0.3002159827213823,False
gemma4_26b,Q2_Medios,11306556,GM130,p115,205,51,0.24878048780487805,True
gemma4_26b,Q2_Medios,21870514,matrix Gla-protein,TNF,153,6448,42.1437908496732,False
gemma4_26b,Q2_Medios,25053464,MVK,CSNK2A1,124,944,7.612903225806452,False
gemma4_26b,Q2_Medios,26305249,Neuroglobin,IDO1,117,514,4.3931623931623935,False
gemma4_26b,Q2_Medios,27578485,DCP1A,PIWIL2,145,71,0.4896551724137931,False
gemma4_26b,Q2_Medios,31578589,Follistatin-like protein 1,STAT6,137,405,2.9562043795620436,True
gemma4_26b,Q2_Medios,37278569,RAB6A,RAB27A,183,193,1.0546448087431695,False
gemma4_26b,Q2_Medios,23532381,PICT1,NPM1,141,1194,8.46808510638298,False
gemma4_26b,Q2_Medios,25564309,DcR3,TNFSF12,149,243,1.6308724832214765,False
gemma4_26b,Q2_Medios,26018753,E2F7,AKT,105,3746,35.67619047619048,True
gemma4_26b,Q2_Medios,17405915,TNF-alpha-converting enzyme,ACE,546,2771,5.075091575091575,False
gemma4_26b,Q2_Medios,20565746,HOXA9,HOP,222,69,0.3108108108108108,True
gemma4_26b,Q2_Medios,21131967,GLP,G9a,167,332,1.9880239520958083,False
gemma4_26b,Q2_Medios,23317483,Interleukin-13,IL4,740,1301,1.758108108108108,False
gemma4_26b,Q2_Medios,23323615,melanocortin-3 receptor,GPR120,111,93,0.8378378378378378,False
gemma4_26b,Q2_Medios,27429853,PCDH15,ZNF423,128,54,0.421875,False
gemma4_26b,Q2_Medios,30819820,CDK12,CDK9,188,577,3.0691489361702127,False
gemma4_26b,Q2_Medios,15521070,caldesmon,MYL9,172,85,0.4941860465116279,False
gemma4_26b,Q2_Medios,26832416,SMARCAL1,FANCM,107,109,1.0186915887850467,False
gemma4_26b,Q2_Medios,32268092,AFF4,SUPT5H,121,219,1.8099173553719008,False
gemma4_26b,Q2_Medios,15556996,Rad9,RFC,149,318,2.134228187919463,False
gemma4_26b,Q2_Medios,20619150,ANRIL,Xist,325,263,0.8092307692307692,False
gemma4_26b,Q2_Medios,22106281,Rac2,Rac1,172,1346,7.825581395348837,False
gemma4_26b,Q2_Medios,24386364,BTF3,ODC1,136,119,0.875,True
gemma4_26b,Q2_Medios,25337209,AdipoR2,DUSP4,163,93,0.5705521472392638,True
gemma4_26b,Q2_Medios,33917494,PER2,GAPVD1,205,119,0.5804878048780487,True
gemma4_26b,Q2_Medios,34673637,FGFR4,FGF23,267,654,2.449438202247191,False
gemma4_26b,Q2_Medios,18434323,pregnancy-associated plasma protein-A,ADAM3,289,12,0.04152249134948097,False
gemma4_26b,Q2_Medios,19887623,SOX4,SOX17,272,113,0.41544117647058826,False
gemma4_26b,Q2_Medios,21337384,fucosyltransferase IV,FUT9,113,35,0.30973451327433627,False
gemma4_26b,Q2_Medios,32557257,FKBP4,NR3C1,265,1295,4.886792452830188,False
gemma4_26b,Q2_Medios,33637954,RORalpha,NR5A2,198,191,0.9646464646464646,False
gemma4_26b,Q2_Medios,35170374,RHOT1,ZEB1,116,656,5.655172413793103,False
gemma4_26b,Q2_Medios,18211889,hPrp3,U4atac,208,24,0.11538461538461539,False
gemma4_26b,Q2_Medios,19342888,CtIP,CtBP2,228,251,1.1008771929824561,False
gemma4_26b,Q2_Medios,31020542,GATA3,p53,516,11629,22.536821705426355,False
gemma4_26b,Q2_Medios,31169983,PC4,ERC1,199,149,0.7487437185929648,False
gemma4_26b,Q2_Medios,32924985,miR-150,EZR,298,675,2.2651006711409396,False
gemma4_26b,Q2_Medios,1977660,Lewis blood group,FUT1,115,88,0.7652173913043478,False
gemma4_26b,Q2_Medios,17202338,Klotho,GUSB,529,94,0.1776937618147448,False
gemma4_26b,Q2_Medios,18285836,BRIP1,Abraxas1,220,78,0.35454545454545455,False
gemma4_26b,Q2_Medios,25780036,CD40,BCR,627,503,0.8022328548644339,False
gemma4_26b,Q2_Medios,27505134,L1CAM,p53,338,11629,34.405325443786985,False
gemma4_26b,Q2_Medios,29726059,ETV6,ABL1,330,923,2.796969696969697,True
gemma4_26b,Q2_Medios,30515972,Cbl-b,FBXW7,208,618,2.9711538461538463,False
gemma4_26b,Q2_Medios,36994687,G-protein-coupled receptor kinase-interacting protein-1,LINC00943,149,7,0.04697986577181208,False
gemma4_26b,Q2_Medios,10713044,RAD9,Rad10,149,760,5.100671140939597,False
gemma4_26b,Q2_Medios,12190814,MICA,MIC60,563,280,0.49733570159857904,False
gemma4_26b,Q2_Medios,12427559,DDA3,p21,100,7,0.07,False
gemma4_26b,Q2_Medios,13679391,CCL7,CCL3,120,299,2.4916666666666667,False
gemma4_26b,Q2_Medios,23654079,CD26,IL2,621,900,1.4492753623188406,False
gemma4_26b,Q2_Medios,12873722,DLC1,DLK1,187,188,1.0053475935828877,False
gemma4_26b,Q2_Medios,15561974,EphA2,EphB2,456,214,0.4692982456140351,False
gemma4_26b,Q2_Medios,18845326,DNA ligase IV,RAG1,216,159,0.7361111111111112,False
gemma4_26b,Q2_Medios,21821000,BAF53,CTCF,260,467,1.7961538461538462,False
gemma4_26b,Q2_Medios,29867203,aggrecan,FBN1,178,523,2.938202247191011,False
gemma4_26b,Q2_Medios,34209751,SR-B1,LDLR,404,897,2.2202970297029703,True
gemma4_26b,Q2_Medios,11816564,HSP22,MARC1,148,72,0.4864864864864865,False
gemma4_26b,Q2_Medios,33865911,IL-33,STAT6,732,405,0.5532786885245902,False
gemma4_26b,Q2_Medios,35768685,DKK3,DKK1,194,533,2.747422680412371,True
gemma4_26b,Q2_Medios,11251075,GIPC,NHERF1,139,301,2.1654676258992804,False
gemma4_26b,Q2_Medios,15166247,MLN51,MAGOH,104,136,1.3076923076923077,True
gemma4_26b,Q2_Medios,21439723,TXNIP,p53,297,11629,39.15488215488215,False
gemma4_26b,Q2_Medios,24062569,KCNH1,BK,117,201,1.7179487179487178,False
gemma4_26b,Q2_Medios,25214041,CEBPA,RUNX1,553,936,1.6925858951175408,False
gemma4_26b,Q2_Medios,25450647,NOB1,NIBP,128,87,0.6796875,False
gemma4_26b,Q2_Medios,34272384,CDKN1C,fgf10,252,127,0.503968253968254,False
gemma4_26b,Q2_Medios,19850743,Toll-like receptor 8,TRAF6,257,875,3.404669260700389,False
gemma4_26b,Q2_Medios,19862010,HBS1L,BCL11A,141,191,1.3546099290780143,False
gemma4_26b,Q2_Medios,22761865,Dopamine beta hydroxylase,COMT,231,2081,9.008658008658008,False
gemma4_26b,Q2_Medios,23043469,HBS1L,BCL11A,141,191,1.3546099290780143,False
gemma4_26b,Q2_Medios,28759957,SNHG1,HOTAIR,146,503,3.4452054794520546,False
gemma4_26b,Q2_Medios,32764530,Reelin,LINC00657,256,97,0.37890625,False
gemma4_26b,Q2_Medios,7987321,BAM22,AP1S1,172,86,0.5,False
gemma4_26b,Q2_Medios,12167657,EphA2,EGFR,456,6689,14.668859649122806,False
gemma4_26b,Q2_Medios,12714585,mitogen-activated protein kinase kinase-4,JNK,216,1060,4.907407407407407,True
gemma4_26b,Q2_Medios,22484241,RIPK2,JAK3,213,276,1.295774647887324,False
gemma4_26b,Q2_Medios,22761775,CLIC4,ClC-5,126,115,0.9126984126984127,False
gemma4_26b,Q2_Medios,23158864,I-TAC,CXCL10,136,776,5.705882352941177,False
gemma4_26b,Q2_Medios,26654793,ABCA7,TREM2,101,351,3.4752475247524752,False
gemma4_26b,Q2_Medios,30449416,DDR2,FGFR2,142,717,5.049295774647887,False
gemma4_26b,Q2_Medios,32019397,Dll1,Notch1,127,1591,12.527559055118111,False
gemma4_26b,Q2_Medios,16354680,raptor,TSC2,300,543,1.81,False
gemma4_26b,Q2_Medios,17119117,BAFF-R,CD19,107,168,1.5700934579439252,True
gemma4_26b,Q2_Medios,17132480,Glycodelin,LOX-1,141,338,2.397163120567376,False
gemma4_26b,Q2_Medios,29683064,XPO5,DGCR8,185,157,0.8486486486486486,False
gemma4_26b,Q2_Medios,29970682,suppressor of cytokine signaling 3,STAT3,554,3707,6.691335740072202,True
gemma4_26b,Q2_Medios,32082362,BMP9,VEGF,141,5214,36.97872340425532,True
gemma4_26b,Q2_Medios,23867215,pituitary tumor transforming gene,c-Myc,313,2704,8.638977635782748,False
gemma4_26b,Q2_Medios,24670704,CXCL10,CRP,776,1,0.001288659793814433,False
gemma4_26b,Q2_Medios,26045788,CSN5,YBX1,353,777,2.2011331444759206,False
gemma4_26b,Q2_Medios,26585362,allograft inflammatory factor-1,GM-CSF,101,348,3.4455445544554455,False
gemma4_26b,Q2_Medios,38413612,CCNH,RBBP8,173,228,1.3179190751445087,False
gemma4_26b,Q2_Medios,27882533,RAD21,NIPBL,233,202,0.8669527896995708,False
gemma4_26b,Q2_Medios,34366322,PPM1G,USP25,177,114,0.6440677966101694,False
gemma4_26b,Q2_Medios,35459212,Bnip3,PINK1,227,511,2.251101321585903,False
gemma4_26b,Q2_Medios,37130168,STING,TBK1,525,566,1.078095238095238,False
gemma4_26b,Q2_Medios,17562792,C/EBPdelta,p63,124,967,7.798387096774194,False
gemma4_26b,Q2_Medios,20421936,TNKS,PARP1,166,1610,9.698795180722891,False
gemma4_26b,Q2_Medios,21643791,KIBRA,BIN1,153,252,1.6470588235294117,False
gemma4_26b,Q2_Medios,34576941,Lipin 1,LPP1,139,48,0.34532374100719426,False
gemma4_26b,Q2_Medios,38154209,IL-38,IL-1ra,105,518,4.933333333333334,False
gemma4_26b,Q3_Baixa_Popularidade,20067102,ARLTS1,MSH2,32,944,29.5,False
gemma4_26b,Q3_Baixa_Popularidade,20865290,CNDP1,BCHE,61,276,4.524590163934426,False
gemma4_26b,Q3_Baixa_Popularidade,24013428,HUS1B,RAD9B,14,18,1.2857142857142858,True
gemma4_26b,Q3_Baixa_Popularidade,24509276,SLC35F3,SLC19A2,13,83,6.384615384615385,False
gemma4_26b,Q3_Baixa_Popularidade,27010727,SPON1,CYP2C19,41,1111,27.097560975609756,False
gemma4_26b,Q3_Baixa_Popularidade,34373992,L3MBTL3,PTPN9,73,68,0.9315068493150684,True
gemma4_26b,Q3_Baixa_Popularidade,10409432,WHSC2,WHSC1,97,206,2.1237113402061856,False
gemma4_26b,Q3_Baixa_Popularidade,11179671,NBR2,NBR1,32,151,4.71875,True
gemma4_26b,Q3_Baixa_Popularidade,19013439,ADHFe1,ADH5,19,107,5.631578947368421,False
gemma4_26b,Q3_Baixa_Popularidade,21527911,Ostm1,ClC-5,46,115,2.5,False
gemma4_26b,Q3_Baixa_Popularidade,22690081,GABRQ,GABRA3,26,63,2.423076923076923,False
gemma4_26b,Q3_Baixa_Popularidade,24386373,FZD1,WNT5A,70,482,6.885714285714286,False
gemma4_26b,Q3_Baixa_Popularidade,31423895,DHRS2,Bax,69,1126,16.318840579710145,False
gemma4_26b,Q3_Baixa_Popularidade,31909476,ISPD,COL6A1,28,151,5.392857142857143,False
gemma4_26b,Q3_Baixa_Popularidade,32457413,connexin50,Cx46,98,78,0.7959183673469388,False
gemma4_26b,Q3_Baixa_Popularidade,37485351,RNF19B,FBXO27,29,20,0.6896551724137931,False
gemma4_26b,Q3_Baixa_Popularidade,3145196,Lyt-3,CD8,50,172,3.44,True
gemma4_26b,Q3_Baixa_Popularidade,16131712,NPHP4,NPHP1,65,96,1.476923076923077,False
gemma4_26b,Q3_Baixa_Popularidade,24792382,ALLC,ADRB2,11,1130,102.72727272727273,False
gemma4_26b,Q3_Baixa_Popularidade,25221423,FAM18B,KBTBD11,16,13,0.8125,False
gemma4_26b,Q3_Baixa_Popularidade,26852655,SLC17A2,SLC39A8,11,79,7.181818181818182,False
gemma4_26b,Q3_Baixa_Popularidade,29159834,LINC00473,LINC00941,30,23,0.7666666666666667,False
gemma4_26b,Q3_Baixa_Popularidade,31991095,DAGL-Beta,ATGL,35,146,4.171428571428572,False
gemma4_26b,Q3_Baixa_Popularidade,35609331,PCAT6,EXOSC10,25,198,7.92,False
gemma4_26b,Q3_Baixa_Popularidade,22447455,ASIP,TYRP1,45,101,2.2444444444444445,True
gemma4_26b,Q3_Baixa_Popularidade,22673115,SNX3,SNX17,100,84,0.84,False
gemma4_26b,Q3_Baixa_Popularidade,26355662,AGBL5,CNGA3,35,80,2.2857142857142856,False
gemma4_26b,Q3_Baixa_Popularidade,28958330,STAP1,SRC,38,1520,40.0,False
gemma4_26b,Q3_Baixa_Popularidade,12456399,Kir4.1,Kir5.1,98,38,0.3877551020408163,True
gemma4_26b,Q3_Baixa_Popularidade,16129570,ADAMTS6,ADAMTS1,35,145,4.142857142857143,False
gemma4_26b,Q3_Baixa_Popularidade,16527195,Irx5,KCNQ1,30,640,21.333333333333332,False
gemma4_26b,Q3_Baixa_Popularidade,18424904,ENGRAILED 2,PITX1,70,113,1.6142857142857143,False
gemma4_26b,Q3_Baixa_Popularidade,19262745,arylsulfatase I,ARSB,12,85,7.083333333333333,False
gemma4_26b,Q3_Baixa_Popularidade,23899432,CHRNA6,CHRNB4,58,144,2.4827586206896552,False
gemma4_26b,Q3_Baixa_Popularidade,25064737,DEPDC1,NEDD9,51,162,3.176470588235294,False
gemma4_26b,Q3_Baixa_Popularidade,27057006,microRNA-324,miR-122,55,434,7.890909090909091,False
gemma4_26b,Q3_Baixa_Popularidade,28157695,ABHD11-AS1,HOTAIR,19,503,26.473684210526315,False
gemma4_26b,Q3_Baixa_Popularidade,30415267,FOLR2,CCL2,63,1642,26.063492063492063,False
gemma4_26b,Q3_Baixa_Popularidade,30683112,MLC1,GFPT1,87,182,2.0919540229885056,False
gemma4_26b,Q3_Baixa_Popularidade,33060568,DHODH,CAD,63,26,0.4126984126984127,False
gemma4_26b,Q3_Baixa_Popularidade,17460191,MORF4,MRG15,15,128,8.533333333333333,True
gemma4_26b,Q3_Baixa_Popularidade,19414016,Tbx20,Tbx5,54,161,2.9814814814814814,False
gemma4_26b,Q3_Baixa_Popularidade,21401636,LEFTY B,GDF15,32,649,20.28125,False
gemma4_26b,Q3_Baixa_Popularidade,22291991,RINL,Rabin8,12,67,5.583333333333333,False
gemma4_26b,Q3_Baixa_Popularidade,22842048,CHCHD5,CHCHD4,15,66,4.4,False
gemma4_26b,Q3_Baixa_Popularidade,23760366,MAP3K4,TAK1,76,540,7.105263157894737,True
gemma4_26b,Q3_Baixa_Popularidade,29730655,ARHGAP17,p190RhoGAP,61,119,1.9508196721311475,False
gemma4_26b,Q3_Baixa_Popularidade,36861928,LINC00511,LINC00657,42,97,2.3095238095238093,False
gemma4_26b,Q3_Baixa_Popularidade,37419299,MXRA7,ZNF384,48,91,1.8958333333333333,False
gemma4_26b,Q3_Baixa_Popularidade,12800209,MLH3,MSH3,73,191,2.6164383561643834,False
gemma4_26b,Q3_Baixa_Popularidade,20045481,PARL,ROMO1,68,66,0.9705882352941176,False
gemma4_26b,Q3_Baixa_Popularidade,20607790,XKR4,FAM190B,17,44,2.588235294117647,False
gemma4_26b,Q3_Baixa_Popularidade,23739915,ZBTB46,CD40L,28,547,19.535714285714285,False
gemma4_26b,Q3_Baixa_Popularidade,25367361,CCDC122,SLC22A4,15,156,10.4,False
gemma4_26b,Q3_Baixa_Popularidade,31158522,ubxn6,VCP,82,869,10.597560975609756,True
gemma4_26b,Q3_Baixa_Popularidade,31546831,SH3BP5,JAK2,46,1813,39.41304347826087,False
gemma4_26b,Q3_Baixa_Popularidade,34904858,Heparan sulfate 3-O-sulfotransferase 4,CD41,13,442,34.0,False
gemma4_26b,Q3_Baixa_Popularidade,36192519,ANGPTL7,EYS,38,75,1.9736842105263157,False
gemma4_26b,Q3_Baixa_Popularidade,28046031,OVOL2,ZEB1,45,656,14.577777777777778,True
gemma4_26b,Q3_Baixa_Popularidade,28112756,FTX,HOTAIR,35,503,14.371428571428572,False
gemma4_26b,Q3_Baixa_Popularidade,34274945,SLC38A4,AXIN1,25,323,12.92,True
gemma4_26b,Q3_Baixa_Popularidade,17086543,seizure-related (SEZ) 6,SCN2A,18,153,8.5,False
gemma4_26b,Q3_Baixa_Popularidade,19302705,KIAA1109,TNFRSF4,65,136,2.0923076923076924,False
gemma4_26b,Q3_Baixa_Popularidade,38235871,UNC5D,SOCS3,24,554,23.083333333333332,False
gemma4_26b,Q3_Baixa_Popularidade,38252411,STK19,MND1,44,27,0.6136363636363636,False
gemma4_26b,Q3_Baixa_Popularidade,12721283,TIRP,TIRAP,53,154,2.9056603773584904,False
gemma4_26b,Q3_Baixa_Popularidade,17850865,RNF24,ITPR1,12,269,22.416666666666668,False
gemma4_26b,Q3_Baixa_Popularidade,30575903,ABHD11-AS1,LINC00943,19,7,0.3684210526315789,False
gemma4_26b,Q3_Baixa_Popularidade,32223671,CKIP-1,PTEN,65,2820,43.38461538461539,False
gemma4_26b,Q3_Baixa_Popularidade,32319600,SAC3D1,CDC20,21,426,20.285714285714285,True
gemma4_26b,Q3_Baixa_Popularidade,16684505,integrin alpha10,COL2A1,25,381,15.24,False
gemma4_26b,Q3_Baixa_Popularidade,21718987,Aven,Bcl-2,47,2227,47.38297872340426,False
gemma4_26b,Q3_Baixa_Popularidade,31822558,MafA,MafK,53,59,1.1132075471698113,False
gemma4_26b,Q3_Baixa_Popularidade,33660802,LINC00887,YBX1,13,777,59.76923076923077,False
gemma4_26b,Q3_Baixa_Popularidade,19435523,Chibby,TCF4,60,317,5.283333333333333,False
gemma4_26b,Q3_Baixa_Popularidade,22464020,IGHV3-21,IGHV4-34,13,10,0.7692307692307693,False
gemma4_26b,Q3_Baixa_Popularidade,24114056,GPR113,MUC13,16,54,3.375,True
gemma4_26b,Q3_Baixa_Popularidade,25445601,RBP-J-interacting and tubulin-associated,FBXO24,31,24,0.7741935483870968,False
gemma4_26b,Q3_Baixa_Popularidade,29321644,miR655,miR-21,26,1580,60.76923076923077,False
gemma4_26b,Q3_Baixa_Popularidade,30394818,RAD54B,ZNF297,76,21,0.27631578947368424,False
gemma4_26b,Q3_Baixa_Popularidade,31401365,ATP4A,MEN1,45,390,8.666666666666666,False
gemma4_26b,Q3_Baixa_Popularidade,32678982,KRT81,LINC00518,52,14,0.2692307692307692,False
gemma4_26b,Q3_Baixa_Popularidade,36881763,TATDN1,TATDN2,26,22,0.8461538461538461,False
gemma4_26b,Q3_Baixa_Popularidade,9427755,APM-1,BCOR,20,207,10.35,False
gemma4_26b,Q3_Baixa_Popularidade,11672448,ZNF230,ZNF236,23,22,0.9565217391304348,False
gemma4_26b,Q3_Baixa_Popularidade,17521822,KCNMB2,beta2,33,139,4.212121212121212,True
gemma4_26b,Q3_Baixa_Popularidade,19321927,glial cells missing a,cGAS,56,307,5.482142857142857,False
gemma4_26b,Q3_Baixa_Popularidade,19682311,FCRL2,CD44,27,1496,55.407407407407405,False
gemma4_26b,Q3_Baixa_Popularidade,23280965,SNX10,CLCN7,40,122,3.05,False
gemma4_26b,Q3_Baixa_Popularidade,24911211,ARL2,Arf1,98,302,3.0816326530612246,False
gemma4_26b,Q3_Baixa_Popularidade,27974379,RPUSD4,PUS4,37,39,1.054054054054054,False
gemma4_26b,Q3_Baixa_Popularidade,29459713,SLC25A29,SLC25A15,20,55,2.75,False
gemma4_26b,Q3_Baixa_Popularidade,33017352,PLXNA4,BIN1,54,252,4.666666666666667,False
gemma4_26b,Q3_Baixa_Popularidade,40972734,SLC35F2,SLC44A1,33,58,1.7575757575757576,False
gemma4_26b,Q3_Baixa_Popularidade,24499674,C4orf34,C14orf34,12,17,1.4166666666666667,False
gemma4_26b,Q3_Baixa_Popularidade,24736457,miR-3151,LINC00947,11,21,1.9090909090909092,False
gemma4_26b,Q3_Baixa_Popularidade,25302608,ABCG4,ABCG5,35,126,3.6,False
gemma4_26b,Q3_Baixa_Popularidade,27413799,TXNL4A,SRC,59,1520,25.76271186440678,False
gemma4_26b,Q3_Baixa_Popularidade,29373811,CASC2,LINC00152,75,100,1.3333333333333333,False
gemma4_26b,Q3_Baixa_Popularidade,32323793,LINC00858,LINC00943,20,7,0.35,False
gemma4_26b,Q3_Baixa_Popularidade,33980925,miR-506,SLC26A6,93,61,0.6559139784946236,False
gemma4_26b,Q3_Baixa_Popularidade,11112352,v7-3,NTT4,79,21,0.26582278481012656,False
gemma4_26b,Q3_Baixa_Popularidade,15192093,corin,furin,83,345,4.156626506024097,False
gemma4_26b,Q3_Baixa_Popularidade,24903490,Angiopoietin-like 7,ANGPTL8,38,151,3.973684210526316,False
gemma4_26b,Q3_Baixa_Popularidade,25590759,Iws1,HDAC1,76,1343,17.67105263157895,False
gemma4_26b,Q3_Baixa_Popularidade,28807727,PARK16,SNCA,21,2255,107.38095238095238,False
gemma4_26b,Q3_Baixa_Popularidade,31488582,CCDC157,GOLPH3,12,148,12.333333333333334,False
gemma4_26b,Q3_Baixa_Popularidade,35229923,PCDHGB1,GBA,16,548,34.25,False
gemma4_26b,Q3_Baixa_Popularidade,26578655,PRAS40,YAP,93,57,0.6129032258064516,False
gemma4_26b,Q3_Baixa_Popularidade,27799161,Munc13-4,ZAP70,94,387,4.117021276595745,False
gemma4_26b,Q3_Baixa_Popularidade,31515271,KLHL13,KLHL2,54,42,0.7777777777777778,False
gemma4_26b,Q3_Baixa_Popularidade,32355287,ERCC6L2,SMARCAL1,27,107,3.962962962962963,False
gemma4_26b,Q3_Baixa_Popularidade,33565216,CELA3B,ELA1,41,27,0.6585365853658537,False
gemma4_26b,Q3_Baixa_Popularidade,37673336,GPR114,GPR56,17,109,6.411764705882353,True
gemma4_26b,Q3_Baixa_Popularidade,16827919,ACSL6,SIRT1,41,1828,44.58536585365854,False
gemma4_26b,Q3_Baixa_Popularidade,18264133,AEN,TREX1,24,148,6.166666666666667,False
gemma4_26b,Q3_Baixa_Popularidade,27784631,FAM26F,CD163,12,313,26.083333333333332,False
gemma4_26b,Q3_Baixa_Popularidade,28846095,ZSCAN10,NRF2,15,121,8.066666666666666,False
gemma4_26b,Q3_Baixa_Popularidade,30367141,DHX40,DDX60,75,37,0.49333333333333335,False
gemma4_26b,Q3_Baixa_Popularidade,30683861,QRICH2,CFAP43,11,24,2.1818181818181817,False
gemma4_26b,Q3_Baixa_Popularidade,39455917,layilin,MICU1,26,114,4.384615384615385,False
gemma4_26b,Q3_Baixa_Popularidade,11294831,BENE,BANF1,24,212,8.833333333333334,False
gemma4_26b,Q3_Baixa_Popularidade,20301543,EXPH5,COL17A1,42,157,3.738095238095238,False
gemma4_26b,Q3_Baixa_Popularidade,27160456,PHF17,NXPH1,61,32,0.5245901639344263,True
gemma4_26b,Q3_Baixa_Popularidade,29544748,AFAP1-AS1,HOTAIR,65,503,7.7384615384615385,False
gemma4_26b,Q3_Baixa_Popularidade,30993766,SCN3A,FABP7,51,91,1.7843137254901962,True
gemma4_26b,Q3_Baixa_Popularidade,34431894,TXNRD2,CYP1B1,90,592,6.5777777777777775,False
gemma4_26b,Q3_Baixa_Popularidade,21646352,Apolipoprotein L6,Bim,27,519,19.22222222222222,False
gemma4_26b,Q3_Baixa_Popularidade,22046970,CD300a/c,CD28,44,425,9.659090909090908,False
gemma4_26b,Q3_Baixa_Popularidade,23324123,FoxO6,FoxO1,29,823,28.379310344827587,True
gemma4_26b,Q3_Baixa_Popularidade,23531852,urocortin,CDX2,86,398,4.627906976744186,False
gemma4_26b,Q3_Baixa_Popularidade,24862966,VSIG4,VISTA,50,87,1.74,False
gemma4_26b,Q3_Baixa_Popularidade,27359356,Cartilage Intermediate Layer Protein,COL9A1,36,66,1.8333333333333333,False
gemma4_26b,Q3_Baixa_Popularidade,34667079,PROSER1,PSRC1,31,100,3.225806451612903,False
gemma4_26b,Q3_Baixa_Popularidade,34925640,LMO4,ZEB1,69,656,9.507246376811594,False
gemma4_26b,Q3_Baixa_Popularidade,11237735,RSHL1,RSPH1,17,23,1.3529411764705883,False
gemma4_26b,Q3_Baixa_Popularidade,18814951,BTG1,CBLB,75,80,1.0666666666666667,False
gemma4_26b,Q3_Baixa_Popularidade,26110394,ANXA13,S100A9,28,706,25.214285714285715,False
gemma4_26b,Q3_Baixa_Popularidade,27143812,OSR2,CDH1,20,280,14.0,False
gemma4_26b,Q3_Baixa_Popularidade,31256822,NBPF8,AKAP12,11,172,15.636363636363637,False
gemma4_26b,Q3_Baixa_Popularidade,32495872,LIFR-AS1,LINC00923,11,1,0.09090909090909091,False
gemma4_26b,Q3_Baixa_Popularidade,35467255,ZNF543,ZNF91,13,27,2.076923076923077,False
gemma4_26b,Q3_Baixa_Popularidade,10500198,B cell-stimulating factor-3,CNTF,38,114,3.0,False
gemma4_26b,Q3_Baixa_Popularidade,23746317,TSPAN9,APOL3,28,30,1.0714285714285714,True
gemma4_26b,Q3_Baixa_Popularidade,25480944,TUSC4,Herc2,78,214,2.7435897435897436,True
gemma4_26b,Q3_Baixa_Popularidade,27531281,HHLA2,TIGIT,56,137,2.4464285714285716,False
gemma4_26b,Q3_Baixa_Popularidade,29807809,DNAJA4,TNFAIP3,49,541,11.040816326530612,True
gemma4_26b,Q3_Baixa_Popularidade,32503626,HAS-1,VEGF-A,71,5214,73.43661971830986,True
gemma4_26b,Q3_Baixa_Popularidade,35345673,GPC2,GPC3,23,260,11.304347826086957,False
gemma4_26b,Q3_Baixa_Popularidade,35474062,AKIP1,AKAP1,54,121,2.240740740740741,False
gemma4_26b,Q3_Baixa_Popularidade,38279428,LINC00339,LINC00665,16,31,1.9375,False
gemma4_26b,Q3_Baixa_Popularidade,9099852,KCNJ1,Kir2.1,63,184,2.9206349206349205,False
gemma4_26b,Q3_Baixa_Popularidade,14756426,synaptotagmin 10,Syt11,11,50,4.545454545454546,False
gemma4_26b,Q3_Baixa_Popularidade,18815158,GPR39,GHSR,62,172,2.774193548387097,False
gemma4_26b,Q3_Baixa_Popularidade,19372141,ALOX12B,KLK3,61,477,7.819672131147541,False
gemma4_26b,Q3_Baixa_Popularidade,21696384,DFNB59,OTOF,23,80,3.4782608695652173,False
gemma4_26b,Q3_Baixa_Popularidade,27178732,MATE2-K,SLC42A1,35,60,1.7142857142857142,False
gemma4_26b,Q3_Baixa_Popularidade,33208938,LDLRAD3,LRP3,26,18,0.6923076923076923,False
gemma4_26b,Q3_Baixa_Popularidade,15979100,MYCBP,AXIN2,87,193,2.218390804597701,False
gemma4_26b,Q3_Baixa_Popularidade,16406020,TSGA10,AURKC,39,82,2.1025641025641026,False
gemma4_26b,Q3_Baixa_Popularidade,18164932,Procollagen C-proteinase enhancer-1,BMP1,54,117,2.1666666666666665,False
gemma4_26b,Q3_Baixa_Popularidade,19000305,PTPN5,PTPN11,43,947,22.023255813953487,False
gemma4_26b,Q3_Baixa_Popularidade,20431721,connexin 46,GJA8,78,98,1.2564102564102564,False
gemma4_26b,Q3_Baixa_Popularidade,23393134,SIK3,SIK1,79,59,0.7468354430379747,False
gemma4_26b,Q3_Baixa_Popularidade,25270871,gastrokine-2,PTEN,26,2820,108.46153846153847,False
gemma4_26b,Q3_Baixa_Popularidade,27862679,ARHGAP15,Rac1,34,1346,39.588235294117645,True
gemma4_26b,Q3_Baixa_Popularidade,28340487,LRP3,RUNX2,18,641,35.611111111111114,False
gemma4_26b,Q3_Baixa_Popularidade,28926138,TNFAIP8,YAP1,68,1524,22.41176470588235,False
gemma4_26b,Q3_Baixa_Popularidade,32489020,MSC-AS1,LINC00665,17,31,1.8235294117647058,False
gemma4_26b,Q3_Baixa_Popularidade,34345014,RNF141,RNF144,16,44,2.75,False
gemma4_26b,Q3_Baixa_Popularidade,36419348,KCNC1,KCNQ3,49,98,2.0,False
gemma4_26b,Q3_Baixa_Popularidade,14678797,CHMP4,CHMP4b,71,171,2.408450704225352,False
gemma4_26b,Q3_Baixa_Popularidade,22367439,NIPA2,MagT1,20,136,6.8,False
gemma4_26b,Q3_Baixa_Popularidade,23284291,DNER,CHRNA3,42,234,5.571428571428571,False
gemma4_26b,Q3_Baixa_Popularidade,24498354,PRODH,COMT,96,2081,21.677083333333332,False
gemma4_26b,Q3_Baixa_Popularidade,27858163,PIWIL3,PIWIL1,15,95,6.333333333333333,False
gemma4_26b,Q3_Baixa_Popularidade,29314551,MYH3,TNNI1,61,48,0.7868852459016393,False
gemma4_26b,Q3_Baixa_Popularidade,32759789,MUDENG,TRAIL,20,929,46.45,True
gemma4_26b,Q3_Baixa_Popularidade,33427755,SLC52A1,SLC52A2,25,40,1.6,False
gemma4_26b,Q3_Baixa_Popularidade,36030582,LINC01234,LINC00665,23,31,1.3478260869565217,False
gemma4_26b,Q3_Baixa_Popularidade,16406239,GJB3,GJB6,77,166,2.155844155844156,True
gemma4_26b,Q3_Baixa_Popularidade,18309376,ZNF311,HLA-B,14,2225,158.92857142857142,False
gemma4_26b,Q3_Baixa_Popularidade,20150366,GLTSCR1,XPD,53,926,17.471698113207548,False
gemma4_26b,Q3_Baixa_Popularidade,27261276,CD300b,TREM2,19,351,18.473684210526315,False
gemma4_26b,Q3_Baixa_Popularidade,36736276,MIR503HG,LINC00152,26,100,3.8461538461538463,False
gemma4_26b,Q3_Baixa_Popularidade,38890684,LAT2,SLC7A8,45,52,1.1555555555555554,True
gemma4_26b,Q3_Baixa_Popularidade,17074475,CRTAC1,CHADL,45,11,0.24444444444444444,False
gemma4_26b,Q3_Baixa_Popularidade,19578367,CCDC26,MYC,28,2704,96.57142857142857,False
gemma4_26b,Q3_Baixa_Popularidade,21795595,Regulator of G protein signaling-1,S1PR1,69,237,3.4347826086956523,False
gemma4_26b,Q3_Baixa_Popularidade,24231739,NAC1,ZNF434,96,17,0.17708333333333334,False
gemma4_26b,Q3_Baixa_Popularidade,29426014,NEURL4,UBE3A,66,427,6.46969696969697,True
gemma4_26b,Q3_Baixa_Popularidade,33099917,Arylsulfatase D,STS,19,122,6.421052631578948,True
gemma4_26b,Q3_Baixa_Popularidade,33603952,TXNDC2,TXNDC1,18,130,7.222222222222222,False
gemma4_26b,Q3_Baixa_Popularidade,38670394,TGOLN2,FGFR2,62,717,11.564516129032258,False
gemma4_26b,Q3_Baixa_Popularidade,17595531,PASKIN,Snk,62,104,1.6774193548387097,False
gemma4_26b,Q3_Baixa_Popularidade,19415746,P21-activated kinase 5,PAK1,79,575,7.2784810126582276,False
gemma4_26b,Q3_Baixa_Popularidade,25157627,POFUT1,POGLUT1,80,50,0.625,True
gemma4_26b,Q3_Baixa_Popularidade,28837156,CHAC2,ATF4,17,383,22.529411764705884,False
gemma4_26b,Q3_Baixa_Popularidade,11997112,PPL13,LGALS3,18,1065,59.166666666666664,False
gemma4_26b,Q3_Baixa_Popularidade,21615302,MUC15,MUC1,28,959,34.25,True
gemma4_26b,Q3_Baixa_Popularidade,31198787,TROAP,KIF20B,53,69,1.3018867924528301,False
gemma4_26b,Q3_Baixa_Popularidade,32519845,GPR52,GPR37,17,57,3.3529411764705883,False
gemma4_26b,Q3_Baixa_Popularidade,35687021,Tensin3,Shc1,83,593,7.144578313253012,True
gemma4_26b,Q3_Baixa_Popularidade,36601873,DOCK6,ANGPTL8,60,151,2.5166666666666666,True
gemma4_26b,Q3_Baixa_Popularidade,15322554,PTP-MEG2,Sys1,68,15,0.22058823529411764,False
gemma4_26b,Q3_Baixa_Popularidade,16510524,COG-7,COG4,53,60,1.1320754716981132,False
gemma4_26b,Q3_Baixa_Popularidade,20978819,Fank1,ZNF297,24,21,0.875,False
gemma4_26b,Q3_Baixa_Popularidade,30129678,FBLIM1,P2Y12,55,239,4.345454545454546,False
gemma4_26b,Q3_Baixa_Popularidade,30548305,TIGD1,LINC00941,26,23,0.8846153846153846,False
gemma4_26b,Q3_Baixa_Popularidade,16569242,FRMD4A,ITGB1,41,1513,36.90243902439025,False
gemma4_26b,Q3_Baixa_Popularidade,24845505,LYRM1,PLIN1,17,115,6.764705882352941,False
gemma4_26b,Q3_Baixa_Popularidade,25214527,LILRB5,CKB,15,257,17.133333333333333,False
gemma4_26b,Q3_Baixa_Popularidade,31373686,ZMIZ1,ZNF633,89,47,0.5280898876404494,False
gemma4_26b,Q3_Baixa_Popularidade,33484574,RTL1,PEG10,22,135,6.136363636363637,False
gemma4_26b,Q3_Baixa_Popularidade,33620575,SPRR1B,MUC20,42,36,0.8571428571428571,True
gemma4_26b,Q3_Baixa_Popularidade,34257739,PCDHA,SHANK3,12,168,14.0,False
gemma4_26b,Q3_Baixa_Popularidade,35452674,BIKE,AAK1,66,93,1.4090909090909092,True
gemma4_26b,Q3_Baixa_Popularidade,37635201,TCAF2,STRAD,18,54,3.0,False
gemma4_26b,Q3_Baixa_Popularidade,16899382,GAMT,GATM,47,63,1.3404255319148937,False
gemma4_26b,Q3_Baixa_Popularidade,18541524,transmembrane protein 9B,TBC1D15,25,117,4.68,False
gemma4_26b,Q3_Baixa_Popularidade,18941546,HSF4,HSF1,56,452,8.071428571428571,False
gemma4_26b,Q3_Baixa_Popularidade,20031928,IGHMBP2,CFHR1,80,107,1.3375,False
gemma4_26b,Q3_Baixa_Popularidade,22190364,TAGAP,TYK2,47,259,5.51063829787234,False
gemma4_26b,Q3_Baixa_Popularidade,25239945,TRC8,Hrd1,39,212,5.435897435897436,False
gemma4_26b,Q3_Baixa_Popularidade,26544568,ZNF420,ZNF217,22,108,4.909090909090909,False
gemma4_26b,Q3_Baixa_Popularidade,28315334,Bapx1,ZNF297,25,21,0.84,False
gemma4_26b,Q3_Baixa_Popularidade,30664187,HepaCAM,RanBP2,56,387,6.910714285714286,False
gemma4_26b,Q3_Baixa_Popularidade,32014858,RDH12,RPE65,68,135,1.9852941176470589,False
gemma4_26b,Q3_Baixa_Popularidade,36931917,ZP1,ZP4,36,33,0.9166666666666666,False
gemma4_26b,Q3_Baixa_Popularidade,17318641,KLKB1,ACE,92,2771,30.119565217391305,False
gemma4_26b,Q3_Baixa_Popularidade,18669603,FKBPL,FKBP52,37,265,7.162162162162162,False
gemma4_26b,Q3_Baixa_Popularidade,31379208,DLEU1,HOTAIR,47,503,10.702127659574469,False
gemma4_26b,Q3_Baixa_Popularidade,21211617,NEK1,CEP152,100,82,0.82,False
gemma4_26b,Q3_Baixa_Popularidade,25349408,IkappaBdelta,p52,17,120,7.0588235294117645,True
gemma4_26b,Q3_Baixa_Popularidade,36729283,DENND3,SOS1,19,300,15.789473684210526,False
gemma4_26b,Q3_Baixa_Popularidade,24445935,ZNF396,Zfp191,17,103,6.0588235294117645,True
gemma4_26b,Q3_Baixa_Popularidade,30501451,P5 ATPase,ATP1B3,10,118,11.8,False
gemma4_26b,Q3_Baixa_Popularidade,30929735,TTC21A,CFAP44,22,23,1.0454545454545454,False
gemma4_26b,Q3_Baixa_Popularidade,35621037,TMEM67,MKS2,57,22,0.38596491228070173,False
gemma4_26b,Q3_Baixa_Popularidade,11731337,sterol C5 desaturase,DHCR7,40,232,5.8,False
gemma4_26b,Q3_Baixa_Popularidade,24374312,JARID2,SUZ12,85,268,3.152941176470588,False
gemma4_26b,Q3_Baixa_Popularidade,25904364,NANOS3,HuR,22,811,36.86363636363637,False
gemma4_26b,Q3_Baixa_Popularidade,27630214,FcRgamma,LAT,78,156,2.0,False
gemma4_26b,Q3_Baixa_Popularidade,29558758,B and T Lymphocyte Attenuator,TIGIT,97,137,1.4123711340206186,False
gemma4_26b,Q3_Baixa_Popularidade,33346999,Keratin K3,KRT12,43,35,0.813953488372093,False
gemma4_26b,Q3_Baixa_Popularidade,20540360,FMN1,IGF1R,34,1274,37.470588235294116,False
gemma4_26b,Q3_Baixa_Popularidade,25320013,MT4-MMP,ADAM17,40,546,13.65,False
gemma4_26b,Q3_Baixa_Popularidade,30036656,zinc finger protein like 1,RNF126,51,93,1.8235294117647058,False
gemma4_26b,Q3_Baixa_Popularidade,35260070,CCNL1,AKT1,80,3746,46.825,False
gemma4_26b,Q3_Baixa_Popularidade,11263960,DNASE1L1,DNASE1L3,43,56,1.302325581395349,False
gemma4_26b,Q3_Baixa_Popularidade,30262433,ZIP9,ZNT1,36,97,2.6944444444444446,False
gemma4_26b,Q3_Baixa_Popularidade,31356773,SLC25A30,SLC25A25,17,37,2.176470588235294,False
gemma4_26b,Q3_Baixa_Popularidade,32751929,COLEC11,COLEC10,39,36,0.9230769230769231,True
gemma4_26b,Q3_Baixa_Popularidade,35247384,METTL8,TRM2,25,4,0.16,False
gemma4_26b,Q3_Baixa_Popularidade,37711058,MBNL1-AS1,LINC00657,15,97,6.466666666666667,False
gemma4_26b,Q3_Baixa_Popularidade,38151566,NDUFB7,NDUFA10,49,126,2.5714285714285716,False
gemma4_26b,Q3_Baixa_Popularidade,38463028,JOSD2,USP47,38,108,2.8421052631578947,True
gemma4_26b,Q3_Baixa_Popularidade,8639829,HLF,ERG,58,493,8.5,False
gemma4_26b,Q3_Baixa_Popularidade,22356909,Intestinal cell kinase,SGK1,55,308,5.6,False
gemma4_26b,Q3_Baixa_Popularidade,23312075,PLAC4,ZNF423,11,54,4.909090909090909,False
gemma4_26b,Q3_Baixa_Popularidade,24337656,SCN2B,SCN1B,36,88,2.4444444444444446,True
gemma4_26b,Q3_Baixa_Popularidade,34212559,FK506 binding protein-like,AR,37,248,6.702702702702703,False
gemma4_26b,Q3_Baixa_Popularidade,38462741,ADGRG4,ADGRG2,17,30,1.7647058823529411,False
gemma4_26b,Q3_Baixa_Popularidade,9880541,CLIC3,CLIC4,31,126,4.064516129032258,False
gemma4_26b,Q3_Baixa_Popularidade,22158537,FITM2,ZC3H12B,24,12,0.5,False
gemma4_26b,Q3_Baixa_Popularidade,22194858,PAAF1,IGF1,52,2076,39.92307692307692,False
gemma4_26b,Q3_Baixa_Popularidade,23203797,marvelD3,gp130,19,359,18.894736842105264,False
gemma4_26b,Q3_Baixa_Popularidade,23826257,Fezf2,FOXP2,21,185,8.80952380952381,False
gemma4_26b,Q3_Baixa_Popularidade,28782631,CDHR3,TLR4,29,2778,95.79310344827586,False
gemma4_26b,Q3_Baixa_Popularidade,31689297,VIPR2,AUTS2,93,91,0.978494623655914,True
gemma4_26b,Q3_Baixa_Popularidade,33675808,DLEU2,LINC00665,43,31,0.7209302325581395,False
gemma4_26b,Q3_Baixa_Popularidade,39716028,TMEM63B,TMEM63A,29,39,1.3448275862068966,False
gemma4_26b,Q3_Baixa_Popularidade,9839802,ZNF85,ZNF91,16,27,1.6875,True
gemma4_26b,Q3_Baixa_Popularidade,10933397,Cabin1,HDAC4,81,368,4.54320987654321,False
gemma4_26b,Q3_Baixa_Popularidade,20889975,TnT,TnC,91,331,3.6373626373626373,True
gemma4_26b,Q3_Baixa_Popularidade,23068101,MYBPH,NKX2-1,15,336,22.4,False
gemma4_26b,Q3_Baixa_Popularidade,26162986,SKA2,WDR45,63,77,1.2222222222222223,False
gemma4_26b,Q3_Baixa_Popularidade,30427759,ADP-ribosylation factor-like 4A,Arf6,19,332,17.473684210526315,False
gemma4_26b,Q3_Baixa_Popularidade,38158881,GYPB,SLC4A1,73,321,4.397260273972603,False
gemma4_26b,Q3_Baixa_Popularidade,38530280,OMA1,HTRA2,50,212,4.24,False
gemma4_26b,Q3_Baixa_Popularidade,39179168,CBX7,CBX8,78,107,1.3717948717948718,True
gemma4_26b,Q3_Baixa_Popularidade,22106001,NAALADL2,NLGN1,24,72,3.0,True
gemma4_26b,Q3_Baixa_Popularidade,25950000,TTBK2,TAK1,65,540,8.307692307692308,False
gemma4_26b,Q3_Baixa_Popularidade,27249817,CD48,CD244,82,122,1.4878048780487805,True
gemma4_26b,Q3_Baixa_Popularidade,27806084,TOX3,ESR1,92,3640,39.56521739130435,False
gemma4_26b,Q3_Baixa_Popularidade,35893034,CASC8,GREM1,19,185,9.736842105263158,True
gemma4_26b,Q3_Baixa_Popularidade,37951930,FUNDC1,PINK1,55,511,9.290909090909091,False
gemma4_26b,Q3_Baixa_Popularidade,10821868,GLUT8,GLUT9,27,24,0.8888888888888888,False
gemma4_26b,Q3_Baixa_Popularidade,16263120,CKLFSF8,TM4SF4,33,22,0.6666666666666666,False
gemma4_26b,Q3_Baixa_Popularidade,17991420,Lipocalin-interacting-membrane-receptor,CD97,25,114,4.56,False
gemma4_26b,Q3_Baixa_Popularidade,20643647,Nat8l,NAT,30,180,6.0,False
gemma4_26b,Q3_Baixa_Popularidade,24607927,EHD3,DNAJC12,52,36,0.6923076923076923,False
gemma4_26b,Q3_Baixa_Popularidade,27808366,STEAP4,ADIPOQ,54,2464,45.629629629629626,False
gemma4_26b,Q3_Baixa_Popularidade,28737129,CTR2,ATP7B,25,390,15.6,True
gemma4_26b,Q3_Baixa_Popularidade,30816485,Opa interacting protein 5,METTL3,70,425,6.071428571428571,False
gemma4_26b,Q3_Baixa_Popularidade,36610560,Rab26,Nrf2,29,121,4.172413793103448,False
gemma4_26b,Q3_Baixa_Popularidade,23599027,FLRT2,INSR,35,756,21.6,False
gemma4_26b,Q3_Baixa_Popularidade,30389958,ADGRG2,ARX,30,104,3.466666666666667,False
gemma4_26b,Q3_Baixa_Popularidade,30391163,Mitoferrin-1,FECH,34,172,5.0588235294117645,True
gemma4_26b,Q3_Baixa_Popularidade,34326813,NUS1,GCK,69,357,5.173913043478261,False
gemma4_26b,Q3_Baixa_Popularidade,37712743,WDR72,USF2,35,102,2.914285714285714,True
gemma4_26b,Q3_Baixa_Popularidade,39562739,ZBTB48,TRF1,44,237,5.386363636363637,False
gemma4_26b,Q3_Baixa_Popularidade,15178455,NADE,NAG-1,35,649,18.542857142857144,False
gemma4_26b,Q3_Baixa_Popularidade,26973091,CASPASE-12,NLRP13,49,13,0.2653061224489796,False
gemma4_26b,Q3_Baixa_Popularidade,28346859,Zbed3,ZBTB20,31,73,2.3548387096774195,False
gemma4_26b,Q3_Baixa_Popularidade,30898877,BC200,tRNA,49,7,0.14285714285714285,True
gemma4_26b,Q3_Baixa_Popularidade,35896531,INHBE,ACVR2B,31,104,3.3548387096774195,False
gemma4_26b,Q3_Baixa_Popularidade,8780690,UGT1A3,UGT1A6,74,133,1.7972972972972974,False
gemma4_26b,Q3_Baixa_Popularidade,15544804,translin,HMGB1,96,1511,15.739583333333334,False
gemma4_26b,Q3_Baixa_Popularidade,22225612,Glycine decarboxylase,SHMT2,72,238,3.3055555555555554,False
gemma4_26b,Q3_Baixa_Popularidade,26095815,HA-1,MICA,54,563,10.425925925925926,False
gemma4_26b,Q3_Baixa_Popularidade,29323771,IGFN1,CFHR1,12,107,8.916666666666666,False
gemma4_26b,Q3_Baixa_Popularidade,31460868,ADAMTS7,CYP1A2,59,512,8.677966101694915,False
gemma4_26b,Q3_Baixa_Popularidade,20301604,IL1RAPL1,NR0B1,50,167,3.34,True
gemma4_26b,Q3_Baixa_Popularidade,23881105,SPG8,PRKN,90,992,11.022222222222222,False
gemma4_26b,Q3_Baixa_Popularidade,25193023,Romo1,SOD2,66,986,14.93939393939394,False
gemma4_26b,Q3_Baixa_Popularidade,27562070,Triadin,RyR1,54,345,6.388888888888889,False
gemma4_26b,Q3_Baixa_Popularidade,29204446,TRIM14,TRIM21,62,419,6.758064516129032,False
gemma4_26b,Q3_Baixa_Popularidade,30181378,Renalase,ACE,92,2771,30.119565217391305,False
gemma4_26b,Q3_Baixa_Popularidade,30350935,MicroRNA-1246,miR-21,81,1580,19.506172839506174,False
gemma4_26b,Q3_Baixa_Popularidade,30854931,CD37,CDKN1A,45,1844,40.977777777777774,False
gemma4_26b,Q3_Baixa_Popularidade,31363080,TTN-AS1,LINC00665,25,31,1.24,False
gemma4_26b,Q3_Baixa_Popularidade,37314493,MRGPRF,MRGPRX1,16,23,1.4375,False
gemma4_26b,Q3_Baixa_Popularidade,22975685,PHF20,MDM2,52,2218,42.65384615384615,False
gemma4_26b,Q3_Baixa_Popularidade,25233099,DGKI,MGMT,23,801,34.82608695652174,True
gemma4_26b,Q3_Baixa_Popularidade,29261175,SLC15A4,SLC20A2,44,89,2.022727272727273,False
gemma4_26b,Q3_Baixa_Popularidade,31092266,MIIP,PTEN,39,2820,72.3076923076923,False
gemma4_26b,Q3_Baixa_Popularidade,36007377,DPPA4,SOX2,44,818,18.59090909090909,False
gemma4_26b,Q3_Baixa_Popularidade,17956871,BSP,Spp1,63,1206,19.142857142857142,False
gemma4_26b,Q3_Baixa_Popularidade,18163988,hArp8,Arp5,54,53,0.9814814814814815,False
gemma4_26b,Q3_Baixa_Popularidade,26540345,MAGE-C2,CT1,61,116,1.901639344262295,False
gemma4_26b,Q3_Baixa_Popularidade,28302484,TSPAN12,SOX2,61,818,13.40983606557377,False
gemma4_26b,Q3_Baixa_Popularidade,29849566,ILDR1,GJB2,26,861,33.11538461538461,False
gemma4_26b,Q3_Baixa_Popularidade,37756562,LINC01089,LINC00943,13,7,0.5384615384615384,False
gemma4_26b,Q3_Baixa_Popularidade,12825073,PHKG1,PHKB,31,65,2.096774193548387,True
gemma4_26b,Q3_Baixa_Popularidade,16690525,ice,c-myc,84,2704,32.19047619047619,True
gemma4_26b,Q3_Baixa_Popularidade,27909719,epithelial membrane protein 1,PTEN,51,2820,55.294117647058826,False
gemma4_26b,Q3_Baixa_Popularidade,31837357,MUC13,EGFR,54,6689,123.87037037037037,True
gemma4_26b,Q3_Baixa_Popularidade,34408139,FLYWCH1,BRG1,36,771,21.416666666666668,True
gemma4_26b,Q3_Baixa_Popularidade,34946860,WDR13,THOC2,29,135,4.655172413793103,True
gemma4_26b,Q3_Baixa_Popularidade,8751391,RSC1A1,SLC5A8,26,63,2.423076923076923,False
gemma4_26b,Q4_Cauda_Longa,9545639,RP22,CRYM,1,49,49.0,True
gemma4_26b,Q3_Baixa_Popularidade,20920335,CKS2,CDC25C,77,252,3.272727272727273,False
gemma4_26b,Q3_Baixa_Popularidade,23431138,FBXO10,FBXO9,39,43,1.1025641025641026,False
gemma4_26b,Q3_Baixa_Popularidade,23800065,CPI-17,SOD2,43,986,22.930232558139537,False
gemma4_26b,Q4_Cauda_Longa,30605069,miR-1206,miR-145,6,664,110.66666666666667,False
gemma4_26b,Q4_Cauda_Longa,31200545,LOC151484,ITM2C,2,78,39.0,True
gemma4_26b,Q3_Baixa_Popularidade,33652941,SP6,ENAM,19,50,2.6315789473684212,False
gemma4_26b,Q3_Baixa_Popularidade,34058199,"beta1,3-glucosyltransferase",COG1,43,59,1.372093023255814,False
gemma4_26b,Q3_Baixa_Popularidade,35114100,STAMBPL1,USP14,45,233,5.177777777777778,False
gemma4_26b,Q4_Cauda_Longa,31282173,TRABD2A,ADAM17,8,546,68.25,False
gemma4_26b,Q4_Cauda_Longa,36700469,MCF2L-AS1,LINC00665,9,31,3.4444444444444446,False
gemma4_26b,Q4_Cauda_Longa,38070791,Long intergenic non-protein coding RNA 115,MALAT1,5,682,136.4,False
gemma4_26b,Q4_Cauda_Longa,17098703,HMGA1L2,PTENP1,3,45,15.0,False
gemma4_26b,Q4_Cauda_Longa,24501229,PPIEL,ZNF648,8,13,1.625,False
gemma4_26b,Q4_Cauda_Longa,32572918,Linc00601,LINC00657,1,97,97.0,False
gemma4_26b,Q4_Cauda_Longa,33414518,LINC00161,LINC00657,9,97,10.777777777777779,False
gemma4_26b,Q4_Cauda_Longa,35657686,OVAAL,LINC00665,5,31,6.2,False
gemma4_26b,Q4_Cauda_Longa,35707591,OR4M1,ADIPOR1,6,242,40.333333333333336,False
gemma4_26b,Q4_Cauda_Longa,8761437,CATR1,EGFR,3,6689,2229.6666666666665,False
gemma4_26b,Q4_Cauda_Longa,29700843,Spermatogenesis-associated 48,TEX11,8,38,4.75,False
gemma4_26b,Q4_Cauda_Longa,34731149,EMX2OS,LINC00665,9,31,3.4444444444444446,False
gemma4_26b,Q4_Cauda_Longa,38880921,ZSWIM1,ZEB1,9,656,72.88888888888889,False
gemma4_26b,Q4_Cauda_Longa,22258142,Yiya,LINC00673,3,32,10.666666666666666,False
gemma4_26b,Q4_Cauda_Longa,27076786,LOC101926975,LINC00657,1,97,97.0,False
gemma4_26b,Q4_Cauda_Longa,31582214,LINC01419,LINC00941,7,23,3.2857142857142856,False
gemma4_26b,Q4_Cauda_Longa,33504453,ERVV-1,ERVFRD-1,9,40,4.444444444444445,True
gemma4_26b,Q4_Cauda_Longa,34076996,miR-614,miR-145,7,664,94.85714285714286,False
gemma4_26b,Q4_Cauda_Longa,34378327,GACAT1,LINC00941,4,23,5.75,False
gemma4_26b,Q4_Cauda_Longa,6201125,peptidase E,CCL19,1,118,118.0,False
gemma4_26b,Q4_Cauda_Longa,25294924,RNATapSaki,TAPS,3,30,10.0,False
gemma4_26b,Q4_Cauda_Longa,30341249,LINC00210,LINC00665,4,31,7.75,False
gemma4_26b,Q4_Cauda_Longa,32841458,LINC00210,LINC00941,4,23,5.75,False
gemma4_26b,Q4_Cauda_Longa,33237828,SMIM25,LINC00925,8,12,1.5,False
gemma4_26b,Q4_Cauda_Longa,8005606,RT6,G6PD,4,566,141.5,False
gemma4_26b,Q4_Cauda_Longa,16717440,DFNA24,DFNA5,2,115,57.5,False
gemma4_26b,Q4_Cauda_Longa,31870402,HOXC-AS1,LINC00665,5,31,6.2,False
gemma4_26b,Q4_Cauda_Longa,12514748,PRNT,PRND,8,43,5.375,True
gemma4_26b,Q4_Cauda_Longa,26158411,Epist,LINC00944,6,5,0.8333333333333334,False
gemma4_26b,Q4_Cauda_Longa,26360614,DUXB,DUXA,6,5,0.8333333333333334,True
gemma4_26b,Q4_Cauda_Longa,38848293,LINC01106,LINC00657,7,97,13.857142857142858,False
gemma4_26b,Q4_Cauda_Longa,12935778,MYAS1,CHRNE,1,58,58.0,False
gemma4_26b,Q4_Cauda_Longa,25303483,PTCSC2,LINC00651,7,15,2.142857142857143,False
gemma4_26b,Q4_Cauda_Longa,28415780,PCAT-14,HOTAIR,4,503,125.75,False
gemma4_26b,Q4_Cauda_Longa,40068798,PLSCR5,Xkr1,6,42,7.0,False
gemma4_26b,Q4_Cauda_Longa,31504670,SNHG9,LINC00657,9,97,10.777777777777779,False
gemma4_26b,Q4_Cauda_Longa,32980991,PCAT19,LINC00665,9,31,3.4444444444444446,False
gemma4_26b,Q4_Cauda_Longa,36190397,miR-1234,AKT1,5,3746,749.2,False
gemma4_26b,Q4_Cauda_Longa,18093280,HB-1,HA-4,7,31,4.428571428571429,False
gemma4_26b,Q4_Cauda_Longa,10444326,HHLA3,HHLA1,9,6,0.6666666666666666,False
gemma4_26b,Q4_Cauda_Longa,28334377,LRIT3,Cacna1f,8,79,9.875,False
gemma4_26b,Q4_Cauda_Longa,28422318,ZNF404,SLC22A1,9,177,19.666666666666668,False
gemma4_26b,Q4_Cauda_Longa,29757368,LINC00514,LINC00617,8,9,1.125,True
gemma4_26b,Q4_Cauda_Longa,36806387,NFIA-AS2,LINC00545,5,1,0.2,False
gemma4_26b,Q4_Cauda_Longa,15175115,SLC22A1LS,H19,8,570,71.25,False
gemma4_26b,Q4_Cauda_Longa,28087599,LINC00092,HOTAIR,6,503,83.83333333333333,False
gemma4_26b,Q4_Cauda_Longa,28184924,miR-922,miR-21,9,1580,175.55555555555554,False
gemma4_26b,Q4_Cauda_Longa,28701355,miR-4632,miR-145,5,664,132.8,False
gemma4_26b,Q4_Cauda_Longa,32279128,MicroRNA-4317,LINC00665,7,31,4.428571428571429,False
gemma4_26b,Q4_Cauda_Longa,32811869,EIF3J-AS1,LINC00941,6,23,3.8333333333333335,False
gemma4_26b,Q4_Cauda_Longa,37248547,WAC-AS1,LINC00943,7,7,1.0,False
gemma4_26b,Q4_Cauda_Longa,11369687,FAA1,COL6A3,1,112,112.0,False
gemma4_26b,Q4_Cauda_Longa,16303764,CLN9,LASS1,2,44,22.0,True
gemma4_26b,Q4_Cauda_Longa,20975707,HMGA1-p.,HMGA1P1,3,3,1.0,False
gemma4_26b,Q4_Cauda_Longa,24886442,RP11-46A10.4,PVT1,1,314,314.0,True
gemma4_26b,Q4_Cauda_Longa,30448060,LINC00165,LINC00665,4,31,7.75,False
gemma4_26b,Q4_Cauda_Longa,35905044,MTHFDL1,MTHFD1L,2,156,78.0,True
gemma4_26b,Q4_Cauda_Longa,36602957,DNMBP-AS1,LINC00943,2,7,3.5,False
gemma4_26b,Q4_Cauda_Longa,19752191,ALL1,SETD7,2,145,72.5,False
gemma4_26b,Q4_Cauda_Longa,29270239,ZNF542,CDH1,7,280,40.0,False
gemma4_26b,Q4_Cauda_Longa,31736153,CHL1-AS1,LINC00943,3,7,2.3333333333333335,False
gemma4_26b,Q4_Cauda_Longa,33756228,linc00936,ZC3H12A,7,126,18.0,True
gemma4_26b,Q4_Cauda_Longa,34224057,MGC27382,LINC00152,4,100,25.0,False
gemma4_26b,Q4_Cauda_Longa,23263164,AOX3,AOX2,2,9,4.5,True
gemma4_26b,Q4_Cauda_Longa,24393131,ZNF300P1,LINC00923,5,1,0.2,False
gemma4_26b,Q4_Cauda_Longa,28405738,miR-4316,miR-145,5,664,132.8,False
gemma4_26b,Q4_Cauda_Longa,25653177,C18orf42,AKAP12,3,172,57.333333333333336,False
gemma4_26b,Q4_Cauda_Longa,38587325,LINC01270,HOTAIR,6,503,83.83333333333333,False
gemma4_26b,Q4_Cauda_Longa,26600424,FAM149A,EPAS1,9,638,70.88888888888889,False
gemma4_26b,Q4_Cauda_Longa,38221658,MTRNR2L2,IL6,9,5468,607.5555555555555,False
gemma4_26b,Q4_Cauda_Longa,35605650,CLEC4GP1,PTENP1,3,45,15.0,False
gemma4_26b,Q4_Cauda_Longa,36284435,SNORD111,SNORD41,3,3,1.0,True
gemma4_26b,Q4_Cauda_Longa,9205111,ERp60,PDIA3,7,432,61.714285714285715,False
gemma4_26b,Q4_Cauda_Longa,32964971,HMGA1P4,LINC00665,2,31,15.5,False
gemma4_26b,Q4_Cauda_Longa,34767727,PTPRG Antisense RNA 1,LINC00665,9,31,3.4444444444444446,False
gemma4_26b,Q4_Cauda_Longa,18154640,MRPS18CP2,CLDN23,2,22,11.0,True
gemma4_26b,Q4_Cauda_Longa,22126752,ZNF674,LZTR1,10,75,7.5,False
gemma4_26b,Q4_Cauda_Longa,30082910,ANKDD1A,PHLDB1,10,73,7.3,False
gemma4_26b,Q4_Cauda_Longa,10575211,LIS2,PAFAH1B1,1,226,226.0,False
gemma4_26b,Q4_Cauda_Longa,26393913,RP11-397D12.4,LINC00662,1,28,28.0,False
gemma4_26b,Q4_Cauda_Longa,31132669,LINC00909,LINC00665,7,31,4.428571428571429,False
gemma4_26b,Q4_Cauda_Longa,33037865,MCF2L-AS1,LINC00943,9,7,0.7777777777777778,False
gemma4_26b,Q4_Cauda_Longa,35322763,LINC01315,LINC00665,6,31,5.166666666666667,False
gemma4_26b,Q4_Cauda_Longa,11150526,testis-specific poly(A) polymerase,Tnt,9,3,0.3333333333333333,False
gemma4_26b,Q4_Cauda_Longa,35067783,LINC00160,LINC00657,4,97,24.25,False
gemma4_26b,Q4_Cauda_Longa,35404750,LINC00488,LINC00665,5,31,6.2,False
gemma4_26b,Q4_Cauda_Longa,20463881,DSCR9,SLC24A5,9,40,4.444444444444445,False
gemma4_26b,Q4_Cauda_Longa,32495869,linc00337,LINC00665,9,31,3.4444444444444446,False
gemma4_26b,Q4_Cauda_Longa,11337751,MRX53,MRX2,1,126,126.0,False
gemma4_26b,Q4_Cauda_Longa,16195351,Rab15 effector protein,Rab11b,8,117,14.625,False
gemma4_26b,Q4_Cauda_Longa,25875936,ZNF700,ZNF346,6,74,12.333333333333334,True
gemma4_26b,Q4_Cauda_Longa,33147570,LINC00968,LINC00657,9,97,10.777777777777779,False
gemma4_26b,Q4_Cauda_Longa,31949211,Fam151b,Fam151a,6,14,2.3333333333333335,True
gemma4_26b,Q4_Cauda_Longa,33753211,LINC01614,LINC00941,9,23,2.5555555555555554,False
gemma4_26b,Q4_Cauda_Longa,37469237,TMPOP2,LINC00665,2,31,15.5,False
gemma4_26b,Q4_Cauda_Longa,27813118,MicroRNA-649,USP28,3,116,38.666666666666664,False
gemma4_26b,Q4_Cauda_Longa,29917192,MiR-4299,LINC00657,6,97,16.166666666666668,False
gemma4_26b,Q4_Cauda_Longa,39242532,POLH-AS1,ADORA2A,2,412,206.0,False
gemma4_26b,Q4_Cauda_Longa,9630250,U19,UHG,8,146,18.25,True
gemma4_26b,Q4_Cauda_Longa,30536379,GACAT3,LINC00657,9,97,10.777777777777779,False
gemma4_26b,Q4_Cauda_Longa,31102367,lncUSMycN,LINC00665,4,31,7.75,False
gemma4_26b,Q4_Cauda_Longa,38279424,TEX41,LINC00665,6,31,5.166666666666667,False
gemma4_26b,Q4_Cauda_Longa,31262262,WWC2-AS1,LINC00665,1,31,31.0,False
gemma4_26b,Q4_Cauda_Longa,33204302,LINC00426,LINC00665,4,31,7.75,False
gemma4_26b,Q4_Cauda_Longa,35278131,DFNA33,DFNA34,2,1295,647.5,False
gemma4_26b,Q4_Cauda_Longa,36105081,SPATA41,LINC00665,4,31,7.75,False
gemma4_26b,Q4_Cauda_Longa,30518158,PCAT18,LINC00944,7,5,0.7142857142857143,False
gemma4_26b,Q4_Cauda_Longa,31652445,miR-2392,PTEN,9,2820,313.3333333333333,False
gemma4_26b,Q4_Cauda_Longa,34105888,LINC00525,LINC00665,9,31,3.4444444444444446,False
gemma4_26b,Q4_Cauda_Longa,35624327,TRAJ19,FBN1,2,523,261.5,False
gemma4_26b,Q4_Cauda_Longa,37271897,DIO3OS,LINC00665,5,31,6.2,False
gemma4_26b,Q4_Cauda_Longa,36385489,LINC01608,LINC00943,2,7,3.5,False
gemma4_26b,Q4_Cauda_Longa,30710292,S100Z,S100A4,7,408,58.285714285714285,False
gemma4_26b,Q4_Cauda_Longa,31709617,EIF3J-AS1,LINC00944,6,5,0.8333333333333334,False
gemma4_26b,Q4_Cauda_Longa,37744336,TRBD2,D2,3,1,0.3333333333333333,True
gemma4_26b,Q4_Cauda_Longa,22331267,SNORD30,SNORD11,5,2,0.4,False
gemma4_26b,Q4_Cauda_Longa,30394665,GAS6-AS2,LINC00943,4,7,1.75,False
gemma4_26b,Q4_Cauda_Longa,31033124,SPATA31A3,CD44,5,1496,299.2,False
gemma4_26b,Q4_Cauda_Longa,36823542,ARL9,ARF6,5,332,66.4,False
gemma4_26b,Q4_Cauda_Longa,38357893,TRG-AS1,LINC00665,4,31,7.75,False
gemma4_26b,Q4_Cauda_Longa,12620387,FRA7G,FRA3B,1,357,357.0,False
gemma4_26b,Q4_Cauda_Longa,18060868,BMZF3,ZBTB16,9,195,21.666666666666668,False
gemma4_26b,Q4_Cauda_Longa,29547645,POTEA,ZNF437,8,51,6.375,False
gemma4_26b,Q4_Cauda_Longa,34006929,miR-378c,miR-145,9,664,73.77777777777777,False
gemma4_26b,Q4_Cauda_Longa,22197932,ACTL9,CDKN2C,10,118,11.8,False
gemma4_26b,Q4_Cauda_Longa,24055526,C2ORF80,NR5A1,6,290,48.333333333333336,False
gemma4_26b,Q4_Cauda_Longa,27114614,Ae4,Slc4a4,6,117,19.5,False
gemma4_26b,Q4_Cauda_Longa,32769488,FKBP9P1,LINC00941,5,23,4.6,False
gemma4_26b,Q4_Cauda_Longa,38225865,LINC01405,LINC00665,3,31,10.333333333333334,False
gemma4_26b,Q4_Cauda_Longa,24530685,PTPLAD2,PTPN12,9,145,16.11111111111111,False
gemma4_26b,Q4_Cauda_Longa,26938303,LINC01225,LINC00665,7,31,4.428571428571429,False
gemma4_26b,Q4_Cauda_Longa,28418939,MIR378D2,LINC00665,7,31,4.428571428571429,True
gemma4_26b,Q4_Cauda_Longa,35667653,LINC00680,CDKL5,8,144,18.0,True
gemma4_26b,Q4_Cauda_Longa,23358633,CEACAM20,CEACAM5,6,299,49.833333333333336,False
gemma4_26b,Q4_Cauda_Longa,25720405,MTRNR2L12,TREM2,7,351,50.142857142857146,False
gemma4_26b,Q4_Cauda_Longa,27849024,LOC146880,LINC00665,7,31,4.428571428571429,False
gemma4_26b,Q4_Cauda_Longa,31289104,MIR30,NUDT5,5,90,18.0,False
gemma4_26b,Q4_Cauda_Longa,38503887,ZNF519,PINK1,9,511,56.77777777777778,False
gemma4_26b,Q4_Cauda_Longa,24056535,C6orf70,ARFGEF2,8,95,11.875,True
gemma4_26b,Q4_Cauda_Longa,28328537,LOC100129148,LINC00941,1,23,23.0,False
gemma4_26b,Q4_Cauda_Longa,31054777,LINC01288,LINC00657,2,97,48.5,False
gemma4_26b,Q4_Cauda_Longa,37009826,LINC00493,LINC00947,9,21,2.3333333333333335,False
gemma4_26b,Q4_Cauda_Longa,33314669,RAD51-AS1,LINC00657,7,97,13.857142857142858,False
gemma4_26b,Q4_Cauda_Longa,35935583,LINC01574,LINC00944,2,5,2.5,False
gemma4_26b,Q4_Cauda_Longa,38273714,LOC339803,LINC00657,4,97,24.25,False
gemma4_26b,Q4_Cauda_Longa,8812489,CRYBB2P1,CRYBB1,7,59,8.428571428571429,False
gemma4_26b,Q4_Cauda_Longa,28380328,MIR4697,SNCA,8,2255,281.875,False
gemma4_26b,Q4_Cauda_Longa,35357586,LINC01088,LINC00943,5,7,1.4,False
gemma4_26b,Q4_Cauda_Longa,35874989,FAM66C,LUCAT1,5,45,9.0,True
gemma4_26b,Q4_Cauda_Longa,1686016,SRD5AP1,SRD5A2,1,272,272.0,False
gemma4_26b,Q4_Cauda_Longa,25634023,OCT4 pseudogene 5,HOTAIR,4,503,125.75,False
gemma4_26b,Q4_Cauda_Longa,25854761,CCDC129,CARD9,8,125,15.625,False
gemma4_26b,Q4_Cauda_Longa,30936463,KCNE1B,KCNE2,2,94,47.0,False
gemma4_26b,Q4_Cauda_Longa,32352014,A2M-AS1,LINC00943,5,7,1.4,False
gemma4_26b,Q4_Cauda_Longa,36553541,DFNA58,CNRIP1,2,35,17.5,True
gemma4_26b,Q4_Cauda_Longa,8065311,U20,U85,4,7,1.75,False
gemma4_26b,Q4_Cauda_Longa,28082678,NKp65,CD302,6,22,3.6666666666666665,False
gemma4_26b,Q4_Cauda_Longa,30274775,OGFRP1,LINC00657,6,97,16.166666666666668,False
gemma4_26b,Q4_Cauda_Longa,34626132,PXN-AS1,MYC,7,2704,386.2857142857143,True
gemma4_26b,Q4_Cauda_Longa,21156761,RPS12P4,PTPN22,2,590,295.0,False
gemma4_26b,Q4_Cauda_Longa,23105016,DTHD1,GPR125,9,33,3.6666666666666665,True
gemma4_26b,Q4_Cauda_Longa,32592116,C5orf47,TEX11,2,38,19.0,False
gemma4_26b,Q4_Cauda_Longa,32727980,IDI2-AS1,HOTAIR,8,503,62.875,False
gemma4_26b,Q4_Cauda_Longa,25116943,LCAL1,LINC00152,5,100,20.0,False
gemma4_26b,Q4_Cauda_Longa,30219035,TUSC2P,PTENP1,4,45,11.25,False
gemma4_26b,Q4_Cauda_Longa,34593639,PRAMEF2,PRAME,6,168,28.0,True
gemma4_26b,Q4_Cauda_Longa,38309317,LINC00645,LINC00665,1,31,31.0,False
gemma4_26b,Q4_Cauda_Longa,38630521,STMND1,GSTP1,3,1727,575.6666666666666,False
gemma4_26b,Q4_Cauda_Longa,28212545,SNORA74B,SNORD44,6,4,0.6666666666666666,False
gemma4_26b,Q4_Cauda_Longa,28666385,U11,U12,9,4,0.4444444444444444,True
gemma4_26b,Q4_Cauda_Longa,31514068,LINC01210,LINC00665,3,31,10.333333333333334,False
gemma4_26b,Q4_Cauda_Longa,34115333,A1BG-AS1,LINC00941,3,23,7.666666666666667,False
gemma4_26b,Q2_Medios,17389591,ASK1,TAK1,333,540,1.6216216216216217,False
gemma4_26b,Q2_Medios,20679491,Interferon consensus sequence binding protein,IRF1,168,398,2.369047619047619,False
gemma4_26b,Q2_Medios,12549978,SRp55,Srp40,249,226,0.9076305220883534,False
gemma4_26b,Q2_Medios,21152410,STXBP2,STX11,101,65,0.6435643564356436,False
gemma4_26b,Q2_Medios,15229283,Nup107,Nup98,174,331,1.9022988505747127,True
gemma4_26b,Q2_Medios,19628239,RIG-I,MDA-5,625,355,0.568,True
gemma4_26b,Q2_Medios,35485293,CX3CL1,IGF1R,347,1274,3.6714697406340058,False
gemma4_26b,Q2_Medios,1373877,JAK1,FLT3,535,835,1.560747663551402,False
gemma4_26b,Q2_Medios,32890420,ADH1B,ALDH2,421,838,1.990498812351544,True
gemma4_26b,Q2_Medios,24926919,CYP1A2,CYP1A1,512,1118,2.18359375,True
gemma4_26b,Q2_Medios,23102494,PGF,KDR,429,1105,2.5757575757575757,True
gemma4_26b,Q2_Medios,37738673,SOX2,MYC,818,2704,3.3056234718826407,False
gemma4_26b,Q2_Medios,21262824,MICA,MICB,563,194,0.34458259325044405,True
gemma4_26b,Q2_Medios,28373534,BSG,ZNF469,780,39,0.05,False
gemma4_26b,Q2_Medios,23962427,neurotensin,ADP,128,58,0.453125,False
gemma4_26b,Q2_Medios,31866421,GAS5,HOTAIR,264,503,1.9053030303030303,False
gemma4_26b,Q2_Medios,30242148,N-cadherin,Sox10,420,233,0.5547619047619048,False
gemma4_26b,Q2_Medios,23717208,UCHL1,USP14,420,233,0.5547619047619048,False
gemma4_26b,Q2_Medios,19197262,INSIG2,FASN,119,622,5.226890756302521,False
gemma4_26b,Q2_Medios,16168958,SR-BI,LDLR,404,897,2.2202970297029703,False
gemma4_26b,Q2_Medios,24948143,nephrin,APOL1,162,318,1.962962962962963,True
gemma4_26b,Q2_Medios,26193702,SOCS1,SOCS3,485,554,1.1422680412371133,False
gemma4_26b,Q2_Medios,37703315,MALAT1,HOTAIR,682,503,0.7375366568914956,False
gemma4_26b,Q2_Medios,17544371,TRAF1,TRAF6,242,875,3.615702479338843,False
gemma4_26b,Q2_Medios,27589683,HE4,PEDF,241,347,1.4398340248962656,False
gemma4_26b,Q2_Medios,26188124,mortalin-2,p53,573,11629,20.294938917975568,True
gemma4_26b,Q2_Medios,38470543,MET,ZEB1,108,656,6.074074074074074,False
gemma4_26b,Q2_Medios,11134140,interleukin-15,IL-23,507,360,0.7100591715976331,False
gemma4_26b,Q2_Medios,21622843,BMPR2,ACVR2B,350,104,0.29714285714285715,False
gemma4_26b,Q2_Medios,34311033,TRPC3,TRPC6,159,231,1.4528301886792452,False
gemma4_26b,Q2_Medios,19542541,FASLG,TNF,706,6448,9.13314447592068,False
gemma4_26b,Q2_Medios,19833493,LDL receptor-related protein 6,CTNNB1,284,3367,11.855633802816902,False
gemma4_26b,Q2_Medios,19674979,STAT4,TNFAIP3,310,541,1.7451612903225806,True
gemma4_26b,Q2_Medios,31836669,GCN2,Atf4,148,383,2.5878378378378377,True
gemma4_26b,Q2_Medios,12032085,p110,SNRNP25,219,21,0.0958904109589041,False
gemma4_26b,Q2_Medios,32044406,PRDM2,PTEN,101,2820,27.92079207920792,False
gemma4_26b,Q2_Medios,18952063,Cofilin,MLCK,510,185,0.3627450980392157,True
gemma4_26b,Q2_Medios,18167552,Toll-like receptors 2 and 5,TLR2,259,1624,6.27027027027027,True
gemma4_26b,Q2_Medios,31910357,HMGA2,CTNNB1,534,3367,6.305243445692884,False
gemma4_26b,Q2_Medios,25658015,CD49b,CD133,473,631,1.3340380549682875,False
gemma4_26b,Q2_Medios,30828789,RIPK1,c-FLIP,551,402,0.7295825771324864,False
gemma4_26b,Q2_Medios,24446252,X-linked inhibitor of apoptosis,AKT1,687,3746,5.452692867540029,False
gemma4_26b,Q2_Medios,18295452,vascular endothelial growth factor-C,p16,497,1,0.002012072434607646,False
gemma4_26b,Q2_Medios,32912968,Nup153,Nup62,266,212,0.7969924812030075,False
gemma4_26b,Q2_Medios,20808827,SRF,EGR1,233,555,2.3819742489270386,False
gemma4_26b,Q2_Medios,27694898,Prefoldin 1,PFDN5,102,120,1.1764705882352942,False
gemma4_26b,Q3_Baixa_Popularidade,16858508,POU3F2,MAPT,69,2221,32.18840579710145,False
gemma4_26b,Q3_Baixa_Popularidade,26196590,SLC22A18,IGF2,45,749,16.644444444444446,False
gemma4_26b,Q3_Baixa_Popularidade,37958512,ZNF714,ZNF91,18,27,1.5,False
gemma4_26b,Q3_Baixa_Popularidade,36115925,SPACA6,SPACA1,12,18,1.5,False
gemma4_26b,Q3_Baixa_Popularidade,11931652,matrix metalloproteinase-26,MMP14,58,610,10.517241379310345,False
gemma4_26b,Q3_Baixa_Popularidade,26427795,CREB3L3,APOC3,33,471,14.272727272727273,False
gemma4_26b,Q3_Baixa_Popularidade,24886551,SPCS1,TNFAIP3,44,541,12.295454545454545,False
gemma4_26b,Q3_Baixa_Popularidade,32562573,PEAR1,CYP2C19,45,1111,24.68888888888889,False
gemma4_26b,Q3_Baixa_Popularidade,26892079,MARCO,SR-AII,59,150,2.542372881355932,False
gemma4_26b,Q3_Baixa_Popularidade,27733563,KCNA2,KCNQ2,93,188,2.021505376344086,False
gemma4_26b,Q3_Baixa_Popularidade,37950760,FIG4,GARS,65,198,3.046153846153846,False
gemma4_26b,Q3_Baixa_Popularidade,17211733,carcinoembryonic antigen,CEA,47,16,0.3404255319148936,False
gemma4_26b,Q3_Baixa_Popularidade,7493990,6-pyruvoyltetrahydropterin synthase,GCH1,87,227,2.6091954022988504,False
gemma4_26b,Q3_Baixa_Popularidade,30457983,ATPase II,ATP1B2,51,58,1.1372549019607843,False
gemma4_26b,Q3_Baixa_Popularidade,9674711,HEK2,EphA4,65,132,2.0307692307692307,False
gemma4_26b,Q3_Baixa_Popularidade,29550188,Eyes Shut Homolog,USH2A,75,165,2.2,False
gemma4_26b,Q3_Baixa_Popularidade,26977016,BATF2,ATF3,49,329,6.714285714285714,False
gemma4_26b,Q3_Baixa_Popularidade,36597175,SNIP1,CCND1,89,1799,20.213483146067414,False
gemma4_26b,Q3_Baixa_Popularidade,33852835,TIMMDC1,NDUFAF2,75,66,0.88,False
gemma4_26b,Q3_Baixa_Popularidade,30324420,NR2E3,RDH12,70,68,0.9714285714285714,False
gemma4_26b,Q3_Baixa_Popularidade,27329732,DIO3,RTL1,67,22,0.3283582089552239,False
gemma4_26b,Q3_Baixa_Popularidade,25001651,B7-H6,CD155,58,201,3.4655172413793105,False
gemma4_26b,Q3_Baixa_Popularidade,38294104,TIM22,TIMM23,33,84,2.5454545454545454,False
gemma4_26b,Q3_Baixa_Popularidade,27184500,Anosmin 1,FGFR1,91,762,8.373626373626374,True
gemma4_26b,Q3_Baixa_Popularidade,24155910,NMNAT3,NMNAT,21,119,5.666666666666667,False
gemma4_26b,Q3_Baixa_Popularidade,36690276,nitric oxide synthase interacting protein,eNOS,90,2192,24.355555555555554,False
gemma4_26b,Q3_Baixa_Popularidade,15477207,GPIX,GP9,43,78,1.813953488372093,False
gemma4_26b,Q3_Baixa_Popularidade,36830709,KIF12,DLG2,23,43,1.8695652173913044,False
gemma4_26b,Q3_Baixa_Popularidade,10082655,DOC-1R,DOC-1,23,44,1.9130434782608696,True
gemma4_26b,Q3_Baixa_Popularidade,36434627,SPAG16,MMP1,26,1021,39.26923076923077,False
gemma4_26b,Q3_Baixa_Popularidade,34650124,GNG7,SLC6A4,49,2401,49.0,False
gemma4_26b,Q3_Baixa_Popularidade,29514856,Samp1,SUN1,74,115,1.554054054054054,False
gemma4_26b,Q3_Baixa_Popularidade,24223182,SPRY4-IT1,HOTAIR,51,503,9.862745098039216,False
gemma4_26b,Q3_Baixa_Popularidade,33469885,ADAMTS18,PTEN,40,2820,70.5,False
gemma4_26b,Q3_Baixa_Popularidade,29175417,ESRRB,ESR2,68,1278,18.794117647058822,False
gemma4_26b,Q3_Baixa_Popularidade,22267732,TULA-2,SHP-1,75,468,6.24,False
gemma4_26b,Q3_Baixa_Popularidade,36951484,USP32,USP7,55,660,12.0,False
gemma4_26b,Q3_Baixa_Popularidade,26722434,Contactin 1,VISTA,97,87,0.8969072164948454,False
gemma4_26b,Q3_Baixa_Popularidade,28383551,p45 NF-E2,Nrf2,83,121,1.4578313253012047,False
gemma4_26b,Q3_Baixa_Popularidade,18029424,KIN17,TXNIP,72,297,4.125,False
gemma4_26b,Q3_Baixa_Popularidade,26746779,SCN11A,SCN9A,39,206,5.282051282051282,False
gemma4_26b,Q3_Baixa_Popularidade,29974973,LIPH,KRT71,56,29,0.5178571428571429,False
gemma4_26b,Q3_Baixa_Popularidade,24190897,Soggy,WNT10B,23,71,3.0869565217391304,False
gemma4_26b,Q3_Baixa_Popularidade,25449536,CCL4L2,CCL5,36,821,22.805555555555557,False
gemma4_26b,Q3_Baixa_Popularidade,20876810,UGT2B17,UGT1A9,98,196,2.0,False
gemma4_26b,Q3_Baixa_Popularidade,29126969,SNHG16,LINC00657,97,97,1.0,False
gemma4_26b,Q3_Baixa_Popularidade,9211859,I-309,CCL18,76,161,2.1184210526315788,False
gemma4_26b,Q3_Baixa_Popularidade,17882223,KIR2DS3,KIR2DL3,99,175,1.7676767676767677,True
gemma4_26b,Q3_Baixa_Popularidade,20921899,CMKLR1,GPR3,91,30,0.32967032967032966,False
gemma4_26b,Q3_Baixa_Popularidade,11091361,HOXB1,HOXD1,47,30,0.6382978723404256,False
gemma4_26b,Q3_Baixa_Popularidade,28759956,Fer-1-like protein 4,LINC00152,38,100,2.6315789473684212,False
gemma4_26b,Q3_Baixa_Popularidade,16617106,Su48,CEP192,57,100,1.7543859649122806,False
gemma4_26b,Q3_Baixa_Popularidade,17426099,PAX4,PDX1,76,104,1.368421052631579,False
gemma4_26b,Q3_Baixa_Popularidade,24899684,DDX43,DDX5,44,541,12.295454545454545,False
gemma4_26b,Q3_Baixa_Popularidade,30864273,FAM20c,PKCα,63,982,15.587301587301587,False
gemma4_26b,Q3_Baixa_Popularidade,10610721,ZIRTL,ALOX12B,55,61,1.1090909090909091,False
gemma4_26b,Q3_Baixa_Popularidade,12748178,DFF45,DFF40,95,81,0.8526315789473684,True
gemma4_26b,Q3_Baixa_Popularidade,34781077,KIF15,HSP60,82,755,9.207317073170731,True
gemma4_26b,Q3_Baixa_Popularidade,24098452,CCNJ,CDK1,17,1218,71.6470588235294,False
gemma4_26b,Q3_Baixa_Popularidade,31285420,4-hydroxyphenylpyruvate dioxygenase,HDAC10,37,53,1.4324324324324325,True
gemma4_26b,Q3_Baixa_Popularidade,17355957,ZnT5,ZnT1,60,97,1.6166666666666667,False
gemma4_26b,Q3_Baixa_Popularidade,37189200,OTOF,MYO7A,80,163,2.0375,False
gemma4_26b,Q3_Baixa_Popularidade,22223847,Nkx2.8,NKCC2,22,78,3.5454545454545454,False
gemma4_26b,Q3_Baixa_Popularidade,35108062,CECR2,BRD4,34,524,15.411764705882353,False
gemma4_26b,Q3_Baixa_Popularidade,36693952,NRBP1,ULK3,79,42,0.5316455696202531,False
gemma4_26b,Q3_Baixa_Popularidade,34697154,Kallikrein 11,PTEN,58,2820,48.62068965517241,False
gemma4_26b,Q3_Baixa_Popularidade,22116073,DNMT3L,AR,55,248,4.509090909090909,False
gemma4_26b,Q3_Baixa_Popularidade,33361334,FAM83F,FAM83G,21,42,2.0,True
gemma4_26b,Q3_Baixa_Popularidade,38280429,FOXS1,YAP1,25,1524,60.96,False
gemma4_26b,Q3_Baixa_Popularidade,11058119,XAB1,RhoB,73,180,2.4657534246575343,False
gemma4_26b,Q3_Baixa_Popularidade,16718611,TECTA,GJB2,50,861,17.22,False
gemma4_26b,Q3_Baixa_Popularidade,26813458,TP53INP1,ATG7,70,184,2.6285714285714286,False
gemma4_26b,Q3_Baixa_Popularidade,10825153,Cabin1,HDAC5,81,223,2.753086419753086,False
gemma4_26b,Q3_Baixa_Popularidade,27008867,C8ORF37,CEP290,25,173,6.92,False
gemma4_26b,Q4_Cauda_Longa,36038548,LINC00239,LINC00665,4,31,7.75,False
gemma4_26b,Q4_Cauda_Longa,8001978,RPL7P,RPL7,2,344,172.0,True
gemma4_26b,Q4_Cauda_Longa,32445454,miR-3960,BCL2,5,2227,445.4,False
gemma4_26b,Q4_Cauda_Longa,36161911,TMEM95,IZUMO1,9,25,2.7777777777777777,False
gemma4_26b,Q4_Cauda_Longa,26078803,CXorf49,HSP60,2,755,377.5,True
gemma4_26b,Q4_Cauda_Longa,25620967,BISPR,Tetherin,4,414,103.5,True
gemma4_26b,Q4_Cauda_Longa,18537981,GLC3B,CYP1B1,2,592,296.0,True
gemma4_26b,Q4_Cauda_Longa,26230935,TODRA,TPIP,7,25,3.5714285714285716,True
gemma4_26b,Q4_Cauda_Longa,1549504,PGK1P1,ATF1,4,258,64.5,False
gemma4_26b,Q4_Cauda_Longa,18364739,PSORS5,CSTA,6,151,25.166666666666668,True
gemma4_26b,Q4_Cauda_Longa,34019714,RBM5-AS1,HOTAIR,9,503,55.888888888888886,False
gemma4_26b,Q4_Cauda_Longa,33174047,LINC01535,LINC00941,5,23,4.6,False
gemma4_26b,Q4_Cauda_Longa,26660633,SULT6B1,SULT1E1,9,86,9.555555555555555,True
gemma4_26b,Q4_Cauda_Longa,33426053,miR-3133,STAT3,5,3707,741.4,True
gemma4_26b,Q4_Cauda_Longa,31300455,ZC3H11B,ZFHX1B,9,353,39.22222222222222,True
gemma4_26b,Q4_Cauda_Longa,30915748,miR-5702,LINC00657,4,97,24.25,False
gemma4_26b,Q4_Cauda_Longa,28895409,ASAP1-IT1,LINC00943,5,7,1.4,False
gemma4_26b,Q4_Cauda_Longa,29700972,CTC-501O10.1,LINC00662,1,28,28.0,False
gemma4_26b,Q4_Cauda_Longa,18454873,PCAN1,KLK3,8,477,59.625,False
gemma4_26b,Q4_Cauda_Longa,33401249,FAM138B,linc-p21,5,32,6.4,False
gemma4_26b,Q4_Cauda_Longa,2340091,NATP,NAT3,5,33,6.6,False
gemma4_26b,Q4_Cauda_Longa,34132072,LINC01508,LINC00665,3,31,10.333333333333334,False
gemma4_26b,Q4_Cauda_Longa,26291312,LUADT1,LINC00665,6,31,5.166666666666667,False
gemma4_26b,Q4_Cauda_Longa,34024023,microRNA-3612,FNDC3B,8,90,11.25,True
gemma4_26b,Q4_Cauda_Longa,31421822,EIF3J-AS1,LINC00665,6,31,5.166666666666667,False
gemma4_26b,Q4_Cauda_Longa,15820313,C14ORF19,PAX9,2,123,61.5,True
gemma4_26b,Q4_Cauda_Longa,33965958,ARAP1-AS1,LINC00943,9,7,0.7777777777777778,False
gemma4_26b,Q4_Cauda_Longa,38568442,HLA-F antisense RNA 1,LINC00665,8,31,3.875,False
gemma4_26b,Q4_Cauda_Longa,28034876,DTHD1,PTEN,9,2820,313.3333333333333,False
gemma4_26b,Q4_Cauda_Longa,32769868,miR-4293,CYP1A1,8,1118,139.75,False
gemma4_26b,Q4_Cauda_Longa,32282962,Osteoclast stimulatory transmembrane protein,CD138,5,440,88.0,False
gemma4_26b,Q4_Cauda_Longa,15084587,NF-E4,BCL11A,6,191,31.833333333333332,False
gemma4_26b,Q4_Cauda_Longa,29917257,MHRT,ANRIL,7,325,46.42857142857143,False
gemma4_26b,Q4_Cauda_Longa,18669637,FGF-binding protein 3,hBP3,7,31,4.428571428571429,True
gemma4_26b,Q4_Cauda_Longa,32216054,LOC101928100,LINC00662,4,28,7.0,False
gemma4_26b,Q4_Cauda_Longa,33649783,RPLP0P2,LINC00665,8,31,3.875,False
gemma4_26b,Q4_Cauda_Longa,29945347,GACAT3,LINC00665,9,31,3.4444444444444446,False
gemma4_26b,Q4_Cauda_Longa,26061759,MT-TF,MT-ND6,8,58,7.25,False
gemma4_26b,Q4_Cauda_Longa,36149758,LINC00960,LINC00690,6,1,0.16666666666666666,True
gemma4_26b,Q4_Cauda_Longa,32351291,DNAH17-AS1,LINC00943,3,7,2.3333333333333335,False
gemma4_26b,Q4_Cauda_Longa,37267865,SOCS2-AS1,LINC00665,9,31,3.4444444444444446,False
gemma4_26b,Q4_Cauda_Longa,8020955,ARAF2,ARAF1,5,153,30.6,True
gemma4_26b,Q4_Cauda_Longa,36193504,miR-602,SIRT1,8,1828,228.5,False
gemma4_26b,Q4_Cauda_Longa,32533688,LINC01207,PTEN,7,2820,402.85714285714283,False
gemma4_26b,Q4_Cauda_Longa,27779102,fatty acid-binding protein 9,FABP4,6,328,54.666666666666664,False
gemma4_26b,Q4_Cauda_Longa,36311770,METTL24,METTL14,4,152,38.0,False
gemma4_26b,Q4_Cauda_Longa,12673650,MRX81,MRX1,1,81,81.0,False
gemma4_26b,Q4_Cauda_Longa,33236153,EZR-AS1,LINC00943,3,7,2.3333333333333335,False
gemma4_26b,Q4_Cauda_Longa,10535461,NIDDM2,TCF7L2,2,856,428.0,False
gemma4_26b,Q4_Cauda_Longa,36028821,Hsa-miR-1248,hsa-miR-635,8,7,0.875,True
gemma4_26b,Q4_Cauda_Longa,5365757,Stoltzfus blood group,ALDH2,2,838,419.0,False
gemma4_26b,Q4_Cauda_Longa,9073069,GPR20,GPR21,8,15,1.875,True
gemma4_26b,Q4_Cauda_Longa,34076977,TUSC8,LINC00657,8,97,12.125,False
gemma4_26b,Q4_Cauda_Longa,25448679,HEPN1,p21,8,7,0.875,True
gemma4_26b,Q4_Cauda_Longa,15915442,SEPT13,SEPT14,7,21,3.0,False
gemma4_26b,Q4_Cauda_Longa,22094112,PANO,NUDT5,2,90,45.0,False
gemma4_26b,Q4_Cauda_Longa,37582104,PAXIP1-AS1,LINC00943,5,7,1.4,False
gemma4_26b,Q4_Cauda_Longa,18458969,CMTX3,CMTX1,3,245,81.66666666666667,True
gemma4_26b,Q4_Cauda_Longa,9450183,EXTL2P,EXTL1,2,15,7.5,False
gemma4_26b,Q4_Cauda_Longa,25432241,NATP,NAT3,5,33,6.6,True
gemma4_26b,Q4_Cauda_Longa,32130753,LOC100133669,LINC00943,4,7,1.75,False
gemma4_26b,Q4_Cauda_Longa,38493358,CLDN25,CLDN11,7,54,7.714285714285714,False
gemma4_26b,Q4_Cauda_Longa,37867401,LINC00501,LINC00657,3,97,32.333333333333336,False
gemma4_26b,Q4_Cauda_Longa,11381029,CDRT15,KIAA0196,6,90,15.0,False
gemma4_26b,Q4_Cauda_Longa,34768622,C1orf127,DNAH5,9,70,7.777777777777778,False
gemma4_26b,Q4_Cauda_Longa,19401682,AUTS1,IMMP2L,2,40,20.0,True
gemma4_26b,Q4_Cauda_Longa,12130684,FMO6,FMO4,7,18,2.5714285714285716,False
gemma4_26b,Q4_Cauda_Longa,11747429,S100Z,S100A10,7,198,28.285714285714285,False
gemma4_26b,Q4_Cauda_Longa,3446578,CSTP1,CST3,8,646,80.75,False
gemma4_26b,Q4_Cauda_Longa,27272474,LINC00628,LINC00665,5,31,6.2,False
gemma4_26b,Q4_Cauda_Longa,11861908,RNase 8,RNASE12,6,6,1.0,False
gemma4_26b,Q4_Cauda_Longa,32978449,LINC00336,CYP1A1,4,1118,279.5,False
gemma4_26b,Q4_Cauda_Longa,7604004,CATR1,p16INK4a,3,2699,899.6666666666666,False
gemma4_26b,Q4_Cauda_Longa,22894909,ZFAT-AS1,KCNQ1OT1,2,164,82.0,False
gemma4_26b,Q4_Cauda_Longa,32816024,miR-4454,LINC00657,9,97,10.777777777777779,False
gemma4_26b,Q4_Cauda_Longa,27748806,lncUSMycN,BRD4,4,524,131.0,False
gemma4_26b,Q4_Cauda_Longa,28450954,LOC389332,LINC00924,3,5,1.6666666666666667,False
gemma4_26b,Q4_Cauda_Longa,22199321,BCRP1,BCRP,5,946,189.2,False
gemma4_26b,Q4_Cauda_Longa,26887505,miR-4767,BCL2L12,6,85,14.166666666666666,True
gemma4_26b,Q4_Cauda_Longa,40442284,RNU5B-1,RNU4-1,6,16,2.6666666666666665,False
gemma4_26b,Q4_Cauda_Longa,26221034,CD300H,CD300lf,3,39,13.0,False
gemma4_26b,Q4_Cauda_Longa,29866190,LINC00470,LINC00665,9,31,3.4444444444444446,False
gemma4_26b,Q4_Cauda_Longa,35300558,PTPRG-AS1,LINC00941,9,23,2.5555555555555554,False
gemma4_26b,Q4_Cauda_Longa,39300525,SNHG22,LINC00657,7,97,13.857142857142858,False
gemma4_26b,Q4_Cauda_Longa,33649864,miR1264,STAT3,7,3707,529.5714285714286,True
gemma4_26b,Q4_Cauda_Longa,33562724,BCRP1,ABCB1,5,2567,513.4,False
gemma4_26b,Q4_Cauda_Longa,36708020,DICER1-AS1,LINC00665,4,31,7.75,False
gemma4_26b,Q4_Cauda_Longa,25410892,Otos,GSTP1,9,1727,191.88888888888889,False
gemma4_26b,Q4_Cauda_Longa,35679761,SNHG22,LINC00665,7,31,4.428571428571429,False
gemma4_26b,Q4_Cauda_Longa,31331909,FAM225A,LINC00944,7,5,0.7142857142857143,False
gemma4_26b,Q4_Cauda_Longa,12032737,ERDA1,CACNA1A,6,276,46.0,False
gemma4_26b,Q4_Cauda_Longa,26003415,PPIEL,KCNQ1,8,640,80.0,False
gemma4_26b,Q4_Cauda_Longa,36562475,SNORD60,SNORD12,4,2,0.5,False
gemma4_26b,Q4_Cauda_Longa,30220559,snoRD86,SNORA42,4,10,2.5,False
gemma4_26b,Q4_Cauda_Longa,33179755,LINC00861,LINC00941,3,23,7.666666666666667,False
gemma4_26b,Q4_Cauda_Longa,31702382,LINC00974,LINC00665,6,31,5.166666666666667,False
gemma4_26b,Q4_Cauda_Longa,34851809,TH2LCRR,TARC,2,173,86.5,False
gemma4_26b,Q4_Cauda_Longa,38568058,LINC00524,LINC00665,1,31,31.0,False
gemma4_26b,Q4_Cauda_Longa,36721155,LINC01004,LINC00657,5,97,19.4,False
gemma4_26b,Q4_Cauda_Longa,18325041,DFNB45,DFNB12,1,99,99.0,False
gemma4_26b,Q4_Cauda_Longa,35184643,Long intergenic non-protein coding RNA 115,LINC00944,5,5,1.0,False
gemma4_26b,Q4_Cauda_Longa,9790502,BVR1,PVT1,2,314,157.0,True
gemma4_26b,Q4_Cauda_Longa,26458771,Tifab,RPS14,8,302,37.75,False
gemma4_26b,Q4_Cauda_Longa,33299501,FAM225B,LINC00665,8,31,3.875,False
gemma4_26b,Q4_Cauda_Longa,20068295,PXT1,PEX3,5,87,17.4,False
gemma4_26b,Q4_Cauda_Longa,36856111,LINC00992,LINC00673,5,32,6.4,False
gemma4_26b,Q4_Cauda_Longa,35723551,miR-1183,KLF5,9,291,32.333333333333336,True
gemma4_26b,Q4_Cauda_Longa,20837016,LST-3TM12,ABCG8,7,137,19.571428571428573,True
gemma4_26b,Q4_Cauda_Longa,9466987,GTF2IP1,GTF2I,6,353,58.833333333333336,True
gemma4_26b,Q4_Cauda_Longa,28926089,LINC00968,LINC00657,9,97,10.777777777777779,False
gemma4_26b,Q4_Cauda_Longa,23533661,C7ORF29,ZBED7,9,30,3.3333333333333335,False
gemma4_26b,Q4_Cauda_Longa,30991076,LINC01207,LINC00665,7,31,4.428571428571429,False
gemma4_26b,Q4_Cauda_Longa,19030898,DFNA59,DFNB11,1,62,62.0,False
gemma4_26b,Q4_Cauda_Longa,33006432,FAM225A,HOTAIR,7,503,71.85714285714286,False
gemma4_26b,Q4_Cauda_Longa,23495172,C18orf62,ZNF516,8,54,6.75,True
gemma4_26b,Q4_Cauda_Longa,27787509,DINO,CDKN1A-AS1,5,1,0.2,False
gemma4_26b,Q4_Cauda_Longa,35663324,LINC01485,LINC00941,5,23,4.6,False
gemma4_26b,Q4_Cauda_Longa,30944027,MIR2052HG,LINC00665,6,31,5.166666666666667,False
gemma4_26b,Q4_Cauda_Longa,35687049,LINC01614,LINC00657,9,97,10.777777777777779,False
gemma4_26b,Q4_Cauda_Longa,9106664,U72,U74,4,5,1.25,False
gemma4_26b,Q4_Cauda_Longa,27412763,DUXB,TPRX1,6,10,1.6666666666666667,True
gemma4_26b,Q4_Cauda_Longa,37960753,LINC01600,LINC00657,9,97,10.777777777777779,False
gemma4_26b,Q4_Cauda_Longa,33211200,TERB2,TINF2,9,106,11.777777777777779,False
gemma4_26b,Q4_Cauda_Longa,30809827,FABP12,EPS8L3,9,23,2.5555555555555554,True
gemma4_26b,Q4_Cauda_Longa,34617815,LINC00683,LINC00924,3,5,1.6666666666666667,False
gemma4_26b,Q4_Cauda_Longa,38787854,MAMDC4,Rab5,9,351,39.0,False
gemma4_26b,Q4_Cauda_Longa,30787392,LINC00336,LINC00665,4,31,7.75,False
gemma4_26b,Q4_Cauda_Longa,10922056,UBC4,UBE2C,4,268,67.0,False
gemma4_26b,Q4_Cauda_Longa,31982037,NHEG1,LINC00665,3,31,10.333333333333334,False
gemma4_26b,Q4_Cauda_Longa,36841801,LINC00543,LINC00665,2,31,15.5,False
gemma4_26b,Q4_Cauda_Longa,37263619,LRRC75A,HIF1A,8,3911,488.875,False
gemma4_26b,Q4_Cauda_Longa,16769699,SLED1,DEFA3,4,14,3.5,True
gemma4_26b,Q4_Cauda_Longa,37955081,LINC01569,LINC00665,2,31,15.5,False
gemma4_26b,Q4_Cauda_Longa,36490268,CCDC175,RXRG,7,102,14.571428571428571,True
gemma4_26b,Q4_Cauda_Longa,11672774,HMGIYL1,HMGIY,3,452,150.66666666666666,True
gemma4_26b,Q4_Cauda_Longa,34789312,SNHG25,HOTAIR,8,503,62.875,False
gemma4_26b,Q4_Cauda_Longa,12213198,TPM3L2,ACTA1,3,464,154.66666666666666,False
gemma4_26b,Q4_Cauda_Longa,9674898,DFNB17,DFNB4,2,331,165.5,True
gemma4_26b,Q4_Cauda_Longa,34308874,ATFB5,PITX2,3,226,75.33333333333333,False
gemma4_26b,Q4_Cauda_Longa,23303384,FONG,FTSJ2,9,33,3.6666666666666665,False
gemma4_26b,Q4_Cauda_Longa,34253104,LINC00942,LINC00941,3,23,7.666666666666667,False
gemma4_26b,Q4_Cauda_Longa,32311343,LINC00612,SOX4,5,272,54.4,True
gemma4_26b,Q4_Cauda_Longa,34787047,prostate cancer-associated transcript 18,LINC00943,7,7,1.0,False
gemma4_26b,Q4_Cauda_Longa,9545647,TUFML,TUFM,1,329,329.0,True
gemma4_26b,Q4_Cauda_Longa,25298122,STL,RNF217,3,19,6.333333333333333,True
gemma4_26b,Q4_Cauda_Longa,30914197,LOC730100,LINC00665,7,31,4.428571428571429,False
gemma4_26b,Q4_Cauda_Longa,17849013,GC-D,Gucy2d,5,107,21.4,True
gemma4_26b,Q4_Cauda_Longa,34268074,LOC100505851,LINC00665,3,31,10.333333333333334,False
gemma4_26b,Q4_Cauda_Longa,37199315,LPP-AS2,LINC00657,5,97,19.4,False
gemma4_26b,Q4_Cauda_Longa,33566867,olfactory receptor family 51 subfamily j member 1,OR51E2,5,31,6.2,False
gemma4_26b,Q4_Cauda_Longa,31730902,ID2-AS1,LINC00657,5,97,19.4,False
gemma4_26b,Q4_Cauda_Longa,17143515,MOST-1,AURKA,4,862,215.5,False
gemma4_26b,Q4_Cauda_Longa,23050561,OCA5,OCA4,1,82,82.0,False
gemma4_26b,Q4_Cauda_Longa,27460352,PCAT-14,PCA3,4,88,22.0,False
gemma4_26b,Q4_Cauda_Longa,31442606,LINC00997,LINC00665,3,31,10.333333333333334,False
gemma4_26b,Q4_Cauda_Longa,8486350,GLUDP2,GLUDP1,5,85,17.0,False
gemma4_26b,Q4_Cauda_Longa,24908062,RP11-462C24.1,LINC00665,9,31,3.4444444444444446,False
gemma4_26b,Q4_Cauda_Longa,14676822,SULT6B1,SULT1C1,9,40,4.444444444444445,False
gemma4_26b,Q4_Cauda_Longa,9387929,U22,IPW,7,79,11.285714285714286,True
gemma4_26b,Q4_Cauda_Longa,24141781,DUNQU1,LINC00941,1,23,23.0,False
gemma4_26b,Q4_Cauda_Longa,28622593,linc00462,HOTAIR,2,503,251.5,False
gemma4_26b,Q4_Cauda_Longa,37976029,OTX2-AS1,LINC00657,8,97,12.125,False
gemma4_26b,Q4_Cauda_Longa,37661873,LOC100130460,LINC00673,8,32,4.0,False
gemma4_26b,Q4_Cauda_Longa,30496345,CCDC144NL-AS1,LINC00944,4,5,1.25,False
gemma4_26b,Q4_Cauda_Longa,32749762,ERICD,LINC00665,2,31,15.5,False
gemma4_26b,Q4_Cauda_Longa,9159141,BCL8,BCL6,6,436,72.66666666666667,False
gemma4_26b,Q4_Cauda_Longa,14962666,MESTIT1,TSGA14,4,35,8.75,True
gemma4_26b,Q4_Cauda_Longa,21667337,C9orf69,USP15,7,233,33.285714285714285,False
gemma4_26b,Q4_Cauda_Longa,33771634,LINC01235,LINC00665,4,31,7.75,False
gemma4_26b,Q4_Cauda_Longa,28534360,microRNA-933,miR-145,9,664,73.77777777777777,False
gemma4_26b,Q4_Cauda_Longa,1682866,His-1,Gin-1,2,16,8.0,True
gemma4_26b,Q4_Cauda_Longa,30443961,SCARNA2,LINC00665,8,31,3.875,False
gemma4_26b,Q4_Cauda_Longa,28336556,MicroRNA-548p,miR-122,3,434,144.66666666666666,False
gemma4_26b,Q4_Cauda_Longa,16174644,ARSH,ARSB,3,85,28.333333333333332,False
gemma4_26b,Q4_Cauda_Longa,26210449,miR-3651,PTEN,8,2820,352.5,False
gemma4_26b,Q4_Cauda_Longa,29095316,LOC102724340,CTNNB1,1,3367,3367.0,False
gemma4_26b,Q4_Cauda_Longa,15676287,BEYLA,BPY2,3,15,5.0,True
gemma4_26b,Q4_Cauda_Longa,30317610,gastric cancer-associated transcript 3,LINC00665,9,31,3.4444444444444446,False
gemma4_26b,Q4_Cauda_Longa,18347022,GPR20,GPR158,8,29,3.625,False
gemma4_26b,Q4_Cauda_Longa,16889908,PRNT,PRND,8,43,5.375,True
gemma4_26b,Q4_Cauda_Longa,36552724,OR10A3,OR51E2,8,31,3.875,False
gemma4_26b,Q4_Cauda_Longa,23118302,MS4A4E,PLA2G7,8,337,42.125,True
gemma4_26b,Q4_Cauda_Longa,38293907,UBAP1L,UBQLN2,6,168,28.0,False
gemma4_26b,Q4_Cauda_Longa,33820852,MicroRNA 617,SERPINE1,4,1549,387.25,True
gemma4_26b,Q4_Cauda_Longa,37801987,betaTrCP1,FBXO27,1,20,20.0,False
gemma4_26b,Q4_Cauda_Longa,36503346,miR-8082,TNFAIP3,3,541,180.33333333333334,True
gemma4_26b,Q4_Cauda_Longa,38553452,SNHG26,LINC00665,4,31,7.75,False
gemma4_26b,Q4_Cauda_Longa,29367600,Transmembrane protein 170B,GSK3B,4,1566,391.5,False
gemma4_26b,Q4_Cauda_Longa,34527595,WAC-AS1,LINC00941,7,23,3.2857142857142856,False
gemma4_26b,Q4_Cauda_Longa,22272736,RNase 8,RNASE12,6,6,1.0,False
gemma4_26b,Q4_Cauda_Longa,20228798,IL17REL,IL22,7,421,60.142857142857146,False
gemma4_26b,Q4_Cauda_Longa,11836362,DYX3,DCDC2,2,92,46.0,False
gemma4_26b,Q4_Cauda_Longa,33910210,LINC01061,CCND1,7,1799,257.0,False
gemma4_26b,Q4_Cauda_Longa,33968966,LINC00847,LINC00943,9,7,0.7777777777777778,False
gemma4_26b,Q4_Cauda_Longa,11863364,PPP2R5CP,PPP2R5C,1,128,128.0,True
gemma4_26b,Q4_Cauda_Longa,32525601,LINC00853,LINC00665,6,31,5.166666666666667,False
gemma4_26b,Q1_Super_Populares,27122154,HIF-1alpha,CCND1,3911,1799,0.45998465865507543,False
gemma4_26b,Q1_Super_Populares,2469768,Fas,TRAIL,1262,929,0.7361331220285261,False
gemma4_26b,Q1_Super_Populares,18086778,MDM2,TP53,2218,11629,5.243011722272318,False
gemma4_26b,Q1_Super_Populares,18359883,IL-6,TNF-alpha,5468,6448,1.179224579370885,False
gemma4_26b,Q1_Super_Populares,16919435,FAK,Fyn,1103,678,0.614687216681777,False
gemma4_26b,Q1_Super_Populares,22355348,VEGFA,CFH,5214,890,0.17069428461833525,True
gemma4_26b,Q1_Super_Populares,18035073,MMP2,MMP9,1978,3162,1.5985844287158746,True
gemma4_26b,Q1_Super_Populares,25231232,heme oxygenase-1,Mcl-1,1207,821,0.68019884009942,False
gemma4_26b,Q1_Super_Populares,16248506,CD44,VEGF,1496,5214,3.485294117647059,False
gemma4_26b,Q1_Super_Populares,21245169,BRCA1,p53,3456,11629,3.364872685185185,True
gemma4_26b,Q1_Super_Populares,14661818,IFN-gamma,TNF,2159,6448,2.9865678554886523,False
gemma4_26b,Q1_Super_Populares,8881045,IL10,HBB,3484,876,0.25143513203214696,False
gemma4_26b,Q1_Super_Populares,32572911,CXCR4,ZEB1,2180,656,0.30091743119266057,False
gemma4_26b,Q1_Super_Populares,27626171,RHOA,CD44,1175,1496,1.2731914893617022,True
gemma4_26b,Q1_Super_Populares,27692705,BRCA2,PTEN,2214,2820,1.2737127371273713,False
gemma4_26b,Q1_Super_Populares,21270123,IL1alpha,IL1B,1010,3216,3.1841584158415843,False
gemma4_26b,Q1_Super_Populares,25754303,integrin beta1,VEGFR2,1513,1105,0.7303370786516854,True
gemma4_26b,Q1_Super_Populares,23733877,Bcl-2,Foxp3,2227,1171,0.5258194881005838,False
gemma4_26b,Q1_Super_Populares,16879199,TLR2) and 4,TLR2,2778,1624,0.5845932325413967,True
gemma4_26b,Q1_Super_Populares,32945501,GSK3beta,beta-catenin,1566,3367,2.1500638569604087,True
gemma4_26b,Q1_Super_Populares,25704763,ERK1/2,ERK,1498,2345,1.5654205607476634,False
gemma4_26b,Q1_Super_Populares,39390397,FTO,YTHDF2,1053,282,0.2678062678062678,False
gemma4_26b,Q1_Super_Populares,17014845,p53,Sp1,11629,1342,0.11540115229168459,True
gemma4_26b,Q1_Super_Populares,15539626,interleukin-1beta,TNF,3216,6448,2.0049751243781095,False
gemma4_26b,Q1_Super_Populares,18752908,catechol-O-methyltransferase,ESR1,2081,3640,1.7491590581451226,False
gemma4_26b,Q1_Super_Populares,26676749,STAT1,STAT3,1158,3707,3.2012089810017272,False
gemma4_26b,Q1_Super_Populares,22178589,BRAF,HER2,2752,3357,1.2198401162790697,True
gemma4_26b,Q1_Super_Populares,20430366,IL-6,TNF,5468,6448,1.179224579370885,False
gemma4_26b,Q1_Super_Populares,33973090,PTEN,BCL2,2820,2227,0.7897163120567375,False
gemma4_26b,Q1_Super_Populares,34520285,CXCL12,STAT3,1471,3707,2.520054384772264,False
gemma4_26b,Q1_Super_Populares,22320867,STAT-1,STAT3,1158,3707,3.2012089810017272,False
gemma4_26b,Q1_Super_Populares,19192650,ABCB1,ABCC1,2567,455,0.17724970783015193,False
gemma4_26b,Q1_Super_Populares,25380325,insulin,SDS,1034,118,0.11411992263056092,False
gemma4_26b,Q1_Super_Populares,15550452,ERBB2,EGFR,3357,6689,1.9925528745904082,False
gemma4_26b,Q1_Super_Populares,35686958,IL-6,TNF,5468,6448,1.179224579370885,False
gemma4_26b,Q1_Super_Populares,20952070,IL10,IFNG,3484,2159,0.6196900114810563,False
gemma4_26b,Q1_Super_Populares,20730487,BRCA1/2,BRCA1,2214,3456,1.5609756097560976,False
gemma4_26b,Q1_Super_Populares,31983166,CXCR4,CD44,2180,1496,0.6862385321100918,False
gemma4_26b,Q1_Super_Populares,20832323,c-Met,EGFR,1421,6689,4.707248416608023,False
gemma4_26b,Q1_Super_Populares,15380464,C-reactive protein,MCP-1,2459,1642,0.6677511183407889,False
gemma4_26b,Q1_Super_Populares,24729086,GSTM1,GSTT1,2270,1900,0.8370044052863436,False
gemma4_26b,Q1_Super_Populares,30468638,Beta2-adrenergic receptor,TNF,1130,6448,5.7061946902654865,False
gemma4_26b,Q1_Super_Populares,23173169,GSTM1,GSTP1,2270,1727,0.7607929515418502,False
gemma4_26b,Q1_Super_Populares,21741441,TNF-alpha,CRP,6448,1,0.00015508684863523573,False
gemma4_26b,Q1_Super_Populares,37353616,HSP90,CRM-1,1418,643,0.4534555712270804,True
gemma4_26b,Q1_Super_Populares,22921829,YAP,p300,1524,1409,0.9245406824146981,False
gemma4_26b,Q1_Super_Populares,30320499,MDM2,RPL5,2218,385,0.17357980162308387,True
gemma4_26b,Q1_Super_Populares,25222025,Interleukin-1beta,PTTG1,3216,313,0.09732587064676616,False
gemma4_26b,Q1_Super_Populares,31130364,mTOR,PDK1,2569,165,0.06422732580770728,False
gemma4_26b,Q1_Super_Populares,12714503,CD44,CD4,1496,2027,1.3549465240641712,True
gemma4_26b,Q1_Super_Populares,19875168,matrix metalloproteinases (MMPs) 2 and 9,MMP9,1978,3162,1.5985844287158746,True
gemma4_26b,Q1_Super_Populares,18485092,VWF,eNOS,1035,2192,2.1178743961352655,False
gemma4_26b,Q1_Super_Populares,21907923,p53,FH,11629,217,0.018660245936881932,True
gemma4_26b,Q1_Super_Populares,3895297,c-K-ras,EGFR,3056,6689,2.18880890052356,False
gemma4_26b,Q1_Super_Populares,30704479,FAK,JAK2,1103,1813,1.643699002719855,False
gemma4_26b,Q1_Super_Populares,32581210,LMNA,Ttn,1094,474,0.43327239488117003,False
gemma4_26b,Q1_Super_Populares,15629715,p38,JNK,1467,1060,0.7225630538513974,False
gemma4_26b,Q1_Super_Populares,25937083,ERK1/2,ERK,1498,2345,1.5654205607476634,True
gemma4_26b,Q1_Super_Populares,31679234,ABCB1,CYP1A1,2567,1118,0.43552785352551615,False
gemma4_26b,Q1_Super_Populares,27786532,DRD2,DAT1,1329,40,0.030097817908201655,True
gemma4_26b,Q1_Super_Populares,22138668,TGF-beta1,VEGF,5008,5214,1.0411341853035143,False
gemma4_26b,Q1_Super_Populares,24814347,BAX,BCL-2,1126,2227,1.977797513321492,True
gemma4_26b,Q1_Super_Populares,26242266,c-Met,E2F3,1421,225,0.15833919774806474,False
gemma4_26b,Q2_Medios,22665368,MTRR,MTHFR,391,3864,9.882352941176471,False
gemma4_26b,Q2_Medios,31897529,BMP2,AKT1,738,3746,5.075880758807588,False
gemma4_26b,Q2_Medios,33190588,TXNIP,TXN,297,548,1.8451178451178452,False
gemma4_26b,Q2_Medios,20031582,HMGCR,LDLR,250,897,3.588,False
gemma4_26b,Q2_Medios,37578983,HUWE1,Parkin,421,992,2.356294536817102,True
gemma4_26b,Q2_Medios,19112177,Histidine triad nucleotide-binding protein 1,PTEN,155,2820,18.193548387096776,False
gemma4_26b,Q2_Medios,24127536,DUOX2,NKX2-1,135,336,2.488888888888889,False
gemma4_26b,Q2_Medios,37715430,DUSP1,PTEN,263,2820,10.722433460076045,False
gemma4_26b,Q2_Medios,20495894,CEBPA,FLT3,553,835,1.5099457504520795,False
gemma4_26b,Q2_Medios,26884837,MiR-15b,miR-122,128,434,3.390625,False
gemma4_26b,Q2_Medios,34601763,Syk,LCK,591,564,0.9543147208121827,False
gemma4_26b,Q2_Medios,11867533,IGF2R,IGFBP2,342,304,0.8888888888888888,False
gemma4_26b,Q2_Medios,18547691,IL-4Ralpha,IL-4,480,1301,2.7104166666666667,True
gemma4_26b,Q2_Medios,23239884,p63,p53,967,11629,12.025853154084798,True
gemma4_26b,Q2_Medios,36129598,ANRIL,HOTAIR,325,503,1.5476923076923077,False
gemma4_26b,Q2_Medios,34564711,E2F1,UBE2T,970,119,0.12268041237113401,True
gemma4_26b,Q2_Medios,12786944,Rab3 GAP,Rab3A,133,105,0.7894736842105263,True
gemma4_26b,Q2_Medios,27884624,IL-21,IL-5,416,258,0.6201923076923077,False
gemma4_26b,Q2_Medios,35802146,NEDD4L,FBXO2,395,72,0.18227848101265823,False
gemma4_26b,Q2_Medios,16135717,TNFB,TNF,598,6448,10.782608695652174,False
gemma4_26b,Q2_Medios,38204202,Glypican 1,KRAS,112,3056,27.285714285714285,False
gemma4_26b,Q2_Medios,16843266,JAK3,FGFR1,276,762,2.760869565217391,False
gemma4_26b,Q2_Medios,19265433,manganese superoxide dismutase,SOD1,986,1331,1.3498985801217038,False
gemma4_26b,Q2_Medios,29288523,C-C motif ligand 5,CXCL12,821,1471,1.7917174177831912,False
gemma4_26b,Q2_Medios,29891694,gamma-glutamyl transferase 1,GCLC,267,150,0.5617977528089888,False
gemma4_26b,Q2_Medios,38857290,Nectin-1,EGFR,118,6689,56.686440677966104,False
gemma4_26b,Q2_Medios,30409294,TLR3,TLR4,749,2778,3.7089452603471296,False
gemma4_26b,Q2_Medios,26718209,CCT8,JNK,362,1060,2.9281767955801103,True
gemma4_26b,Q2_Medios,35220397,Atg13,AKT1,122,3746,30.704918032786885,False
gemma4_26b,Q2_Medios,30431128,cIAP2,AKT1,310,3746,12.083870967741936,False
gemma4_26b,Q2_Medios,31770286,Drp1,CDK6,467,485,1.0385438972162742,False
gemma4_26b,Q2_Medios,24039984,GJB2,TMC1,861,62,0.07200929152148665,False
gemma4_26b,Q2_Medios,15217536,suppressor of cytokine signaling-3,SOCS1,554,485,0.8754512635379061,False
gemma4_26b,Q2_Medios,16924387,CYP2C9,CYP2D6,974,1089,1.1180698151950719,True
gemma4_26b,Q2_Medios,24517461,TSHR,TLR4,392,2778,7.086734693877551,False
gemma4_26b,Q2_Medios,12740341,S100A12,S100A8,151,534,3.5364238410596025,False
gemma4_26b,Q2_Medios,30805710,CD133,CD44,631,1496,2.370839936608558,False
gemma4_26b,Q2_Medios,18978792,PRKCQ,CD2AP,244,194,0.7950819672131147,False
gemma4_26b,Q2_Medios,37960731,Splicing factor proline- and glutamine-rich,IGF2BP2,468,440,0.9401709401709402,False
gemma4_26b,Q2_Medios,38290548,RPS20,RPS10,287,260,0.9059233449477352,False
gemma4_26b,Q2_Medios,37717099,USP10,YBX1,280,777,2.775,False
gemma4_26b,Q2_Medios,11035031,GSTO1-1,GSTM2,168,82,0.4880952380952381,False
gemma4_26b,Q2_Medios,33896830,uPA,KLK10,594,85,0.14309764309764308,False
gemma4_26b,Q2_Medios,32202508,ITGA2,AKT,473,3746,7.919661733615222,True
gemma4_26b,Q2_Medios,30177839,GADD45alpha,p53,212,11629,54.85377358490566,True
gemma4_26b,Q2_Medios,23470693,CXCR1,CXCL8,244,2502,10.254098360655737,False
gemma4_26b,Q2_Medios,27573434,H19,LINC00665,570,31,0.054385964912280704,False
gemma4_26b,Q2_Medios,32470140,Rheb,Rictor,200,271,1.355,False
gemma4_26b,Q2_Medios,7592693,c-Cbl,Shc,790,593,0.7506329113924051,False
gemma4_26b,Q2_Medios,24532189,RECK,TIMP1,181,772,4.265193370165746,False
gemma4_26b,Q2_Medios,25077532,HTRA1,SPG15,356,44,0.12359550561797752,False
gemma4_26b,Q2_Medios,18670350,PAX8,WT1,256,761,2.97265625,False
gemma4_26b,Q2_Medios,25628040,neural cell adhesion molecule-1,FGFR2,409,717,1.7530562347188263,False
gemma4_26b,Q2_Medios,31412244,TOM40,Tom20,235,145,0.6170212765957447,False
gemma4_26b,Q2_Medios,30531326,Sox10,CK7,233,183,0.7854077253218884,False
gemma4_26b,Q2_Medios,21852327,RAP1,TIN2,157,106,0.6751592356687898,True
gemma4_26b,Q2_Medios,11978801,CD40 ligand,CD40,547,627,1.146252285191956,True
gemma4_26b,Q2_Medios,8349787,CYP3A7,CYP3A4,118,971,8.228813559322035,False
gemma4_26b,Q2_Medios,24717336,Interleukin-6 receptor,CRP,518,1,0.0019305019305019305,True
gemma4_26b,Q2_Medios,22293503,CD55,CD24,272,322,1.1838235294117647,False
gemma4_26b,Q2_Medios,20098747,NEMO,TRAF6,563,875,1.5541740674955595,False
gemma4_26b,Q2_Medios,30459150,KDM4B,KDM4A,111,137,1.2342342342342343,False
gemma4_26b,Q2_Medios,33789112,DDX56,DDX5,135,541,4.007407407407407,False
gemma4_26b,Q2_Medios,19149558,Sam68,NXF1,416,222,0.5336538461538461,False
gemma4_26b,Q2_Medios,9783751,BAF,BAT3,212,308,1.4528301886792452,False
gemma4_26b,Q2_Medios,32464244,IL12B,NOD2,601,1001,1.6655574043261232,False
gemma4_26b,Q2_Medios,15108285,TRIM37,TRIM72,112,60,0.5357142857142857,False
gemma4_26b,Q2_Medios,12511571,Bach1,MafK,193,59,0.30569948186528495,False
gemma4_26b,Q2_Medios,35379950,CoREST,REST,188,276,1.4680851063829787,True
gemma4_26b,Q2_Medios,22976623,PAX9,IRF6,123,202,1.6422764227642277,False
gemma4_26b,Q2_Medios,23344954,Ku80,53BP1,720,471,0.6541666666666667,False
gemma4_26b,Q2_Medios,32692720,Mst1,Sirt6,106,368,3.4716981132075473,False
gemma4_26b,Q2_Medios,26409848,CCR3,CCL11,209,216,1.0334928229665072,False
gemma4_26b,Q2_Medios,27519415,Ciapin1,Nfs1,102,98,0.9607843137254902,False
gemma4_26b,Q2_Medios,26507355,EFTUD2,SNRNP200,324,367,1.132716049382716,False
gemma4_26b,Q2_Medios,26432333,miR-222,miR-21,286,1580,5.524475524475524,False
gemma4_26b,Q2_Medios,7884872,CD46,CD150,255,107,0.4196078431372549,False
gemma4_26b,Q2_Medios,28465494,IRF-2,IRF1,110,398,3.618181818181818,False
gemma4_26b,Q2_Medios,23660400,COCH,KCNQ1,100,640,6.4,False
gemma4_26b,Q2_Medios,24304270,TPH2,SLC6A4,295,2401,8.138983050847457,False
gemma4_26b,Q2_Medios,18294255,NPPA,ALOX5,315,338,1.073015873015873,False
gemma4_26b,Q2_Medios,23299939,Uap56,Nxf1,274,222,0.8102189781021898,True
gemma4_26b,Q2_Medios,15121856,SPOP,ZBTB16,218,195,0.8944954128440367,False
gemma4_26b,Q2_Medios,26146606,ERAP1,B2M,267,487,1.8239700374531835,False
gemma4_26b,Q2_Medios,20717968,profilin-1,TRIO,368,137,0.37228260869565216,True
gemma4_26b,Q2_Medios,33109615,Galpha13,GNAS,178,711,3.99438202247191,False
gemma4_26b,Q2_Medios,34073604,SIRT6,AMPK,368,256,0.6956521739130435,False
gemma4_26b,Q2_Medios,7876089,ERGIC-53,VIP36,202,107,0.5297029702970297,False
gemma4_26b,Q2_Medios,30974795,TRPA1,TRPV3,242,83,0.34297520661157027,False
gemma4_26b,Q2_Medios,26125726,Fyn,Akt,678,3746,5.525073746312684,True
gemma4_26b,Q2_Medios,16377621,HtrA1,LRIG1,356,108,0.30337078651685395,False
gemma4_26b,Q2_Medios,27348078,glycyl-tRNA synthetase,sARS,198,123,0.6212121212121212,False
gemma4_26b,Q2_Medios,18937499,IFN-alpha2,IFN-alpha,186,377,2.0268817204301075,False
gemma4_26b,Q3_Baixa_Popularidade,28077445,IFIX,cGAS,19,307,16.157894736842106,False
gemma4_26b,Q3_Baixa_Popularidade,23325605,FAM20c,ENPP1,63,281,4.4603174603174605,False
gemma4_26b,Q3_Baixa_Popularidade,23820837,SLC6A15,BDNF,79,2560,32.40506329113924,False
gemma4_26b,Q3_Baixa_Popularidade,21321083,SUV420H2,SETD1A,36,146,4.055555555555555,False
gemma4_26b,Q3_Baixa_Popularidade,19656157,BCSC-1,CDH1,23,280,12.173913043478262,False
gemma4_26b,Q3_Baixa_Popularidade,18588884,Arl2,Arl3,98,77,0.7857142857142857,True
gemma4_26b,Q3_Baixa_Popularidade,16221671,Smaug,ZFP36,41,236,5.7560975609756095,False
gemma4_26b,Q3_Baixa_Popularidade,15750039,DNAI1,DNAH9,40,47,1.175,True
gemma4_26b,Q3_Baixa_Popularidade,12759139,Leukotactin-1,CCL2,65,1642,25.26153846153846,False
gemma4_26b,Q3_Baixa_Popularidade,31141496,miR-498,mTOR,41,2569,62.65853658536585,True
gemma4_26b,Q3_Baixa_Popularidade,17581768,PHKA2,PYGL,80,125,1.5625,False
gemma4_26b,Q3_Baixa_Popularidade,30810286,ING5,ING4,80,132,1.65,False
gemma4_26b,Q3_Baixa_Popularidade,31767630,Growth differentiation factor 11,Lgr5,92,220,2.391304347826087,True
gemma4_26b,Q3_Baixa_Popularidade,29534718,SPSB1,SPRY2,54,213,3.9444444444444446,False
gemma4_26b,Q3_Baixa_Popularidade,32434038,ASRGL1,ASPL,41,83,2.024390243902439,False
gemma4_26b,Q3_Baixa_Popularidade,25755145,USP26,AR,51,248,4.862745098039215,False
gemma4_26b,Q3_Baixa_Popularidade,33791682,TMEM218,CEP290,15,173,11.533333333333333,False
gemma4_26b,Q3_Baixa_Popularidade,17588684,HOXC9,E2F1,51,970,19.019607843137255,False
gemma4_26b,Q3_Baixa_Popularidade,23387408,Rab24,Rab11b,33,117,3.5454545454545454,False
gemma4_26b,Q3_Baixa_Popularidade,35021853,mdig,ACE2,96,1724,17.958333333333332,True
gemma4_26b,Q3_Baixa_Popularidade,23349863,AROS,SIRT1,62,1828,29.483870967741936,True
gemma4_26b,Q3_Baixa_Popularidade,22920728,Rab31,Rab25,68,81,1.1911764705882353,False
gemma4_26b,Q3_Baixa_Popularidade,16969476,TKTL1,TKT,70,225,3.2142857142857144,False
gemma4_26b,Q3_Baixa_Popularidade,26888427,Ndufc2,NDUFS1,53,176,3.3207547169811322,False
gemma4_26b,Q3_Baixa_Popularidade,26377792,organic anion transporters 1 and 3,OAT3,90,69,0.7666666666666667,True
gemma4_26b,Q3_Baixa_Popularidade,24378532,PLEKHG2,Trio,35,137,3.914285714285714,False
gemma4_26b,Q3_Baixa_Popularidade,30323624,UROC28,ZEB1,12,656,54.666666666666664,False
gemma4_26b,Q3_Baixa_Popularidade,11118034,PSGR,GPR52,31,17,0.5483870967741935,False
gemma4_26b,Q3_Baixa_Popularidade,21533545,HIC1,TP53,89,11629,130.6629213483146,False
gemma4_26b,Q3_Baixa_Popularidade,30787304,PHLDA3,MEN1,29,390,13.448275862068966,True
gemma4_26b,Q3_Baixa_Popularidade,23995790,CKIP-1,TSC2,65,543,8.353846153846154,False
gemma4_26b,Q3_Baixa_Popularidade,28211159,DDA1,DET1,69,34,0.4927536231884058,True
gemma4_26b,Q3_Baixa_Popularidade,32447347,PA200,p97,93,178,1.913978494623656,False
gemma4_26b,Q3_Baixa_Popularidade,38309700,ZNF335,ACE2,32,1724,53.875,False
gemma4_26b,Q3_Baixa_Popularidade,27079220,TRPV3,TRPV1,83,481,5.795180722891566,False
gemma4_26b,Q3_Baixa_Popularidade,20817722,NPAS2,CLOCK,86,315,3.6627906976744184,True
gemma4_26b,Q3_Baixa_Popularidade,38834852,DTX3L,PARP14,70,66,0.9428571428571428,True
gemma4_26b,Q3_Baixa_Popularidade,29240020,FGF18,CNTNAP2,59,150,2.542372881355932,False
gemma4_26b,Q3_Baixa_Popularidade,19259094,MAGE-A1,GSTP1,94,1727,18.372340425531913,False
gemma4_26b,Q3_Baixa_Popularidade,23788032,CPEB1,eIF4E,65,515,7.923076923076923,False
gemma4_26b,Q3_Baixa_Popularidade,15848047,PDCD2,p53,51,11629,228.01960784313727,False
gemma4_26b,Q3_Baixa_Popularidade,34048708,LSECtin,CD209L,32,131,4.09375,False
gemma4_26b,Q3_Baixa_Popularidade,22455811,POU3F4,GJB1,53,245,4.622641509433962,False
gemma4_26b,Q3_Baixa_Popularidade,15883036,eferin,TRPC3,54,159,2.9444444444444446,False
gemma4_26b,Q3_Baixa_Popularidade,21732829,RSPO2,WNT5A,66,482,7.303030303030303,False
gemma4_26b,Q3_Baixa_Popularidade,33190061,MUC7,MUC5B,62,231,3.725806451612903,True
gemma4_26b,Q3_Baixa_Popularidade,32139259,TMPO-AS1,LINC00665,20,31,1.55,False
gemma4_26b,Q3_Baixa_Popularidade,24177169,CD94,KLRB1,84,82,0.9761904761904762,False
gemma4_26b,Q3_Baixa_Popularidade,26987071,TULP1,RPGR,49,184,3.7551020408163267,False
gemma4_26b,Q3_Baixa_Popularidade,20463552,STXBP5,BCR,59,503,8.525423728813559,True
gemma4_26b,Q3_Baixa_Popularidade,22106366,guanylate-binding protein 3,GBP,23,338,14.695652173913043,True
gemma4_26b,Q3_Baixa_Popularidade,10455022,Rab6C,Rab6a,29,183,6.310344827586207,False
gemma4_26b,Q3_Baixa_Popularidade,9192898,neurturin,GDNF,29,258,8.89655172413793,True
gemma4_26b,Q3_Baixa_Popularidade,34086889,GPR34,MERTK,31,197,6.354838709677419,False
gemma4_26b,Q3_Baixa_Popularidade,22426282,Pbx3,Pbx1,86,194,2.255813953488372,True
gemma4_26b,Q3_Baixa_Popularidade,15034568,CDC91L1,PIGP,64,24,0.375,False
gemma4_26b,Q3_Baixa_Popularidade,38649821,SOX2OT,LINC00665,63,31,0.49206349206349204,False
gemma4_26b,Q3_Baixa_Popularidade,28370702,SMYD2,EZH2,93,1554,16.70967741935484,False
gemma4_26b,Q3_Baixa_Popularidade,16849634,GPD1,MSTN,45,226,5.022222222222222,False
gemma4_26b,Q3_Baixa_Popularidade,22108903,TNFRSF17,IL23R,81,415,5.1234567901234565,False
gemma4_26b,Q3_Baixa_Popularidade,18343808,cellular retinol binding protein 1,ALDH1A1,89,407,4.573033707865169,False
gemma4_26b,Q3_Baixa_Popularidade,32179649,ZNT6,ZNT7,65,76,1.1692307692307693,True
gemma4_26b,Q3_Baixa_Popularidade,28790179,CCDC103,DNAAF2,24,39,1.625,False
gemma4_26b,Q3_Baixa_Popularidade,19005416,properdin,CFB,92,233,2.532608695652174,False
gemma4_26b,Q3_Baixa_Popularidade,10923244,KPL1,PHLPP1,27,116,4.296296296296297,False
gemma4_26b,Q3_Baixa_Popularidade,38685860,galectin-12,LGALS3,17,1065,62.64705882352941,False
gemma4_26b,Q3_Baixa_Popularidade,20159555,DNAJB8,DNAJB6,28,233,8.321428571428571,False
gemma4_26b,Q3_Baixa_Popularidade,23687348,UBE3B,UBE3C,44,137,3.1136363636363638,False
gemma4_26b,Q3_Baixa_Popularidade,37814093,MEG8,SNHG8,22,31,1.4090909090909092,False
gemma4_26b,Q3_Baixa_Popularidade,32655569,Helios,Il17a,83,1656,19.951807228915662,False
gemma4_26b,Q3_Baixa_Popularidade,23953852,SGOL1,DDC,91,141,1.5494505494505495,True
gemma4_26b,Q3_Baixa_Popularidade,35145093,KRT82,KRT85,23,39,1.6956521739130435,False
gemma4_26b,Q3_Baixa_Popularidade,20952760,EphB6,EphA2,86,456,5.3023255813953485,False
gemma4_26b,Q3_Baixa_Popularidade,20693981,TIMP-4,CD9,74,284,3.8378378378378377,False
gemma4_26b,Q3_Baixa_Popularidade,40982696,MIB2,TRIM25,66,354,5.363636363636363,False
gemma4_26b,Q3_Baixa_Popularidade,30583076,Med19,EGFR,79,6689,84.67088607594937,True
gemma4_26b,Q3_Baixa_Popularidade,12209954,NMES1,S100A10,20,198,9.9,False
gemma4_26b,Q3_Baixa_Popularidade,33466733,MBNL2,HNRNPU,48,544,11.333333333333334,False
gemma4_26b,Q3_Baixa_Popularidade,23217148,Rab27B,Rab25,85,81,0.9529411764705882,False
gemma4_26b,Q3_Baixa_Popularidade,26563945,CRAM-A,ACKR1,31,164,5.290322580645161,False
gemma4_26b,Q3_Baixa_Popularidade,17999202,DDP1,TIMM23,85,84,0.9882352941176471,False
gemma4_26b,Q3_Baixa_Popularidade,31732561,AREL1,ITCH,27,359,13.296296296296296,False
gemma4_26b,Q3_Baixa_Popularidade,29278703,Lhx2,LHX1,38,37,0.9736842105263158,False
gemma4_26b,Q3_Baixa_Popularidade,35840934,LZTR1,NF2,75,413,5.506666666666667,False
gemma4_26b,Q3_Baixa_Popularidade,26123324,MIR137HG,MIR137,14,252,18.0,False
gemma4_26b,Q3_Baixa_Popularidade,35022017,TSPAN12,FZD4,61,118,1.9344262295081966,True
gemma4_26b,Q3_Baixa_Popularidade,27630294,PRKX,WNT1,30,269,8.966666666666667,False
gemma4_26b,Q3_Baixa_Popularidade,30189201,SETD6,SET7,30,145,4.833333333333333,False
gemma4_26b,Q3_Baixa_Popularidade,30515917,NLRP6,NOD2,54,1001,18.537037037037038,False
gemma4_26b,Q3_Baixa_Popularidade,34654837,Crb2,Podxl,36,160,4.444444444444445,True
gemma4_26b,Q3_Baixa_Popularidade,31004302,SOGA1,ATG12,66,102,1.5454545454545454,False
gemma4_26b,Q3_Baixa_Popularidade,15950745,leukocyte-associated Ig-like receptor-1,TIGIT,95,137,1.4421052631578948,False
gemma4_26b,Q3_Baixa_Popularidade,24547928,TULP1,CEP290,49,173,3.5306122448979593,False
gemma4_26b,Q3_Baixa_Popularidade,33203694,SKAP2,TXNIP,56,297,5.303571428571429,False
gemma4_26b,Q3_Baixa_Popularidade,31959200,LINC01234,LINC00657,23,97,4.217391304347826,False
gemma4_26b,Q3_Baixa_Popularidade,25641372,LTBP4,SPP1,83,1206,14.53012048192771,True
gemma4_26b,Q3_Baixa_Popularidade,30943474,MYO15A,TBC1D7,76,54,0.7105263157894737,False
gemma4_26b,Q3_Baixa_Popularidade,28981099,SNHG20,HOTAIR,29,503,17.344827586206897,False
gemma4_26b,Q3_Baixa_Popularidade,28013291,SLC44A4,CHT1,35,51,1.457142857142857,False
gemma4_26b,Q3_Baixa_Popularidade,16936762,SLITRK1,SLC6A4,45,2401,53.355555555555554,True
gemma4_26b,Q3_Baixa_Popularidade,34338998,ARHGAP6,PTEN,25,2820,112.8,False
gemma4_26b,Q3_Baixa_Popularidade,34624206,ZNF558,ZNF827,16,33,2.0625,False
gemma4_26b,Q3_Baixa_Popularidade,19461657,C18orf1,PTEN,31,2820,90.96774193548387,False
gemma4_26b,Q3_Baixa_Popularidade,26993346,FAM46A,PICALM,46,234,5.086956521739131,False
gemma4_26b,Q3_Baixa_Popularidade,40127622,DTX3,FBXW7,33,618,18.727272727272727,False
gemma4_26b,Q3_Baixa_Popularidade,34857952,DUSP4,SPRY2,93,213,2.2903225806451615,False
gemma4_26b,Q3_Baixa_Popularidade,30053862,TP53RK,TTC6,59,11,0.1864406779661017,False
gemma4_26b,Q3_Baixa_Popularidade,21577013,GUCY2C,ZNF423,64,54,0.84375,False
gemma4_26b,Q3_Baixa_Popularidade,9582122,RasGRP,Rmd3,67,101,1.507462686567164,False
gemma4_26b,Q3_Baixa_Popularidade,33116033,miR-520b,miR-145,31,664,21.419354838709676,False
gemma4_26b,Q3_Baixa_Popularidade,27782152,HULC,RFC,96,318,3.3125,True
gemma4_26b,Q3_Baixa_Popularidade,7913891,HOXB3,HOXA3,47,45,0.9574468085106383,False
gemma4_26b,Q3_Baixa_Popularidade,30912129,SOX21-AS1,LINC00943,21,7,0.3333333333333333,False
gemma4_26b,Q3_Baixa_Popularidade,19523119,Abl-interactor-2,CASK,83,199,2.397590361445783,True
gemma4_26b,Q3_Baixa_Popularidade,32911886,galectin-10,IL-5,46,258,5.608695652173913,False
gemma4_26b,Q3_Baixa_Popularidade,25970784,PTPRG,PTEN,90,2820,31.333333333333332,False
gemma4_26b,Q3_Baixa_Popularidade,14676191,Mo25,Par-6a,75,86,1.1466666666666667,True
gemma4_26b,Q4_Cauda_Longa,32459848,BRCAT54,LINC00665,8,31,3.875,False
gemma4_26b,Q4_Cauda_Longa,21668797,ANKFN1,AKT1,9,3746,416.22222222222223,False
gemma4_26b,Q4_Cauda_Longa,36002354,MIR3117,MIR146a,8,952,119.0,False
gemma4_26b,Q4_Cauda_Longa,15485837,TRAP2,TRAF2,5,117,23.4,True
gemma4_26b,Q4_Cauda_Longa,11381032,CECR3,CECR2,1,34,34.0,False
gemma4_26b,Q4_Cauda_Longa,32461121,LINC00998,LINC01152,8,3,0.375,False
gemma4_26b,Q4_Cauda_Longa,36933158,miR4458HG,LINC00943,3,7,2.3333333333333335,False
gemma4_26b,Q4_Cauda_Longa,35487060,DCAF8L2,DCAF15,9,35,3.888888888888889,False
gemma4_26b,Q4_Cauda_Longa,29424901,TUC338,HOTAIR,9,503,55.888888888888886,False
gemma4_26b,Q4_Cauda_Longa,36715854,CEBPA-AS1,LINC00657,9,97,10.777777777777779,False
gemma4_26b,Q4_Cauda_Longa,24606728,RNU6B,SNORD48,7,4,0.5714285714285714,False
gemma4_26b,Q4_Cauda_Longa,31679434,UBE2QL1,UBE2C,9,268,29.77777777777778,False
gemma4_26b,Q4_Cauda_Longa,18505454,USH1H,USH1C,2,82,41.0,False
gemma4_26b,Q4_Cauda_Longa,36252997,LINC00624,LINC00518,6,14,2.3333333333333335,False
gemma4_26b,Q4_Cauda_Longa,1882841,CRIPTO,KGF,7,172,24.571428571428573,False
gemma4_26b,Q4_Cauda_Longa,11571554,DFNA30,DFNB25,1,12,12.0,False
gemma4_26b,Q4_Cauda_Longa,29207070,DIO3OS,LINC00662,5,28,5.6,False
gemma4_26b,Q4_Cauda_Longa,28618313,MIR4646,MIR1247,4,24,6.0,False
gemma4_26b,Q4_Cauda_Longa,29202958,ZNF676,ZNF434,6,17,2.8333333333333335,False
gemma4_26b,Q4_Cauda_Longa,8920921,U14,SNORD33,2,5,2.5,False
gemma4_26b,Q4_Cauda_Longa,35715331,LINC01559,LINC00941,8,23,2.875,False
gemma4_26b,Q4_Cauda_Longa,19471314,PWRN2,MKRN3,7,78,11.142857142857142,False
gemma4_26b,Q4_Cauda_Longa,12634859,DFNA47,DFNA5,1,115,115.0,False
gemma4_26b,Q4_Cauda_Longa,37347740,BVES-AS1,LINC00665,4,31,7.75,False
gemma4_26b,Q4_Cauda_Longa,11013075,RBM8B,RBM8A,2,204,102.0,True
gemma4_26b,Q4_Cauda_Longa,41315668,C5orf66-AS1,LINC00665,6,31,5.166666666666667,False
gemma4_26b,Q4_Cauda_Longa,39014929,USP30-AS1,LINC00943,7,7,1.0,False
gemma4_26b,Q4_Cauda_Longa,39278369,FAM230B,LINC00941,9,23,2.5555555555555554,False
gemma4_26b,Q4_Cauda_Longa,36583781,HAR1B,GAS5,4,264,66.0,False
gemma4_26b,Q4_Cauda_Longa,11313754,DFNA18,DFNA36,2,62,31.0,False
gemma4_26b,Q4_Cauda_Longa,28957321,ZNF404,NUDT15,9,102,11.333333333333334,False
gemma4_26b,Q4_Cauda_Longa,34830378,LINC01010,LINC00665,5,31,6.2,False
gemma4_26b,Q4_Cauda_Longa,30905893,LINC00202,LINC00944,3,5,1.6666666666666667,False
gemma4_26b,Q4_Cauda_Longa,10580157,U35,U31,4,5,1.25,False
gemma4_26b,Q4_Cauda_Longa,31800155,SH2D6,CAPG,6,96,16.0,True
gemma4_26b,Q4_Cauda_Longa,25317109,APeg3,Mest,4,89,22.25,False
gemma4_26b,Q4_Cauda_Longa,21980299,LOC154449,ZNF638,4,141,35.25,False
gemma4_26b,Q4_Cauda_Longa,35219381,CTD-2256P15.2,LINC00665,1,31,31.0,False
gemma4_26b,Q4_Cauda_Longa,10644448,PI8L1,PI6,3,75,25.0,True
gemma4_26b,Q4_Cauda_Longa,26308446,C22orf42,GNB1,8,304,38.0,False
gemma4_26b,Q4_Cauda_Longa,28134766,IQCJ,NXPH1,9,32,3.5555555555555554,True
gemma4_26b,Q4_Cauda_Longa,25354456,Tiki1,Dkk1,8,533,66.625,False
gemma4_26b,Q4_Cauda_Longa,21103834,PRO2268,TYK2,2,259,129.5,False
gemma4_26b,Q4_Cauda_Longa,35156520,LINC00525,LINC00665,9,31,3.4444444444444446,False
gemma4_26b,Q4_Cauda_Longa,37620336,LINC00880,LINC00665,3,31,10.333333333333334,False
gemma4_26b,Q4_Cauda_Longa,30399588,LINC01510,LINC00941,8,23,2.875,False
gemma4_26b,Q4_Cauda_Longa,34927228,miR-3648,miR-21,9,1580,175.55555555555554,False
gemma4_26b,Q4_Cauda_Longa,22394158,DRGX,CNTN4,6,62,10.333333333333334,False
gemma4_26b,Q4_Cauda_Longa,35759180,LINC01013,LINC01154,7,1,0.14285714285714285,False
gemma4_26b,Q4_Cauda_Longa,26468016,TGFBR3L,PHOX2B,6,158,26.333333333333332,False
gemma4_26b,Q4_Cauda_Longa,27391432,Yiya,H19,3,570,190.0,True
gemma4_26b,Q4_Cauda_Longa,21044875,SLC15A5,SLC30A10,7,42,6.0,True
gemma4_26b,Q4_Cauda_Longa,27874091,HMGA1P7,HMGA1P1,5,3,0.6,False
gemma4_26b,Q4_Cauda_Longa,24882193,PER4,APOB,2,955,477.5,True
gemma4_26b,Q4_Cauda_Longa,10524237,ADAM20,ADAM21,8,12,1.5,True
gemma4_26b,Q4_Cauda_Longa,31680049,LINC00540,LRP5,3,326,108.66666666666667,False
gemma4_26b,Q4_Cauda_Longa,22275255,C1orf192,SDHD,8,177,22.125,False
gemma4_26b,Q4_Cauda_Longa,32236626,ZNF710,LINC00657,9,97,10.777777777777779,False
gemma4_26b,Q4_Cauda_Longa,34766250,KRT18P55,LINC00665,6,31,5.166666666666667,False
gemma4_26b,Q4_Cauda_Longa,27644252,IRAIN,LINC00665,3,31,10.333333333333334,False
gemma4_26b,Q4_Cauda_Longa,12160729,BCL8,AKAP12,6,172,28.666666666666668,False
gemma4_26b,Q4_Cauda_Longa,36071454,LINC01132,LINC00944,7,5,0.7142857142857143,False
gemma4_26b,Q4_Cauda_Longa,9792872,RP24,RP4,1,248,248.0,False
gemma4_26b,Q4_Cauda_Longa,11056398,KCNQ1DN,KCNQ1OT1,5,164,32.8,False
gemma4_26b,Q4_Cauda_Longa,35404406,LINC01510,LINC00152,8,100,12.5,False
gemma4_26b,Q4_Cauda_Longa,37789393,LINC00922,Acly,7,301,43.0,False
gemma4_26b,Q4_Cauda_Longa,30610803,LINC01170,LINC00943,2,7,3.5,False
gemma4_26b,Q4_Cauda_Longa,11245978,DUX3,DUX4,7,146,20.857142857142858,False
gemma4_26b,Q4_Cauda_Longa,25476897,Linc00974,LINC00665,6,31,5.166666666666667,False
gemma4_26b,Q4_Cauda_Longa,38182548,LINC00629,LINC00665,6,31,5.166666666666667,False
gemma4_26b,Q4_Cauda_Longa,14627674,DFNA49,DFNA28,1,96,96.0,False
gemma4_26b,Q4_Cauda_Longa,23095746,Regulator of G-protein signaling-21,RGS16,4,50,12.5,False
gemma4_26b,Q4_Cauda_Longa,34496800,LINC00852,LINC00941,7,23,3.2857142857142856,False
gemma4_26b,Q4_Cauda_Longa,36747161,WEE2-AS1,LINC00665,9,31,3.4444444444444446,False
gemma4_26b,Q4_Cauda_Longa,33435769,miR-3615,CDK1,7,1218,174.0,False
gemma4_26b,Q4_Cauda_Longa,27764782,LINC01198,LINC00665,6,31,5.166666666666667,False
gemma4_26b,Q4_Cauda_Longa,37782686,LINC01485,LINC00941,5,23,4.6,False
gemma4_26b,Q4_Cauda_Longa,33206629,LINC01235,THBS2,4,147,36.75,True
gemma4_26b,Q4_Cauda_Longa,36071306,SNHG25,LINC00665,8,31,3.875,False
gemma4_26b,Q4_Cauda_Longa,38756100,NUDT17,ESR1,7,3640,520.0,False
gemma4_26b,Q4_Cauda_Longa,21525244,Bet3L.,TRAPPC3,7,69,9.857142857142858,False
gemma4_26b,Q4_Cauda_Longa,34121925,Lipocalin 10,ST2,8,293,36.625,False
gemma4_26b,Q4_Cauda_Longa,37584416,LINC01559,LINC00941,8,23,2.875,False
gemma4_26b,Q4_Cauda_Longa,37364417,FAM215A,HOTAIR,8,503,62.875,False
gemma4_26b,Q4_Cauda_Longa,37890508,LINC01339,LINC00941,2,23,11.5,False
gemma4_26b,Q4_Cauda_Longa,33045317,LINC00922,LINC00665,7,31,4.428571428571429,False
gemma4_26b,Q4_Cauda_Longa,19193627,SUNC1,SOD1,9,1331,147.88888888888889,False
gemma4_26b,Q4_Cauda_Longa,32099381,LINC01124,LINC00665,2,31,15.5,False
gemma4_26b,Q4_Cauda_Longa,9653656,GPR33,Gpr32,4,14,3.5,True
gemma4_26b,Q4_Cauda_Longa,33068730,long intergenic non-coding RNA 01087,LINC00152,5,100,20.0,False
gemma4_26b,Q4_Cauda_Longa,30121664,Linc00515,ZEB1,2,656,328.0,False
gemma4_26b,Q4_Cauda_Longa,35264071,CATIP antisense RNA 1,LINC00665,1,31,31.0,False
gemma4_26b,Q4_Cauda_Longa,23077621,miR-1206,miR-145,6,664,110.66666666666667,False
gemma4_26b,Q4_Cauda_Longa,31971830,miR-1293,MIR155,8,920,115.0,False
gemma4_26b,Q4_Cauda_Longa,31655495,LOC105377871,CASC16,1,25,25.0,True
gemma4_26b,Q4_Cauda_Longa,30241482,RIPPLY3,ZBTB20,9,73,8.11111111111111,False
gemma4_26b,Q4_Cauda_Longa,36056690,SNORA70E,SNORA42,2,10,5.0,False
gemma4_26b,Q4_Cauda_Longa,24121108,NAT16,NAT1,8,256,32.0,False
gemma4_26b,Q4_Cauda_Longa,35163220,miR4749,miR-122,6,434,72.33333333333333,False
gemma4_26b,Q4_Cauda_Longa,8026106,MRX14,MRX1,2,81,40.5,False
gemma4_26b,Q4_Cauda_Longa,17509818,Mimt1,Peg3,4,45,11.25,True
gemma4_26b,Q4_Cauda_Longa,34588321,LINC01572,LINC00665,8,31,3.875,False
gemma4_26b,Q4_Cauda_Longa,38396001,hsa-miR-7704,miR-122,4,434,108.5,False
gemma4_26b,Q4_Cauda_Longa,27450454,GCASPC,LINC00665,2,31,15.5,False
gemma4_26b,Q4_Cauda_Longa,18065488,FXRbeta,fxr,4,320,80.0,True
gemma4_26b,Q4_Cauda_Longa,25558065,WDR93,C12orf4,6,21,3.5,True
gemma4_26b,Q3_Baixa_Popularidade,28276201,GRHL3,ZIC3,54,49,0.9074074074074074,False
