estrato,pmid,geneid,hgnc_symbol,status,forma_casada,trecho_evidencia
Q1_Super_Populares,28765952,23411,SIR2L1; SIRT1,sobreviveu,,
Q1_Super_Populares,23669636,6622,NACP; PARK1; PARK4; PD1; SNCA,sobreviveu,,
Q1_Super_Populares,15802968,1234,CC-CKR-5; CCR5; CD195; CKR-5; CKR5; CMKBR5; IDDM22,sobreviveu,,
Q1_Super_Populares,33813478,406991,MIR-21; MIR21; MIRN21; hsa-mir-21,sobreviveu,,
Q1_Super_Populares,35563538,23435,ALS10; TARDBP; TDP-43,descarte_a_fora_abstract,,
Q1_Super_Populares,11398114,1234,CC-CKR-5; CCR5; CD195; CKR-5; CKR5; CMKBR5; IDDM22,sobreviveu,,
Q1_Super_Populares,18037739,4879,NPPB,sobreviveu,,
Q1_Super_Populares,17244614,3162,HMOX1; HO-1; bK286B10,sobreviveu,,
Q1_Super_Populares,20532504,5243,ABC20; ABCB1; CD243; CLCS; GP170; MDR1; P-gp; PGY1; p-170,sobreviveu,,
Q1_Super_Populares,34994576,673,BRAF; BRAF-1; BRAF1,sobreviveu,,
Q1_Super_Populares,25086254,596,BCL2; Bcl-2; PPP1R50,sobreviveu,,
Q1_Super_Populares,1756856,183,AGT; SERPINA8,sobreviveu,,
Q1_Super_Populares,20972462,999,CD324; CDH1; UVO; uvomorulin,sobreviveu,,
Q1_Super_Populares,25983111,7450,F8VWF; VWF,sobreviveu,,
Q1_Super_Populares,23867349,6696,BNSP; BSPI; ETA-1; OPN; SPP1; lnc-PKD2-2-3,sobreviveu,,
Q1_Super_Populares,16153003,4233,DFNB97; HGFR; MET; RCCP2,descarte_a_fora_abstract,,
Q1_Super_Populares,21444672,6774,APRF; STAT3,sobreviveu,,
Q1_Super_Populares,12941811,367,AIS; AR; DHTR; HUMARA; NR3C4; SBMA; SMAX1,sobreviveu,,
Q1_Super_Populares,22083549,79068,ALKBH9; FTO; IFEX9; KIAA1752; MGC5149,sobreviveu,,
Q1_Super_Populares,29588308,3791,CD309; FLK1; KDR; VEGFR; VEGFR2,sobreviveu,,
Q1_Super_Populares,17661909,3119,CELIAC1; HLA-DQB; HLA-DQB1; IDDM1,sobreviveu,,
Q1_Super_Populares,33446896,3815,C-Kit; CD117; KIT; PBT; SCFR,sobreviveu,,
Q1_Super_Populares,32816951,5133,CD279; PD-1; PD1; PDCD1; SLEB2; hSLE1,descarte_a_fora_abstract,,
Q1_Super_Populares,24371373,3146,DKFZp686A04236; HMG1; HMG3; HMGB1; SBP-1,sobreviveu,,
Q1_Super_Populares,34293399,2475,FLJ44809; FRAP; FRAP1; FRAP2; MTOR; RAFT1; RAPT1; mTOR,sobreviveu,,
Q1_Super_Populares,25310146,3553,IL-1B; IL1-BETA; IL1B; IL1F2,sobreviveu,,
Q1_Super_Populares,22590959,23411,SIR2L1; SIRT1,sobreviveu,,
Q1_Super_Populares,19167252,1312,COMT,sobreviveu,,
Q1_Super_Populares,27595159,3383,BB2; CD54; ICAM1,sobreviveu,,
Q1_Super_Populares,19597184,4609,MYC; MYCC; bHLHe39; c-Myc,sobreviveu,,
Q1_Super_Populares,25814554,6714,ASV; SRC; SRC1; c-src,descarte_a_fora_abstract,,
Q1_Super_Populares,26350099,4780,NFE2L2; NRF-2; NRF2,sobreviveu,,
Q1_Super_Populares,18528966,4879,NPPB,descarte_a_fora_abstract,,
Q1_Super_Populares,17704059,3688,CD29; FNRB; GPIIA; ITGB1; MDF2; MSK12,sobreviveu,,
Q1_Super_Populares,18175243,3791,CD309; FLK1; KDR; VEGFR; VEGFR2,sobreviveu,,
Q1_Super_Populares,24694986,183,AGT; SERPINA8,sobreviveu,,
Q1_Super_Populares,19916862,5054,PAI; PAI1; PLANH1; SERPINE1,sobreviveu,,
Q1_Super_Populares,26126526,4318,CLG4B; MMP9,sobreviveu,,
Q1_Super_Populares,36994474,4780,NFE2L2; NRF-2; NRF2,sobreviveu,,
Q1_Super_Populares,18721466,3119,CELIAC1; HLA-DQB; HLA-DQB1; IDDM1,sobreviveu,,
Q1_Super_Populares,16724696,4292,COCA2; FCC2; HNPCC; HNPCC2; MLH-1; MLH1,sobreviveu,,
Q1_Super_Populares,21191630,3791,CD309; FLK1; KDR; VEGFR; VEGFR2,sobreviveu,,
Q1_Super_Populares,31727962,367,AIS; AR; DHTR; HUMARA; NR3C4; SBMA; SMAX1,sobreviveu,,
Q1_Super_Populares,24008518,7157,LFS1; TP53; p53,sobreviveu,,
Q1_Super_Populares,20678555,1813,D2R; DRD2,sobreviveu,,
Q1_Super_Populares,19138820,1956,EGFR; ERBB; ERBB1; ERRP,sobreviveu,,
Q1_Super_Populares,37392490,7852,CD184; CXCR4; D2S201E; HM89; HSY3RR; LESTR; NPY3R; NPYR; NPYY3R; fusin,sobreviveu,,
Q1_Super_Populares,31209784,351,AD1; APP; alpha-sAPP,descarte_a_fora_abstract,,
Q1_Super_Populares,15713910,3383,BB2; CD54; ICAM1,sobreviveu,,
Q1_Super_Populares,17437619,2944,GST1; GSTM1; H-B; MU,sobreviveu,,
Q1_Super_Populares,23359812,1493,CD; CD152; CELIAC3; CTLA-4; CTLA4; GSE; IDDM12,sobreviveu,,
Q1_Super_Populares,21400500,50943,AIID; DIETER; FOXP3; IPEX; JM2; PIDX; SCURFIN; XPID,sobreviveu,,
Q1_Super_Populares,19167832,367,AIS; AR; DHTR; HUMARA; NR3C4; SBMA; SMAX1,sobreviveu,,
Q1_Super_Populares,26931569,4137,DDPAC; FLJ31424; FTDP-17; MAPT; MAPTL; MGC138549; MSTD; MTBT1; MTBT2; PPND; PPP1R103; TAU; Tau-PHF6; tau; tau-40,sobreviveu,,
Q1_Super_Populares,19755524,1499,CTNNB; CTNNB1; armadillo; beta-catenin,sobreviveu,,
Q1_Super_Populares,24189400,8878,A170; OSIL; PDB3; SQSTM1; p60; p62; p62B,descarte_a_fora_abstract,,
Q1_Super_Populares,24927568,4000,CMD1A; HGPS; LGMD1B; LMN1; LMNA; LMNL1; MADA; PRO1,descarte_a_fora_abstract,,
Q1_Super_Populares,26551706,4780,NFE2L2; NRF-2; NRF2,sobreviveu,,
Q1_Super_Populares,14727255,7450,F8VWF; VWF,sobreviveu,,
Q1_Super_Populares,25088788,3458,IFNG,sobreviveu,,
Q1_Super_Populares,23230665,3952,LEP; OB; OBS,sobreviveu,,
Q1_Super_Populares,19608668,1499,CTNNB; CTNNB1; armadillo; beta-catenin,descarte_b_no_abstract,beta-catenin,"alysis of TP53, PTEN, PIK3CA and CTNNB1/beta-catenin genes in human herpesvirus 8-associated"
Q1_Super_Populares,30573668,581,BAX; BCL2L4,sobreviveu,,
Q1_Super_Populares,28351623,3480,CD221; IGF1R; IGFIR; IGFR; JTK13; MGC18216,descarte_b_no_abstract,IGF1R,horts of SGA subjects. We have used the Igf1r heterozygous (Igf1r+/-) male mouse as a
Q1_Super_Populares,26181201,6622,NACP; PARK1; PARK4; PD1; SNCA,sobreviveu,,
Q1_Super_Populares,24142575,2033,EP300; KAT3B; p300,sobreviveu,,
Q1_Super_Populares,23787408,110806262,,descarte_nao_verificavel,,
Q1_Super_Populares,26109559,1027,CDKN1B; KIP1; P27KIP1,sobreviveu,,
Q1_Super_Populares,32064896,6622,NACP; PARK1; PARK4; PD1; SNCA,sobreviveu,,
Q1_Super_Populares,25730908,1956,EGFR; ERBB; ERBB1; ERRP,sobreviveu,,
Q1_Super_Populares,34060368,3791,CD309; FLK1; KDR; VEGFR; VEGFR2,sobreviveu,,
Q1_Super_Populares,25735793,1499,CTNNB; CTNNB1; armadillo; beta-catenin,sobreviveu,,
Q1_Super_Populares,11044375,7097,CD282; TIL4; TLR2,sobreviveu,,
Q1_Super_Populares,19254255,3123,HLA-DR1B; HLA-DRB1,sobreviveu,,
Q1_Super_Populares,12086670,596,BCL2; Bcl-2; PPP1R50,sobreviveu,,
Q1_Super_Populares,37055579,5970,NFKB3; RELA; p65,sobreviveu,,
Q1_Super_Populares,34721756,6696,BNSP; BSPI; ETA-1; OPN; SPP1; lnc-PKD2-2-3,sobreviveu,,
Q1_Super_Populares,24233813,3557,ICIL-1RA; IL-1RN; IL1F3; IL1RA; IL1RN; IRAP; MGC10430,sobreviveu,,
Q1_Super_Populares,28602977,6774,APRF; STAT3,sobreviveu,,
Q1_Super_Populares,33030848,29126,B7-H; B7-H1; B7H1; CD274; PD-L1; PDCD1LG1; PDL1,sobreviveu,,
Q1_Super_Populares,37749552,6387,CXCL12; PBSF; SCYB12; SDF-1a; SDF-1b; SDF1; SDF1A; SDF1B; TLSF-a; TLSF-b; TPAR1,sobreviveu,,
Q1_Super_Populares,20158519,6714,ASV; SRC; SRC1; c-src,sobreviveu,,
Q1_Super_Populares,19037107,3690,CD61; GP3A; GPIIIa; ITGB3,descarte_a_fora_abstract,,
Q1_Super_Populares,19712061,120892,DKFZp434H2111; FLJ45829; LRRK2; PARK8; RIPK7; ROCO2,sobreviveu,,
Q1_Super_Populares,37776850,1493,CD; CD152; CELIAC3; CTLA-4; CTLA4; GSE; IDDM12,sobreviveu,,
Q1_Super_Populares,22126575,4524,MTHFR,sobreviveu,,
Q1_Super_Populares,28559539,348,AD2; APOE,sobreviveu,,
Q1_Super_Populares,17172814,7015,EST2; TCS1; TERT; TP2; TRT; hEST2,sobreviveu,,
Q1_Super_Populares,30586202,1813,D2R; DRD2,sobreviveu,,
Q1_Super_Populares,26438079,5243,ABC20; ABCB1; CD243; CLCS; GP170; MDR1; P-gp; PGY1; p-170,sobreviveu,,
Q1_Super_Populares,19188749,5743,COX2; PTGS2,sobreviveu,,
Q1_Super_Populares,10842192,5743,COX2; PTGS2,sobreviveu,,
Q1_Super_Populares,30021006,6622,NACP; PARK1; PARK4; PD1; SNCA,sobreviveu,,
Q1_Super_Populares,20221873,5444,ESA; PON; PON1,sobreviveu,,
Q1_Super_Populares,28346478,4846,ECNOS; NOS3; eNOS,sobreviveu,,
Q1_Super_Populares,18495130,7097,CD282; TIL4; TLR2,sobreviveu,,
Q1_Super_Populares,26203933,6696,BNSP; BSPI; ETA-1; OPN; SPP1; lnc-PKD2-2-3,descarte_a_fora_abstract,,
Q1_Super_Populares,24804827,3606,IGIF; IL-18; IL-1g; IL18; IL1F4,sobreviveu,,
Q1_Super_Populares,23236014,110806262,,descarte_nao_verificavel,,
Q1_Super_Populares,33811702,142,ADPRT; ARTD1; PARP; PARP1; PARS; PPOL; Poly-PARP,sobreviveu,,
Q1_Super_Populares,12631667,2944,GST1; GSTM1; H-B; MU,descarte_b_no_abstract,MU,"me P450 1A1, glutathione S-transferases mu-1, pi-1, and theta-1, and epoxide hydro"
Q1_Super_Populares,23562910,3725,AP-1; JUN; c-Jun,descarte_b_no_abstract,JUN, immediate early response genes FOS and JUN and intellectual disability.   Loss of 
Q1_Super_Populares,26928204,5599,JNK; JNK1; MAPK8; PRKM8; SAPK1,descarte_a_fora_abstract,,
Q1_Super_Populares,20820192,672,BRCA1; BRCC1; FANCS; PPP1R53; RNF53,sobreviveu,,
Q1_Super_Populares,22085486,1234,CC-CKR-5; CCR5; CD195; CKR-5; CKR5; CMKBR5; IDDM22,sobreviveu,,
Q1_Super_Populares,16044857,7099,ARMD10; CD284; TLR-4; TLR4; hToll,sobreviveu,,
Q1_Super_Populares,27027444,672,BRCA1; BRCC1; FANCS; PPP1R53; RNF53,sobreviveu,,
Q1_Super_Populares,12036871,7450,F8VWF; VWF,sobreviveu,,
Q1_Super_Populares,18816594,4609,MYC; MYCC; bHLHe39; c-Myc,sobreviveu,,
Q1_Super_Populares,14680975,5468,NR1C3; PPARG; PPARG1; PPARG2; PPARgamma,sobreviveu,,
Q1_Super_Populares,20211062,960,CD44; CD44R; CDw44; CSPG8; ECM-III; H-CAM; HCELL; HUTCH-1; HUTCH-I; Hermes-1; IN; MC56; MDU2; MDU3; MIC4; PGP-1; Pgp1,sobreviveu,,
Q1_Super_Populares,19942375,5054,PAI; PAI1; PLANH1; SERPINE1,descarte_a_fora_abstract,,
Q1_Super_Populares,14504875,2153,F5; fV,sobreviveu,,
Q1_Super_Populares,11016625,672,BRCA1; BRCC1; FANCS; PPP1R53; RNF53,sobreviveu,,
Q1_Super_Populares,35167908,4879,NPPB,descarte_a_fora_abstract,,
Q1_Super_Populares,11239517,3119,CELIAC1; HLA-DQB; HLA-DQB1; IDDM1,sobreviveu,,
Q1_Super_Populares,26552750,6387,CXCL12; PBSF; SCYB12; SDF-1a; SDF-1b; SDF1; SDF1A; SDF1B; TLSF-a; TLSF-b; TPAR1,sobreviveu,,
Q1_Super_Populares,12370403,7124,DIF; TNF; TNF-alpha; TNFA; TNFSF2,sobreviveu,,
Q1_Super_Populares,12966525,6532,5-HTT; HTT; OCD1; SERT1; SLC6A4,sobreviveu,,
Q1_Super_Populares,37486536,5728,BZS; MHAM; MMAC1; PTEN; PTEN1; TEP1,sobreviveu,,
Q1_Super_Populares,10885567,3105,HLA-A,sobreviveu,,
Q1_Super_Populares,22707636,2932,GSK3B,sobreviveu,,
Q1_Super_Populares,14534709,3146,DKFZp686A04236; HMG1; HMG3; HMGB1; SBP-1,sobreviveu,,
Q1_Super_Populares,20870462,351,AD1; APP; alpha-sAPP,descarte_a_fora_abstract,,
Q1_Super_Populares,15592292,355,APO-1; APT1; CD95; FAS; FAS1; TNFRSF6,sobreviveu,,
Q1_Super_Populares,31983437,351,AD1; APP; alpha-sAPP,sobreviveu,,
Q1_Super_Populares,30905898,406991,MIR-21; MIR21; MIRN21; hsa-mir-21,sobreviveu,,
Q1_Super_Populares,29148541,4609,MYC; MYCC; bHLHe39; c-Myc,sobreviveu,,
Q1_Super_Populares,28065597,3065,GON-10; HD1; HDAC1; KDAC1; RPD3L1,descarte_a_fora_abstract,,
Q1_Super_Populares,28416608,5970,NFKB3; RELA; p65,sobreviveu,,
Q1_Super_Populares,19112107,3576,3-10C; AMCF-I; CXCL8; GCP-1; GCP1; IL-8; IL8; K60; LECT; LUCT; LYNAP; MDNCF; MONAP; NAF; NAP-1; NAP1; SCYB8; TSG-1; b-ENAP,sobreviveu,,
Q1_Super_Populares,22262859,672,BRCA1; BRCC1; FANCS; PPP1R53; RNF53,descarte_b_no_abstract,BRCA1,t cancer susceptibility type 1 protein (BRCA1) is degraded by the N-end rule pathway.
Q1_Super_Populares,22361813,6622,NACP; PARK1; PARK4; PD1; SNCA,sobreviveu,,
Q1_Super_Populares,19015275,10413,YAP-1; YAP1; YAP65,sobreviveu,,
Q1_Super_Populares,32356560,5133,CD279; PD-1; PD1; PDCD1; SLEB2; hSLE1,sobreviveu,,
Q1_Super_Populares,20513078,29126,B7-H; B7-H1; B7H1; CD274; PD-L1; PDCD1LG1; PDL1,sobreviveu,,
Q1_Super_Populares,25338662,2153,F5; fV,sobreviveu,,
Q1_Super_Populares,23924900,1080,ABC35; ABCC7; CF; CFTR; CFTR/MRP; MRP7; TNR-CFTR; dJ760C5.1,sobreviveu,,
Q1_Super_Populares,17875573,3586,CSIF; IL-10; IL10; IL10A; TGIF,sobreviveu,,
Q1_Super_Populares,17207024,3565,BCGF-1; BCGF1; BSF1; IL-4; IL4; MGC79402,sobreviveu,,
Q1_Super_Populares,17570509,2147,F2,sobreviveu,,
Q1_Super_Populares,26656590,4846,ECNOS; NOS3; eNOS,sobreviveu,,
Q1_Super_Populares,25348056,2944,GST1; GSTM1; H-B; MU,sobreviveu,,
Q1_Super_Populares,18683754,4292,COCA2; FCC2; HNPCC; HNPCC2; MLH-1; MLH1,sobreviveu,,
Q1_Super_Populares,27294127,2952,GSTT1,sobreviveu,,
Q1_Super_Populares,12853948,3569,BSF2; HGF; HSF; IFNB2; IL-6; IL6,descarte_a_fora_abstract,,
Q1_Super_Populares,26494593,3106,AS; HLA-B,sobreviveu,,
Q1_Super_Populares,8892658,154,ADRB2; ADRB2R; ADRBR; ARB2; B2AR; BAR,sobreviveu,,
Q1_Super_Populares,25692299,3309,BiP; GRP78; HSPA5,descarte_b_no_abstract,BiP,Noncanonical binding of BiP ATPase domain to Ire1 and Perk is disso
Q1_Super_Populares,21945955,207,AKT; AKT1; PKB; PRKBA; RAC; RAC-alpha,sobreviveu,,
Q1_Super_Populares,22844442,836,CASP3; CPP32; CPP32B; Yama; apopain,sobreviveu,,
Q1_Super_Populares,27423588,332,API4; BIRC5; EPR-1; survivin,sobreviveu,,
Q1_Super_Populares,31430977,5444,ESA; PON; PON1,sobreviveu,,
Q1_Super_Populares,20588308,6772,ISGF-3; STAT1; STAT91,descarte_a_fora_abstract,,
Q1_Super_Populares,15641051,3553,IL-1B; IL1-BETA; IL1B; IL1F2,sobreviveu,,
Q1_Super_Populares,39191344,1432,CSBP1; CSBP2; CSPB1; MAPK14; Mxi2; PRKM14; PRKM15; p38; p38alpha,sobreviveu,,
Q1_Super_Populares,14986816,3552,IL-1A; IL1; IL1-ALPHA; IL1A; IL1F1,sobreviveu,,
Q1_Super_Populares,24280143,387,ARH12; ARHA; RHOA; RHOH12; Rho12,sobreviveu,,
Q1_Super_Populares,20981111,5444,ESA; PON; PON1,sobreviveu,,
Q1_Super_Populares,18259216,5925,OSRC; PPP1R130; RB; RB1,descarte_a_fora_abstract,,
Q1_Super_Populares,19020547,4869,B23; NPM; NPM1,sobreviveu,,
Q1_Super_Populares,31357837,3480,CD221; IGF1R; IGFIR; IGFR; JTK13; MGC18216,sobreviveu,,
Q1_Super_Populares,27507606,7097,CD282; TIL4; TLR2,sobreviveu,,
Q1_Super_Populares,12750767,3630,IDDM1; IDDM2; INS,sobreviveu,,
Q1_Super_Populares,18045059,3717,JAK2; JTK10,sobreviveu,,
Q1_Super_Populares,27012186,3065,GON-10; HD1; HDAC1; KDAC1; RPD3L1,descarte_a_fora_abstract,,
Q1_Super_Populares,11878934,983,CDC2; CDC28A; CDK1,sobreviveu,,
Q1_Super_Populares,33683519,324,APC; DP2; DP2.5; DP3; PPP1R46,sobreviveu,,
Q1_Super_Populares,26979993,4869,B23; NPM; NPM1,descarte_a_fora_abstract,,
Q1_Super_Populares,26401760,627,BDNF,sobreviveu,,
Q1_Super_Populares,19913121,324,APC; DP2; DP2.5; DP3; PPP1R46,descarte_a_fora_abstract,,
Q1_Super_Populares,22673112,3958,GALIG; LGALS2; LGALS3; MAC-2,sobreviveu,,
Q1_Super_Populares,20933336,627,BDNF,sobreviveu,,
Q1_Super_Populares,29679564,29126,B7-H; B7-H1; B7H1; CD274; PD-L1; PDCD1LG1; PDL1,sobreviveu,,
Q1_Super_Populares,28319085,675,BRCA2; BRCC2; FACD; FAD; FAD1; FANCD; FANCD1; XRCC11,descarte_a_fora_abstract,,
Q1_Super_Populares,20204306,2475,FLJ44809; FRAP; FRAP1; FRAP2; MTOR; RAFT1; RAPT1; mTOR,sobreviveu,,
Q1_Super_Populares,21544081,79068,ALKBH9; FTO; IFEX9; KIAA1752; MGC5149,sobreviveu,,
Q1_Super_Populares,19264130,4137,DDPAC; FLJ31424; FTDP-17; MAPT; MAPTL; MGC138549; MSTD; MTBT1; MTBT2; PPND; PPP1R103; TAU; Tau-PHF6; tau; tau-40,sobreviveu,,
Q1_Super_Populares,33995361,3586,CSIF; IL-10; IL10; IL10A; TGIF,sobreviveu,,
Q1_Super_Populares,18018472,4288,Ki-67; MIB-1; MKI67; PPP1R105,descarte_b_no_abstract,MIB-1,MIB-1 immunolabeling: a valuable marker in pr
Q1_Super_Populares,12524082,5054,PAI; PAI1; PLANH1; SERPINE1,descarte_b_no_abstract,PAI,A) and plasminogen activator inhibitor (PAI-I) and whether their expression is regu
Q1_Super_Populares,30796164,351,AD1; APP; alpha-sAPP,sobreviveu,,
Q1_Super_Populares,37661113,3065,GON-10; HD1; HDAC1; KDAC1; RPD3L1,sobreviveu,,
Q1_Super_Populares,7607642,183,AGT; SERPINA8,sobreviveu,,
Q1_Super_Populares,37395027,4000,CMD1A; HGPS; LGMD1B; LMN1; LMNA; LMNL1; MADA; PRO1,sobreviveu,,
Q1_Super_Populares,15845362,5594,ERK; ERK2; MAPK1; MAPK2; PRKM1; PRKM2; p41mapk,descarte_a_fora_abstract,,
Q1_Super_Populares,32375042,120892,DKFZp434H2111; FLJ45829; LRRK2; PARK8; RIPK7; ROCO2,descarte_b_no_abstract,LRRK2,The Parkinson's Disease Protein LRRK2 Interacts with the GARP Complex to Prom
Q1_Super_Populares,25643203,6532,5-HTT; HTT; OCD1; SERT1; SLC6A4,sobreviveu,,
Q1_Super_Populares,19075016,23411,SIR2L1; SIRT1,sobreviveu,,
Q1_Super_Populares,19953622,2952,GSTT1,sobreviveu,,
Q1_Super_Populares,21674042,3106,AS; HLA-B,sobreviveu,,
Q1_Super_Populares,29362425,5879,RAC1; Rac-1; TC-25; p21-Rac1,descarte_b_no_abstract,RAC1,regulates its oligomerization state and Rac1 ubiquitination.   The regulation of Rac
Q1_Super_Populares,16907768,3553,IL-1B; IL1-BETA; IL1B; IL1F2,sobreviveu,,
Q1_Super_Populares,9425125,5970,NFKB3; RELA; p65,descarte_b_no_abstract,p65," is able to squelch the activity of the p65 acidic domain. Altogether, these struct"
Q1_Super_Populares,31661551,4313,CLG4; CLG4A; MMP-2; MMP2; TBE-1,sobreviveu,,
Q1_Super_Populares,21736951,2950,FAEES3; GST3; GSTP; GSTP1,sobreviveu,,
Q1_Super_Populares,36435608,2099,ER; ER-alpha; ESR; ESR1; Era; NR3A1,sobreviveu,,
Q1_Super_Populares,36546586,4193,HDM2; MDM2; MGC5370,sobreviveu,,
Q1_Super_Populares,15033463,2952,GSTT1,sobreviveu,,
Q1_Super_Populares,21181166,7124,DIF; TNF; TNF-alpha; TNFA; TNFSF2,sobreviveu,,
Q1_Super_Populares,38368381,6667,SP1,sobreviveu,,
Q1_Super_Populares,25620704,3107,D6S204; HLA-C; HLA-JY3; PSORS1,descarte_a_fora_abstract,,
Q1_Super_Populares,13678532,3162,HMOX1; HO-1; bK286B10,sobreviveu,,
Q1_Super_Populares,20599762,7040,CED; DPD1; TGFB; TGFB1; TGFbeta,sobreviveu,,
Q1_Super_Populares,24236118,4879,NPPB,sobreviveu,,
Q1_Super_Populares,19226262,9370,ACDC; ACRP30; ADIPOQ; GBP28; adiponectin; apM1,sobreviveu,,
Q1_Super_Populares,28256105,1557,CPCJ; CYP2C; CYP2C19; P450IIC19,sobreviveu,,
Q1_Super_Populares,39218978,114548,AGTAVPRL; AII; AVP; C1orf7; CIAS1; CLR1.1; DFNA34; FCAS; FCU; MWS; NALP3; NLRP3; PYPAF1,sobreviveu,,
Q1_Super_Populares,20604950,1029,ARF; CAI2; CDK4I; CDKN2; CDKN2A; CMM2; INK4; INK4a; MLM; MTS1; P16-INK4A; p14; p14ARF; p16; p16INK4a; p19; p19Arf,sobreviveu,,
Q1_Super_Populares,32457219,23435,ALS10; TARDBP; TDP-43,descarte_a_fora_abstract,,
Q1_Super_Populares,29253086,120892,DKFZp434H2111; FLJ45829; LRRK2; PARK8; RIPK7; ROCO2,sobreviveu,,
Q1_Super_Populares,12376362,4313,CLG4; CLG4A; MMP-2; MMP2; TBE-1,sobreviveu,,
Q1_Super_Populares,25425967,3552,IL-1A; IL1; IL1-ALPHA; IL1A; IL1F1,sobreviveu,,
Q1_Super_Populares,36737794,3383,BB2; CD54; ICAM1,sobreviveu,,
Q1_Super_Populares,32157215,7157,LFS1; TP53; p53,sobreviveu,,
Q1_Super_Populares,12858534,3091,HIF-1alpha; HIF1; HIF1A; MOP1; PASD8; bHLHe78,sobreviveu,,
Q1_Super_Populares,30853520,7097,CD282; TIL4; TLR2,sobreviveu,,
Q1_Super_Populares,16009381,1543,CP11; CYP1; CYP1A1; P1-450; P450-C; P450DX,sobreviveu,,
Q1_Super_Populares,16547804,3576,3-10C; AMCF-I; CXCL8; GCP-1; GCP1; IL-8; IL8; K60; LECT; LUCT; LYNAP; MDNCF; MONAP; NAF; NAP-1; NAP1; SCYB8; TSG-1; b-ENAP,sobreviveu,,
Q1_Super_Populares,22734943,1499,CTNNB; CTNNB1; armadillo; beta-catenin,sobreviveu,,
Q1_Super_Populares,15563891,348,AD2; APOE,sobreviveu,,
Q1_Super_Populares,23221871,627,BDNF,sobreviveu,,
Q1_Super_Populares,24917023,3606,IGIF; IL-18; IL-1g; IL18; IL1F4,sobreviveu,,
Q1_Super_Populares,9465039,3077,HFE; HFE1; HLA-H,sobreviveu,,
Q1_Super_Populares,21097678,1432,CSBP1; CSBP2; CSPB1; MAPK14; Mxi2; PRKM14; PRKM15; p38; p38alpha,sobreviveu,,
Q1_Super_Populares,21206905,1432,CSBP1; CSBP2; CSPB1; MAPK14; Mxi2; PRKM14; PRKM15; p38; p38alpha,descarte_a_fora_abstract,,
Q1_Super_Populares,22447520,4233,DFNB97; HGFR; MET; RCCP2,descarte_b_no_abstract,MET,nalysis of the hepatocyte growth factor/MET signaling pathway in pediatric medullob
Q1_Super_Populares,26073399,335,APOA1,sobreviveu,,
Q1_Super_Populares,32285172,7040,CED; DPD1; TGFB; TGFB1; TGFbeta,sobreviveu,,
Q1_Super_Populares,18042361,7450,F8VWF; VWF,sobreviveu,,
Q1_Super_Populares,12415614,64127,BLAU; CARD15; CD; CLR16.3; IBD1; NLRC2; NOD2; PSORAS1,sobreviveu,,
Q1_Super_Populares,20935614,4524,MTHFR,sobreviveu,,
Q1_Super_Populares,17682054,2908,GR; GRL; NR3C1,sobreviveu,,
Q1_Super_Populares,22140263,2932,GSK3B,sobreviveu,,
Q1_Super_Populares,19243543,3123,HLA-DR1B; HLA-DRB1,sobreviveu,,
Q1_Super_Populares,16477012,3553,IL-1B; IL1-BETA; IL1B; IL1F2,sobreviveu,,
Q1_Super_Populares,21444121,1956,EGFR; ERBB; ERBB1; ERRP,sobreviveu,,
Q1_Super_Populares,17334320,2153,F5; fV,descarte_a_fora_abstract,,
Q1_Super_Populares,33075048,5468,NR1C3; PPARG; PPARG1; PPARG2; PPARgamma,sobreviveu,,
Q1_Super_Populares,24721839,3815,C-Kit; CD117; KIT; PBT; SCFR,sobreviveu,,
Q1_Super_Populares,20377868,6696,BNSP; BSPI; ETA-1; OPN; SPP1; lnc-PKD2-2-3,sobreviveu,,
Q1_Super_Populares,18719673,3630,IDDM1; IDDM2; INS,sobreviveu,,
Q1_Super_Populares,21475975,387,ARH12; ARHA; RHOA; RHOH12; Rho12,sobreviveu,,
Q1_Super_Populares,23472054,5925,OSRC; PPP1R130; RB; RB1,descarte_b_no_abstract,RB,s to induce cellular senescence via the Rb-E2F pathway.   The INhibitor of Growth 
Q1_Super_Populares,26662389,4524,MTHFR,sobreviveu,,
Q1_Super_Populares,18075462,4846,ECNOS; NOS3; eNOS,sobreviveu,,
Q1_Super_Populares,18713823,7422,VEGF; VEGF-A; VEGFA; VPF,sobreviveu,,
Q1_Super_Populares,18443805,2952,GSTT1,sobreviveu,,
Q1_Super_Populares,34839558,5925,OSRC; PPP1R130; RB; RB1,descarte_b_no_abstract,RB,SUMOylation regulates Rb hyperphosphorylation and inactivation i
Q1_Super_Populares,36172747,1493,CD; CD152; CELIAC3; CTLA-4; CTLA4; GSE; IDDM12,sobreviveu,,
Q1_Super_Populares,33531586,2146,ENX-1; EZH1; EZH2; KMT6; KMT6A,sobreviveu,,
Q1_Super_Populares,20971508,960,CD44; CD44R; CDw44; CSPG8; ECM-III; H-CAM; HCELL; HUTCH-1; HUTCH-I; Hermes-1; IN; MC56; MDU2; MDU3; MIC4; PGP-1; Pgp1,sobreviveu,,
Q1_Super_Populares,21136273,3162,HMOX1; HO-1; bK286B10,sobreviveu,,
Q1_Super_Populares,29509190,3107,D6S204; HLA-C; HLA-JY3; PSORS1,descarte_a_fora_abstract,,
Q1_Super_Populares,15995945,6532,5-HTT; HTT; OCD1; SERT1; SLC6A4,sobreviveu,,
Q1_Super_Populares,29862445,2475,FLJ44809; FRAP; FRAP1; FRAP2; MTOR; RAFT1; RAPT1; mTOR,sobreviveu,,
Q1_Super_Populares,25684485,2950,FAEES3; GST3; GSTP; GSTP1,sobreviveu,,
Q1_Super_Populares,23784844,6647,ALS; ALS1; IPOA; SOD1,sobreviveu,,
Q1_Super_Populares,35236823,3091,HIF-1alpha; HIF1; HIF1A; MOP1; PASD8; bHLHe78,sobreviveu,,
Q1_Super_Populares,17304884,3106,AS; HLA-B,descarte_a_fora_abstract,,
Q1_Super_Populares,15848527,7040,CED; DPD1; TGFB; TGFB1; TGFbeta,sobreviveu,,
Q1_Super_Populares,16923217,2950,FAEES3; GST3; GSTP; GSTP1,sobreviveu,,
Q1_Super_Populares,29356224,3553,IL-1B; IL1-BETA; IL1B; IL1F2,sobreviveu,,
Q1_Super_Populares,29267651,2952,GSTT1,sobreviveu,,
Q1_Super_Populares,31708372,3815,C-Kit; CD117; KIT; PBT; SCFR,sobreviveu,,
Q1_Super_Populares,12810720,2908,GR; GRL; NR3C1,sobreviveu,,
Q1_Super_Populares,22828925,5595,ERK-1; ERK1; MAPK3; PRKM3; p44erk1; p44mapk,sobreviveu,,
Q1_Super_Populares,20301468,4000,CMD1A; HGPS; LGMD1B; LMN1; LMNA; LMNL1; MADA; PRO1,sobreviveu,,
Q1_Super_Populares,33742100,355,APO-1; APT1; CD95; FAS; FAS1; TNFRSF6,descarte_a_fora_abstract,,
Q1_Super_Populares,11895912,4292,COCA2; FCC2; HNPCC; HNPCC2; MLH-1; MLH1,sobreviveu,,
Q1_Super_Populares,37916628,1565,CPD6; CYP2D; CYP2D6; CYP2D7AP; CYP2D7BP; CYP2D7P2; CYP2D8P2; CYP2DL1; P450-DB1; P450C2D,sobreviveu,,
Q1_Super_Populares,14671208,50943,AIID; DIETER; FOXP3; IPEX; JM2; PIDX; SCURFIN; XPID,sobreviveu,,
Q1_Super_Populares,26635038,6772,ISGF-3; STAT1; STAT91,sobreviveu,,
Q1_Super_Populares,35619132,5290,PI3K; PIK3CA,sobreviveu,,
Q1_Super_Populares,12167656,5743,COX2; PTGS2,descarte_a_fora_abstract,,
Q1_Super_Populares,18539162,7316,UBC,descarte_a_fora_abstract,,
Q1_Super_Populares,17637462,7515,RCC; XRCC1,sobreviveu,,
Q1_Super_Populares,20392877,595,BCL1; CCND1; D11S287E; PRAD1; U21B31,sobreviveu,,
Q1_Super_Populares,37326977,3576,3-10C; AMCF-I; CXCL8; GCP-1; GCP1; IL-8; IL8; K60; LECT; LUCT; LYNAP; MDNCF; MONAP; NAF; NAP-1; NAP1; SCYB8; TSG-1; b-ENAP,sobreviveu,,
Q1_Super_Populares,30115631,999,CD324; CDH1; UVO; uvomorulin,sobreviveu,,
Q1_Super_Populares,20920548,110806262,,descarte_nao_verificavel,,
Q1_Super_Populares,12388552,7852,CD184; CXCR4; D2S201E; HM89; HSY3RR; LESTR; NPY3R; NPYR; NPYY3R; fusin,sobreviveu,,
Q1_Super_Populares,27249767,1493,CD; CD152; CELIAC3; CTLA-4; CTLA4; GSE; IDDM12,descarte_a_fora_abstract,,
Q1_Super_Populares,25538040,5290,PI3K; PIK3CA,descarte_b_no_abstract,PI3K,"ork Involving beta-Catenin, e-Cadherin, PI3k/Akt, and Slug Balances Self-Renewal and"
Q1_Super_Populares,33502650,5970,NFKB3; RELA; p65,sobreviveu,,
Q1_Super_Populares,15598682,387,ARH12; ARHA; RHOA; RHOH12; Rho12,sobreviveu,,
Q1_Super_Populares,11978563,3123,HLA-DR1B; HLA-DRB1,sobreviveu,,
Q1_Super_Populares,19184427,7157,LFS1; TP53; p53,sobreviveu,,
Q1_Super_Populares,18987997,5747,FADK; FAK; FAK1; PPP1R71; PTK2,sobreviveu,,
Q1_Super_Populares,20485444,2908,GR; GRL; NR3C1,descarte_a_fora_abstract,,
Q1_Super_Populares,22301914,5444,ESA; PON; PON1,sobreviveu,,
Q1_Super_Populares,19479998,6347,CCL2; GDCF-2; HC11; MCAF; MCP-1; MCP1; MGC9434; SCYA2; SMC-CF,sobreviveu,,
Q1_Super_Populares,12855573,6772,ISGF-3; STAT1; STAT91,sobreviveu,,
Q1_Super_Populares,29779167,2932,GSK3B,descarte_a_fora_abstract,,
Q1_Super_Populares,32417757,4312,CLG; MMP1,sobreviveu,,
Q1_Super_Populares,21928234,1401,CRP; PTX1,sobreviveu,,
Q1_Super_Populares,30266980,3576,3-10C; AMCF-I; CXCL8; GCP-1; GCP1; IL-8; IL8; K60; LECT; LUCT; LYNAP; MDNCF; MONAP; NAF; NAP-1; NAP1; SCYB8; TSG-1; b-ENAP,sobreviveu,,
Q1_Super_Populares,29024602,3309,BiP; GRP78; HSPA5,sobreviveu,,
Q1_Super_Populares,18806268,3320,FLJ31884; HSP90AA1; HSP90N; HSPC1; HSPCA; HSPCAL4; Hsp89; Hsp90,sobreviveu,,
Q1_Super_Populares,34638586,5728,BZS; MHAM; MMAC1; PTEN; PTEN1; TEP1,sobreviveu,,
Q1_Super_Populares,12459519,348,AD2; APOE,sobreviveu,,
Q1_Super_Populares,29903026,3458,IFNG,sobreviveu,,
Q1_Super_Populares,35145272,595,BCL1; CCND1; D11S287E; PRAD1; U21B31,sobreviveu,,
Q1_Super_Populares,20532959,5444,ESA; PON; PON1,sobreviveu,,
Q1_Super_Populares,27468582,2950,FAEES3; GST3; GSTP; GSTP1,sobreviveu,,
Q1_Super_Populares,19660434,6387,CXCL12; PBSF; SCYB12; SDF-1a; SDF-1b; SDF1; SDF1A; SDF1B; TLSF-a; TLSF-b; TPAR1,sobreviveu,,
Q1_Super_Populares,19845758,50943,AIID; DIETER; FOXP3; IPEX; JM2; PIDX; SCURFIN; XPID,sobreviveu,,
Q1_Super_Populares,18266953,5594,ERK; ERK2; MAPK1; MAPK2; PRKM1; PRKM2; p41mapk,sobreviveu,,
Q1_Super_Populares,23573235,596,BCL2; Bcl-2; PPP1R50,sobreviveu,,
Q1_Super_Populares,22011446,2064,CD340; ERBB2; HER-2; HER2; MLN-19; NEU; NGL; c-ERB-2; c-ERB2; p185(erbB2),sobreviveu,,
Q1_Super_Populares,21123564,3952,LEP; OB; OBS,descarte_b_no_abstract,LEP,"ice. In hyperglycemic, leptin-deficient Lep(ob/ob) mice, leptin acutely and potentl"
Q1_Super_Populares,32769117,351,AD1; APP; alpha-sAPP,sobreviveu,,
Q1_Super_Populares,22499302,6696,BNSP; BSPI; ETA-1; OPN; SPP1; lnc-PKD2-2-3,sobreviveu,,
Q1_Super_Populares,20142237,836,CASP3; CPP32; CPP32B; Yama; apopain,sobreviveu,,
Q1_Super_Populares,29277264,1432,CSBP1; CSBP2; CSPB1; MAPK14; Mxi2; PRKM14; PRKM15; p38; p38alpha,sobreviveu,,
Q1_Super_Populares,16786764,3123,HLA-DR1B; HLA-DRB1,sobreviveu,,
Q1_Super_Populares,32382012,3146,DKFZp686A04236; HMG1; HMG3; HMGB1; SBP-1,descarte_b_no_abstract,HMGB1,The HMGB1-RAGE axis modulates the growth of autop
Q1_Super_Populares,24647635,2100,ER-beta; ESR2; Erb; NR3A2,sobreviveu,,
Q1_Super_Populares,27967213,114548,AGTAVPRL; AII; AVP; C1orf7; CIAS1; CLR1.1; DFNA34; FCAS; FCU; MWS; NALP3; NLRP3; PYPAF1,sobreviveu,,
Q1_Super_Populares,12748184,387,ARH12; ARHA; RHOA; RHOH12; Rho12,sobreviveu,,
Q1_Super_Populares,15166010,4088,HsT17436; JV15-2; MADH3; SMAD3,sobreviveu,,
Q1_Super_Populares,17702745,387,ARH12; ARHA; RHOA; RHOH12; Rho12,sobreviveu,,
Q1_Super_Populares,9840288,3107,D6S204; HLA-C; HLA-JY3; PSORS1,sobreviveu,,
Q1_Super_Populares,15748844,351,AD1; APP; alpha-sAPP,descarte_a_fora_abstract,,
Q1_Super_Populares,21623265,4233,DFNB97; HGFR; MET; RCCP2,descarte_b_no_abstract,MET,dual mesenchymal-epithelial transition (MET) and anaplastic lymphoma kinase (ALK) i
Q1_Super_Populares,3022150,5243,ABC20; ABCB1; CD243; CLCS; GP170; MDR1; P-gp; PGY1; p-170,sobreviveu,,
Q1_Super_Populares,33348207,2099,ER; ER-alpha; ESR; ESR1; Era; NR3A1,sobreviveu,,
Q1_Super_Populares,16915393,5444,ESA; PON; PON1,sobreviveu,,
Q1_Super_Populares,22629130,4879,NPPB,sobreviveu,,
Q1_Super_Populares,25192544,2033,EP300; KAT3B; p300,sobreviveu,,
Q1_Super_Populares,24255178,324,APC; DP2; DP2.5; DP3; PPP1R46,descarte_a_fora_abstract,,
Q1_Super_Populares,7600101,3958,GALIG; LGALS2; LGALS3; MAC-2,sobreviveu,,
Q1_Super_Populares,14555820,6387,CXCL12; PBSF; SCYB12; SDF-1a; SDF-1b; SDF1; SDF1A; SDF1B; TLSF-a; TLSF-b; TPAR1,sobreviveu,,
Q1_Super_Populares,32415260,59272,ACE2; ACEH,sobreviveu,,
Q1_Super_Populares,29654697,4609,MYC; MYCC; bHLHe39; c-Myc,sobreviveu,,
Q1_Super_Populares,18923427,7515,RCC; XRCC1,sobreviveu,,
Q1_Super_Populares,32541093,10413,YAP-1; YAP1; YAP65,sobreviveu,,
Q1_Super_Populares,30021884,6647,ALS; ALS1; IPOA; SOD1,descarte_a_fora_abstract,,
Q1_Super_Populares,15496409,7097,CD282; TIL4; TLR2,descarte_b_no_abstract,TLR2,originates at the Toll-like receptor 2 (TLR2). Ras associates with TLR2 and activate
Q1_Super_Populares,27992423,1636,ACE; ACE1; CD143; DCP1,descarte_b_no_abstract,ACE,D: The angiotensin-I converting enzyme (ACE) plays a central role in the renin-angi
Q1_Super_Populares,33545068,4233,DFNB97; HGFR; MET; RCCP2,descarte_a_fora_abstract,,
Q1_Super_Populares,26365350,4088,HsT17436; JV15-2; MADH3; SMAD3,sobreviveu,,
Q1_Super_Populares,36512647,4313,CLG4; CLG4A; MMP-2; MMP2; TBE-1,sobreviveu,,
Q1_Super_Populares,33530501,3605,CTLA8; IL-17; IL-17A; IL17; IL17A,sobreviveu,,
Q1_Super_Populares,19059448,6532,5-HTT; HTT; OCD1; SERT1; SLC6A4,sobreviveu,,
Q1_Super_Populares,15169570,5925,OSRC; PPP1R130; RB; RB1,descarte_b_no_abstract,RB,plex is active as it phosphorylates the Rb protein in kinase assays. Confocal fluo
Q1_Super_Populares,35078819,4233,DFNB97; HGFR; MET; RCCP2,descarte_b_no_abstract,MET,Functional Analysis of MET Exon 14 Skipping Alteration in Cancer I
Q1_Super_Populares,23653000,6387,CXCL12; PBSF; SCYB12; SDF-1a; SDF-1b; SDF1; SDF1A; SDF1B; TLSF-a; TLSF-b; TPAR1,sobreviveu,,
Q1_Super_Populares,22986536,4851,NOTCH1; TAN1,sobreviveu,,
Q1_Super_Populares,30797824,3107,D6S204; HLA-C; HLA-JY3; PSORS1,sobreviveu,,
Q1_Super_Populares,15179406,5243,ABC20; ABCB1; CD243; CLCS; GP170; MDR1; P-gp; PGY1; p-170,sobreviveu,,
Q1_Super_Populares,24886358,332,API4; BIRC5; EPR-1; survivin,descarte_b_no_abstract,survivin,Survivin safeguards chromosome numbers and prote
Q1_Super_Populares,30257941,2100,ER-beta; ESR2; Erb; NR3A2,sobreviveu,,
Q1_Super_Populares,28164497,1543,CP11; CYP1; CYP1A1; P1-450; P450-C; P450DX,sobreviveu,,
Q1_Super_Populares,11953881,7852,CD184; CXCR4; D2S201E; HM89; HSY3RR; LESTR; NPY3R; NPYR; NPYY3R; fusin,sobreviveu,,
Q1_Super_Populares,30419336,675,BRCA2; BRCC2; FACD; FAD; FAD1; FANCD; FANCD1; XRCC11,descarte_a_fora_abstract,,
Q1_Super_Populares,19411071,2064,CD340; ERBB2; HER-2; HER2; MLN-19; NEU; NGL; c-ERB-2; c-ERB2; p185(erbB2),sobreviveu,,
Q1_Super_Populares,17306151,2147,F2,descarte_a_fora_abstract,,
Q1_Super_Populares,30774747,332,API4; BIRC5; EPR-1; survivin,sobreviveu,,
Q1_Super_Populares,28938488,672,BRCA1; BRCC1; FANCS; PPP1R53; RNF53,sobreviveu,,
Q1_Super_Populares,20301609,4000,CMD1A; HGPS; LGMD1B; LMN1; LMNA; LMNL1; MADA; PRO1,sobreviveu,,
Q1_Super_Populares,37171185,3479,IGF; IGF-I; IGF1; IGF1A; IGFI,sobreviveu,,
Q1_Super_Populares,20062916,7450,F8VWF; VWF,descarte_b_no_abstract,VWF,"eficiency of the von Willebrand factor (VWF) cleaving protease, ADAMTS13. We measur"
Q1_Super_Populares,18674658,3586,CSIF; IL-10; IL10; IL10A; TGIF,sobreviveu,,
Q1_Super_Populares,32820146,596,BCL2; Bcl-2; PPP1R50,descarte_b_no_abstract,BCL2,"nation of Beclin1, interrupting Beclin1-Bcl2 interaction, and accumulating the autop"
Q1_Super_Populares,19275584,836,CASP3; CPP32; CPP32B; Yama; apopain,descarte_a_fora_abstract,,
Q1_Super_Populares,27863385,207,AKT; AKT1; PKB; PRKBA; RAC; RAC-alpha,sobreviveu,,
Q1_Super_Populares,26440368,2147,F2,descarte_a_fora_abstract,,
Q1_Super_Populares,11826754,1493,CD; CD152; CELIAC3; CTLA-4; CTLA4; GSE; IDDM12,sobreviveu,,
Q1_Super_Populares,27154418,79068,ALKBH9; FTO; IFEX9; KIAA1752; MGC5149,sobreviveu,,
Q1_Super_Populares,18597093,7422,VEGF; VEGF-A; VEGFA; VPF,sobreviveu,,
Q1_Super_Populares,31980649,4000,CMD1A; HGPS; LGMD1B; LMN1; LMNA; LMNL1; MADA; PRO1,descarte_a_fora_abstract,,
Q1_Super_Populares,30257460,4137,DDPAC; FLJ31424; FTDP-17; MAPT; MAPTL; MGC138549; MSTD; MTBT1; MTBT2; PPND; PPP1R103; TAU; Tau-PHF6; tau; tau-40,descarte_b_no_abstract,tau,Filamentous Aggregates of Tau Proteins Fulfil Standard Amyloid Criter
Q1_Super_Populares,18218989,1401,CRP; PTX1,sobreviveu,,
Q1_Super_Populares,26154535,1636,ACE; ACE1; CD143; DCP1,sobreviveu,,
Q1_Super_Populares,17449720,4846,ECNOS; NOS3; eNOS,sobreviveu,,
Q1_Super_Populares,23568005,595,BCL1; CCND1; D11S287E; PRAD1; U21B31,sobreviveu,,
Q1_Super_Populares,19933216,2944,GST1; GSTM1; H-B; MU,sobreviveu,,
Q1_Super_Populares,34941945,1499,CTNNB; CTNNB1; armadillo; beta-catenin,sobreviveu,,
Q1_Super_Populares,16395669,2950,FAEES3; GST3; GSTP; GSTP1,sobreviveu,,
Q1_Super_Populares,11807408,1813,D2R; DRD2,descarte_b_no_abstract,DRD2,ter region of the dopamine D2 receptor (DRD2) gene (i.e. -141C Ins/Del) and variable
Q1_Super_Populares,24271034,367,AIS; AR; DHTR; HUMARA; NR3C4; SBMA; SMAX1,sobreviveu,,
Q1_Super_Populares,15688415,4790,KBF1; NF-kB1; NF-kappaB; NFKB-p50; NFKB1; NFkappaB; p105; p50,sobreviveu,,
Q1_Super_Populares,14694183,3458,IFNG,sobreviveu,,
Q1_Super_Populares,29742291,5133,CD279; PD-1; PD1; PDCD1; SLEB2; hSLE1,sobreviveu,,
Q1_Super_Populares,32897953,4288,Ki-67; MIB-1; MKI67; PPP1R105,descarte_b_no_abstract,Ki-67,Impact of Ki-67 Labeling Index on Prognostic Significan
Q1_Super_Populares,23656924,4879,NPPB,sobreviveu,,
Q1_Super_Populares,32359123,4846,ECNOS; NOS3; eNOS,descarte_b_no_abstract,eNOS,ent relaxation in diabetes through TLR4/eNOS pathway.   Endothelium-dependent relaxa
Q1_Super_Populares,17575262,5594,ERK; ERK2; MAPK1; MAPK2; PRKM1; PRKM2; p41mapk,sobreviveu,,
Q1_Super_Populares,28956745,5468,NR1C3; PPARG; PPARG1; PPARG2; PPARgamma,sobreviveu,,
Q1_Super_Populares,16414014,1543,CP11; CYP1; CYP1A1; P1-450; P450-C; P450DX,sobreviveu,,
Q1_Super_Populares,16712842,7316,UBC,descarte_a_fora_abstract,,
Q1_Super_Populares,15821810,2153,F5; fV,sobreviveu,,
Q1_Super_Populares,11259576,3065,GON-10; HD1; HDAC1; KDAC1; RPD3L1,descarte_a_fora_abstract,,
Q1_Super_Populares,32916992,120892,DKFZp434H2111; FLJ45829; LRRK2; PARK8; RIPK7; ROCO2,sobreviveu,,
Q1_Super_Populares,29950413,6774,APRF; STAT3,sobreviveu,,
Q1_Super_Populares,12075579,5468,NR1C3; PPARG; PPARG1; PPARG2; PPARgamma,sobreviveu,,
Q1_Super_Populares,15858598,3458,IFNG,sobreviveu,,
Q1_Super_Populares,23559006,2932,GSK3B,sobreviveu,,
Q1_Super_Populares,10651488,1080,ABC35; ABCC7; CF; CFTR; CFTR/MRP; MRP7; TNR-CFTR; dJ760C5.1,sobreviveu,,
Q1_Super_Populares,25033841,4869,B23; NPM; NPM1,sobreviveu,,
Q1_Super_Populares,30808881,3106,AS; HLA-B,descarte_b_no_abstract,HLA-B,isease and genetic interactions between HLA-B*51 and variants in genes of autoinflamm
Q1_Super_Populares,17969487,1636,ACE; ACE1; CD143; DCP1,sobreviveu,,
Q1_Super_Populares,32412125,367,AIS; AR; DHTR; HUMARA; NR3C4; SBMA; SMAX1,sobreviveu,,
Q1_Super_Populares,27368002,1956,EGFR; ERBB; ERBB1; ERRP,sobreviveu,,
Q1_Super_Populares,20541434,3952,LEP; OB; OBS,sobreviveu,,
Q1_Super_Populares,26315483,10413,YAP-1; YAP1; YAP65,sobreviveu,,
Q1_Super_Populares,17392368,3458,IFNG,sobreviveu,,
Q1_Super_Populares,14526083,6647,ALS; ALS1; IPOA; SOD1,descarte_b_no_abstract,SOD1,pe nonneuronal cells extend survival of SOD1 mutant motor neurons in ALS mice.   The
Q1_Super_Populares,18588978,2932,GSK3B,sobreviveu,,
Q1_Super_Populares,25051498,3458,IFNG,sobreviveu,,
Q1_Super_Populares,21330910,1234,CC-CKR-5; CCR5; CD195; CKR-5; CKR5; CMKBR5; IDDM22,descarte_a_fora_abstract,,
Q1_Super_Populares,29358618,2146,ENX-1; EZH1; EZH2; KMT6; KMT6A,sobreviveu,,
Q1_Super_Populares,20802378,3557,ICIL-1RA; IL-1RN; IL1F3; IL1RA; IL1RN; IRAP; MGC10430,descarte_a_fora_abstract,,
Q1_Super_Populares,12915460,675,BRCA2; BRCC2; FACD; FAD; FAD1; FANCD; FANCD1; XRCC11,sobreviveu,,
Q1_Super_Populares,37816710,23411,SIR2L1; SIRT1,sobreviveu,,
Q1_Super_Populares,26348925,3480,CD221; IGF1R; IGFIR; IGFR; JTK13; MGC18216,descarte_a_fora_abstract,,
Q1_Super_Populares,17160992,3690,CD61; GP3A; GPIIIa; ITGB3,descarte_a_fora_abstract,,
Q1_Super_Populares,28269754,5290,PI3K; PIK3CA,sobreviveu,,
Q1_Super_Populares,25306918,7316,UBC,descarte_b_no_abstract,ubiquitin C,Ubiquitin chain elongation requires E3-dependent tr
Q1_Super_Populares,19888426,64127,BLAU; CARD15; CD; CLR16.3; IBD1; NLRC2; NOD2; PSORAS1,descarte_a_fora_abstract,,
Q1_Super_Populares,21169230,348,AD2; APOE,sobreviveu,,
Q1_Super_Populares,36678277,6532,5-HTT; HTT; OCD1; SERT1; SLC6A4,sobreviveu,,
Q1_Super_Populares,31318609,3605,CTLA8; IL-17; IL-17A; IL17; IL17A,sobreviveu,,
Q1_Super_Populares,12417054,183,AGT; SERPINA8,sobreviveu,,
Q1_Super_Populares,20524403,1026,CAP20; CDKN1; CDKN1A; CIP1; P21; SDI1; WAF1; p21; p21CIP1; p21Cip1/Waf1,descarte_b_no_abstract,p21,P53 codon 72 and p21 codon 31 polymorphisms and susceptibili
Q1_Super_Populares,25299052,7099,ARMD10; CD284; TLR-4; TLR4; hToll,sobreviveu,,
Q1_Super_Populares,21524306,5599,JNK; JNK1; MAPK8; PRKM8; SAPK1,sobreviveu,,
Q1_Super_Populares,25975956,960,CD44; CD44R; CDw44; CSPG8; ECM-III; H-CAM; HCELL; HUTCH-1; HUTCH-I; Hermes-1; IN; MC56; MDU2; MDU3; MIC4; PGP-1; Pgp1,descarte_b_no_abstract,IN,aining glycans and the enzymes involved in their synthesis for invasion and surviv
Q1_Super_Populares,16649250,1029,ARF; CAI2; CDK4I; CDKN2; CDKN2A; CMM2; INK4; INK4a; MLM; MTS1; P16-INK4A; p14; p14ARF; p16; p16INK4a; p19; p19Arf,sobreviveu,,
Q1_Super_Populares,18789554,1956,EGFR; ERBB; ERBB1; ERRP,sobreviveu,,
Q1_Super_Populares,20823837,3119,CELIAC1; HLA-DQB; HLA-DQB1; IDDM1,descarte_a_fora_abstract,,
Q1_Super_Populares,27885704,64127,BLAU; CARD15; CD; CLR16.3; IBD1; NLRC2; NOD2; PSORAS1,sobreviveu,,
Q1_Super_Populares,19403568,2099,ER; ER-alpha; ESR; ESR1; Era; NR3A1,sobreviveu,,
Q1_Super_Populares,20658730,596,BCL2; Bcl-2; PPP1R50,sobreviveu,,
Q1_Super_Populares,20458532,675,BRCA2; BRCC2; FACD; FAD; FAD1; FANCD; FANCD1; XRCC11,sobreviveu,,
Q1_Super_Populares,24924396,3958,GALIG; LGALS2; LGALS3; MAC-2,sobreviveu,,
Q1_Super_Populares,16076904,3688,CD29; FNRB; GPIIA; ITGB1; MDF2; MSK12,sobreviveu,,
Q1_Super_Populares,20693905,5468,NR1C3; PPARG; PPARG1; PPARG2; PPARgamma,sobreviveu,,
Q1_Super_Populares,11913978,7421,NR1I1; PPP1R163; VDR,sobreviveu,,
Q1_Super_Populares,25820929,6387,CXCL12; PBSF; SCYB12; SDF-1a; SDF-1b; SDF1; SDF1A; SDF1B; TLSF-a; TLSF-b; TPAR1,descarte_a_fora_abstract,,
Q1_Super_Populares,22022391,6772,ISGF-3; STAT1; STAT91,sobreviveu,,
Q1_Super_Populares,11229461,3106,AS; HLA-B,sobreviveu,,
Q1_Super_Populares,23677639,999,CD324; CDH1; UVO; uvomorulin,sobreviveu,,
Q1_Super_Populares,21320563,7097,CD282; TIL4; TLR2,sobreviveu,,
Q1_Super_Populares,16035619,3690,CD61; GP3A; GPIIIa; ITGB3,descarte_a_fora_abstract,,
Q1_Super_Populares,21061795,596,BCL2; Bcl-2; PPP1R50,sobreviveu,,
Q1_Super_Populares,27535224,472,ATA; ATC; ATD; ATDC; ATM; TEL1; TELO1,sobreviveu,,
Q1_Super_Populares,35059842,355,APO-1; APT1; CD95; FAS; FAS1; TNFRSF6,sobreviveu,,
Q1_Super_Populares,15569594,3576,3-10C; AMCF-I; CXCL8; GCP-1; GCP1; IL-8; IL8; K60; LECT; LUCT; LYNAP; MDNCF; MONAP; NAF; NAP-1; NAP1; SCYB8; TSG-1; b-ENAP,sobreviveu,,
Q1_Super_Populares,16160620,1813,D2R; DRD2,sobreviveu,,
Q1_Super_Populares,33226740,3815,C-Kit; CD117; KIT; PBT; SCFR,sem_doc,,
Q1_Super_Populares,22163344,920,CD4; Leu-3; T4,sobreviveu,,
Q1_Super_Populares,11787859,581,BAX; BCL2L4,sobreviveu,,
Q1_Super_Populares,23284937,3688,CD29; FNRB; GPIIA; ITGB1; MDF2; MSK12,sobreviveu,,
Q1_Super_Populares,1695900,2147,F2,descarte_a_fora_abstract,,
Q1_Super_Populares,16980336,348,AD2; APOE,sobreviveu,,
Q1_Super_Populares,16971956,3586,CSIF; IL-10; IL10; IL10A; TGIF,sobreviveu,,
Q1_Super_Populares,29373608,3576,3-10C; AMCF-I; CXCL8; GCP-1; GCP1; IL-8; IL8; K60; LECT; LUCT; LYNAP; MDNCF; MONAP; NAF; NAP-1; NAP1; SCYB8; TSG-1; b-ENAP,sobreviveu,,
Q1_Super_Populares,20637736,6532,5-HTT; HTT; OCD1; SERT1; SLC6A4,sobreviveu,,
Q1_Super_Populares,28416193,3952,LEP; OB; OBS,sobreviveu,,
Q1_Super_Populares,24953558,7040,CED; DPD1; TGFB; TGFB1; TGFbeta,sobreviveu,,
Q1_Super_Populares,20578216,2099,ER; ER-alpha; ESR; ESR1; Era; NR3A1,sobreviveu,,
Q1_Super_Populares,12914571,4524,MTHFR,sobreviveu,,
Q1_Super_Populares,24915949,3479,IGF; IGF-I; IGF1; IGF1A; IGFI,sobreviveu,,
Q1_Super_Populares,15889231,9370,ACDC; ACRP30; ADIPOQ; GBP28; adiponectin; apM1,descarte_b_no_abstract,adiponectin,Regulating adiponectin: of flax and flux.   
Q1_Super_Populares,25245053,207,AKT; AKT1; PKB; PRKBA; RAC; RAC-alpha,sobreviveu,,
Q1_Super_Populares,28561677,29126,B7-H; B7-H1; B7H1; CD274; PD-L1; PDCD1LG1; PDL1,sobreviveu,,
Q1_Super_Populares,19578686,627,BDNF,sobreviveu,,
Q1_Super_Populares,23867821,5290,PI3K; PIK3CA,descarte_b_no_abstract,PI3K,ollowing treatment of cancer cells with PI3K inhibitors attenuates their antitumor e
Q1_Super_Populares,17314097,4790,KBF1; NF-kB1; NF-kappaB; NFKB-p50; NFKB1; NFkappaB; p105; p50,sobreviveu,,
Q1_Super_Populares,18160396,324,APC; DP2; DP2.5; DP3; PPP1R46,sobreviveu,,
Q1_Super_Populares,19565552,3106,AS; HLA-B,sobreviveu,,
Q1_Super_Populares,12050583,3119,CELIAC1; HLA-DQB; HLA-DQB1; IDDM1,sobreviveu,,
Q1_Super_Populares,20447705,3077,HFE; HFE1; HLA-H,sobreviveu,,
Q1_Super_Populares,11469465,3119,CELIAC1; HLA-DQB; HLA-DQB1; IDDM1,sobreviveu,,
Q1_Super_Populares,23164639,2950,FAEES3; GST3; GSTP; GSTP1,descarte_a_fora_abstract,,
Q1_Super_Populares,22580443,4313,CLG4; CLG4A; MMP-2; MMP2; TBE-1,sobreviveu,,
Q1_Super_Populares,32544536,2100,ER-beta; ESR2; Erb; NR3A2,sobreviveu,,
Q1_Super_Populares,14693408,154,ADRB2; ADRB2R; ADRBR; ARB2; B2AR; BAR,sobreviveu,,
Q1_Super_Populares,18941937,4524,MTHFR,sobreviveu,,
Q1_Super_Populares,27394002,3091,HIF-1alpha; HIF1; HIF1A; MOP1; PASD8; bHLHe78,sobreviveu,,
Q1_Super_Populares,24967401,5290,PI3K; PIK3CA,descarte_b_no_abstract,PI3K,hat target GBM are urgently needed. The PI3K/AKT/PTEN signaling pathway is frequentl
Q1_Super_Populares,30704758,4318,CLG4B; MMP9,sobreviveu,,
Q1_Super_Populares,22883195,857,CAV; CAV1,sobreviveu,,
Q1_Super_Populares,39358380,3309,BiP; GRP78; HSPA5,descarte_a_fora_abstract,,
Q1_Super_Populares,33543443,5728,BZS; MHAM; MMAC1; PTEN; PTEN1; TEP1,sobreviveu,,
Q1_Super_Populares,18805107,1401,CRP; PTX1,sobreviveu,,
Q1_Super_Populares,20072139,1493,CD; CD152; CELIAC3; CTLA-4; CTLA4; GSE; IDDM12,sobreviveu,,
Q1_Super_Populares,17106238,1029,ARF; CAI2; CDK4I; CDKN2; CDKN2A; CMM2; INK4; INK4a; MLM; MTS1; P16-INK4A; p14; p14ARF; p16; p16INK4a; p19; p19Arf,sobreviveu,,
Q1_Super_Populares,26543556,672,BRCA1; BRCC1; FANCS; PPP1R53; RNF53,sobreviveu,,
Q1_Super_Populares,11140838,3630,IDDM1; IDDM2; INS,descarte_a_fora_abstract,,
Q1_Super_Populares,20876529,7852,CD184; CXCR4; D2S201E; HM89; HSY3RR; LESTR; NPY3R; NPYR; NPYY3R; fusin,sobreviveu,,
Q1_Super_Populares,26530498,2932,GSK3B,sobreviveu,,
Q1_Super_Populares,25381333,1565,CPD6; CYP2D; CYP2D6; CYP2D7AP; CYP2D7BP; CYP2D7P2; CYP2D8P2; CYP2DL1; P450-DB1; P450C2D,sobreviveu,,
Q1_Super_Populares,32188625,7450,F8VWF; VWF,sobreviveu,,
Q1_Super_Populares,26560848,1312,COMT,sobreviveu,,
Q1_Super_Populares,33097595,472,ATA; ATC; ATD; ATDC; ATM; TEL1; TELO1,descarte_b_no_abstract,ATM,Phosphorylation of SMURF2 by ATM exerts a negative feedback control of D
Q1_Super_Populares,27693464,3383,BB2; CD54; ICAM1,descarte_a_fora_abstract,,
Q1_Super_Populares,16286511,154,ADRB2; ADRB2R; ADRBR; ARB2; B2AR; BAR,sobreviveu,,
Q1_Super_Populares,27068509,3958,GALIG; LGALS2; LGALS3; MAC-2,descarte_a_fora_abstract,,
Q1_Super_Populares,32310186,120892,DKFZp434H2111; FLJ45829; LRRK2; PARK8; RIPK7; ROCO2,sobreviveu,,
Q1_Super_Populares,27077983,627,BDNF,sobreviveu,,
Q1_Super_Populares,26393682,3845,K-Ras4B; KRAS; KRAS1; KRAS2,descarte_a_fora_abstract,,
Q1_Super_Populares,23133622,7316,UBC,descarte_a_fora_abstract,,
Q1_Super_Populares,33644029,3309,BiP; GRP78; HSPA5,descarte_a_fora_abstract,,
Q1_Super_Populares,12964021,2153,F5; fV,sobreviveu,,
Q1_Super_Populares,34256773,29126,B7-H; B7-H1; B7H1; CD274; PD-L1; PDCD1LG1; PDL1,sobreviveu,,
Q1_Super_Populares,21262832,3815,C-Kit; CD117; KIT; PBT; SCFR,sobreviveu,,
Q1_Super_Populares,18489822,1401,CRP; PTX1,sobreviveu,,
Q1_Super_Populares,21244504,4318,CLG4B; MMP9,sobreviveu,,
Q1_Super_Populares,25556445,3480,CD221; IGF1R; IGFIR; IGFR; JTK13; MGC18216,sobreviveu,,
Q1_Super_Populares,20457620,5970,NFKB3; RELA; p65,sobreviveu,,
Q1_Super_Populares,27058219,2147,F2,sobreviveu,,
Q1_Super_Populares,20041156,120892,DKFZp434H2111; FLJ45829; LRRK2; PARK8; RIPK7; ROCO2,sobreviveu,,
Q1_Super_Populares,29120858,6696,BNSP; BSPI; ETA-1; OPN; SPP1; lnc-PKD2-2-3,sobreviveu,,
Q1_Super_Populares,24145278,920,CD4; Leu-3; T4,descarte_a_fora_abstract,,
Q1_Super_Populares,37909722,207,AKT; AKT1; PKB; PRKBA; RAC; RAC-alpha,sobreviveu,,
Q1_Super_Populares,12052755,4193,HDM2; MDM2; MGC5370,sobreviveu,,
Q1_Super_Populares,23814118,5054,PAI; PAI1; PLANH1; SERPINE1,sobreviveu,,
Q1_Super_Populares,20838991,1557,CPCJ; CYP2C; CYP2C19; P450IIC19,sobreviveu,,
Q1_Super_Populares,19443353,5054,PAI; PAI1; PLANH1; SERPINE1,sobreviveu,,
Q1_Super_Populares,20061380,7040,CED; DPD1; TGFB; TGFB1; TGFbeta,sobreviveu,,
Q1_Super_Populares,18085494,3552,IL-1A; IL1; IL1-ALPHA; IL1A; IL1F1,sobreviveu,,
Q1_Super_Populares,32921413,5468,NR1C3; PPARG; PPARG1; PPARG2; PPARgamma,sobreviveu,,
Q1_Super_Populares,29133922,5594,ERK; ERK2; MAPK1; MAPK2; PRKM1; PRKM2; p41mapk,descarte_a_fora_abstract,,
Q1_Super_Populares,27282980,4790,KBF1; NF-kB1; NF-kappaB; NFKB-p50; NFKB1; NFkappaB; p105; p50,sobreviveu,,
Q1_Super_Populares,16164743,4846,ECNOS; NOS3; eNOS,sobreviveu,,
Q1_Super_Populares,30297360,367,AIS; AR; DHTR; HUMARA; NR3C4; SBMA; SMAX1,sobreviveu,,
Q1_Super_Populares,20623181,4780,NFE2L2; NRF-2; NRF2,sobreviveu,,
Q1_Super_Populares,12952980,335,APOA1,sobreviveu,,
Q1_Super_Populares,28383562,142,ADPRT; ARTD1; PARP; PARP1; PARS; PPOL; Poly-PARP,sobreviveu,,
Q1_Super_Populares,21832283,7422,VEGF; VEGF-A; VEGFA; VPF,sobreviveu,,
Q1_Super_Populares,33117339,3606,IGIF; IL-18; IL-1g; IL18; IL1F4,sobreviveu,,
Q1_Super_Populares,16835890,1027,CDKN1B; KIP1; P27KIP1,descarte_a_fora_abstract,,
Q1_Super_Populares,24606688,1234,CC-CKR-5; CCR5; CD195; CKR-5; CKR5; CMKBR5; IDDM22,sobreviveu,,
Q1_Super_Populares,15539430,595,BCL1; CCND1; D11S287E; PRAD1; U21B31,sobreviveu,,
Q1_Super_Populares,26330555,8878,A170; OSIL; PDB3; SQSTM1; p60; p62; p62B,descarte_a_fora_abstract,,
Q1_Super_Populares,31160578,983,CDC2; CDC28A; CDK1,descarte_a_fora_abstract,,
Q1_Super_Populares,27855376,4088,HsT17436; JV15-2; MADH3; SMAD3,sobreviveu,,
Q1_Super_Populares,15718424,183,AGT; SERPINA8,sobreviveu,,
Q1_Super_Populares,38117590,3105,HLA-A,descarte_a_fora_abstract,,
Q1_Super_Populares,22209294,5290,PI3K; PIK3CA,sobreviveu,,
Q1_Super_Populares,7951252,6647,ALS; ALS1; IPOA; SOD1,sobreviveu,,
Q1_Super_Populares,32109558,79068,ALKBH9; FTO; IFEX9; KIAA1752; MGC5149,sobreviveu,,
Q1_Super_Populares,39617063,2033,EP300; KAT3B; p300,descarte_a_fora_abstract,,
Q1_Super_Populares,38594840,3845,K-Ras4B; KRAS; KRAS1; KRAS2,sobreviveu,,
Q1_Super_Populares,7683646,3479,IGF; IGF-I; IGF1; IGF1A; IGFI,sobreviveu,,
Q1_Super_Populares,19921474,4318,CLG4B; MMP9,sobreviveu,,
Q1_Super_Populares,20228199,3605,CTLA8; IL-17; IL-17A; IL17; IL17A,descarte_b_no_abstract,IL-17,IL-17-mediated monocyte migration occurs part
Q1_Super_Populares,20452981,7157,LFS1; TP53; p53,sobreviveu,,
Q1_Super_Populares,29887526,3309,BiP; GRP78; HSPA5,sobreviveu,,
Q1_Super_Populares,15667866,2944,GST1; GSTM1; H-B; MU,sobreviveu,,
Q1_Super_Populares,23543084,7515,RCC; XRCC1,sobreviveu,,
Q1_Super_Populares,15811326,1029,ARF; CAI2; CDK4I; CDKN2; CDKN2A; CMM2; INK4; INK4a; MLM; MTS1; P16-INK4A; p14; p14ARF; p16; p16INK4a; p19; p19Arf,sobreviveu,,
Q1_Super_Populares,27192561,6774,APRF; STAT3,sobreviveu,,
Q1_Super_Populares,25920026,5468,NR1C3; PPARG; PPARG1; PPARG2; PPARgamma,sobreviveu,,
Q1_Super_Populares,23033269,3605,CTLA8; IL-17; IL-17A; IL17; IL17A,sobreviveu,,
Q1_Super_Populares,19659809,177,AGER; RAGE; SCARJ1; sRAGE,descarte_a_fora_abstract,,
Q1_Super_Populares,27354275,7422,VEGF; VEGF-A; VEGFA; VPF,sobreviveu,,
Q1_Super_Populares,23509992,4288,Ki-67; MIB-1; MKI67; PPP1R105,descarte_b_no_abstract,Ki-67,"isk score? The prognostic value of p53, Ki-67 and thymidylate synthase in patients un"
Q1_Super_Populares,12226742,4846,ECNOS; NOS3; eNOS,sobreviveu,,
Q1_Super_Populares,16388492,3565,BCGF-1; BCGF1; BSF1; IL-4; IL4; MGC79402,sobreviveu,,
Q1_Super_Populares,24818561,3107,D6S204; HLA-C; HLA-JY3; PSORS1,sobreviveu,,
Q1_Super_Populares,22631655,4288,Ki-67; MIB-1; MKI67; PPP1R105,descarte_a_fora_abstract,,
Q1_Super_Populares,24130607,110806262,,descarte_nao_verificavel,,
Q1_Super_Populares,25000517,7015,EST2; TCS1; TERT; TP2; TRT; hEST2,descarte_a_fora_abstract,,
Q1_Super_Populares,18815279,2033,EP300; KAT3B; p300,sobreviveu,,
Q1_Super_Populares,21049023,3123,HLA-DR1B; HLA-DRB1,sobreviveu,,
Q1_Super_Populares,16775389,1565,CPD6; CYP2D; CYP2D6; CYP2D7AP; CYP2D7BP; CYP2D7P2; CYP2D8P2; CYP2DL1; P450-DB1; P450C2D,sobreviveu,,
Q1_Super_Populares,21802305,3106,AS; HLA-B,sobreviveu,,
Q1_Super_Populares,18317569,351,AD1; APP; alpha-sAPP,sobreviveu,,
Q1_Super_Populares,23270673,1401,CRP; PTX1,sobreviveu,,
Q1_Super_Populares,22268729,3320,FLJ31884; HSP90AA1; HSP90N; HSPC1; HSPCA; HSPCAL4; Hsp89; Hsp90,descarte_a_fora_abstract,,
Q1_Super_Populares,20596673,7015,EST2; TCS1; TERT; TP2; TRT; hEST2,sobreviveu,,
Q1_Super_Populares,17164408,3479,IGF; IGF-I; IGF1; IGF1A; IGFI,sobreviveu,,
Q1_Super_Populares,20709600,50943,AIID; DIETER; FOXP3; IPEX; JM2; PIDX; SCURFIN; XPID,sobreviveu,,
Q1_Super_Populares,24906341,7515,RCC; XRCC1,sobreviveu,,
Q1_Super_Populares,26096306,2146,ENX-1; EZH1; EZH2; KMT6; KMT6A,sobreviveu,,
Q1_Super_Populares,21135555,627,BDNF,sobreviveu,,
Q1_Super_Populares,27561780,627,BDNF,sobreviveu,,
Q1_Super_Populares,26840943,3479,IGF; IGF-I; IGF1; IGF1A; IGFI,descarte_b_no_abstract,IGF,IGF/STAT3/NANOG/Slug Signaling Axis Simulta
Q1_Super_Populares,20686604,154,ADRB2; ADRB2R; ADRBR; ARB2; B2AR; BAR,sobreviveu,,
Q1_Super_Populares,20127031,6714,ASV; SRC; SRC1; c-src,sobreviveu,,
Q1_Super_Populares,25464604,3690,CD61; GP3A; GPIIIa; ITGB3,sobreviveu,,
Q1_Super_Populares,33966039,2146,ENX-1; EZH1; EZH2; KMT6; KMT6A,sobreviveu,,
Q1_Super_Populares,37419429,406991,MIR-21; MIR21; MIRN21; hsa-mir-21,sobreviveu,,
Q1_Super_Populares,29763840,3565,BCGF-1; BCGF1; BSF1; IL-4; IL4; MGC79402,sobreviveu,,
Q1_Super_Populares,26973196,4313,CLG4; CLG4A; MMP-2; MMP2; TBE-1,sobreviveu,,
Q1_Super_Populares,20072153,1387,CBP; CREBBP; KAT3A; RSTS; RTS,descarte_a_fora_abstract,,
Q1_Super_Populares,30069026,114548,AGTAVPRL; AII; AVP; C1orf7; CIAS1; CLR1.1; DFNA34; FCAS; FCU; MWS; NALP3; NLRP3; PYPAF1,sobreviveu,,
Q1_Super_Populares,10898498,3107,D6S204; HLA-C; HLA-JY3; PSORS1,sobreviveu,,
Q1_Super_Populares,27880917,1432,CSBP1; CSBP2; CSPB1; MAPK14; Mxi2; PRKM14; PRKM15; p38; p38alpha,descarte_a_fora_abstract,,
Q1_Super_Populares,30902832,2064,CD340; ERBB2; HER-2; HER2; MLN-19; NEU; NGL; c-ERB-2; c-ERB2; p185(erbB2),sobreviveu,,
Q1_Super_Populares,28351619,3091,HIF-1alpha; HIF1; HIF1A; MOP1; PASD8; bHLHe78,descarte_b_no_abstract,HIF-1alpha, T2DM-elicited hyperinsulinemia induced HIF-1alpha expression by reducing its ubiquitinati
Q1_Super_Populares,23158993,50943,AIID; DIETER; FOXP3; IPEX; JM2; PIDX; SCURFIN; XPID,sobreviveu,,
Q1_Super_Populares,7839353,3107,D6S204; HLA-C; HLA-JY3; PSORS1,sobreviveu,,
Q1_Super_Populares,18667348,627,BDNF,sobreviveu,,
Q1_Super_Populares,23276885,351,AD1; APP; alpha-sAPP,sobreviveu,,
Q1_Super_Populares,21861665,1557,CPCJ; CYP2C; CYP2C19; P450IIC19,sobreviveu,,
Q1_Super_Populares,18552362,7421,NR1I1; PPP1R163; VDR,sobreviveu,,
Q1_Super_Populares,31111520,1029,ARF; CAI2; CDK4I; CDKN2; CDKN2A; CMM2; INK4; INK4a; MLM; MTS1; P16-INK4A; p14; p14ARF; p16; p16INK4a; p19; p19Arf,sobreviveu,,
Q1_Super_Populares,19860911,3552,IL-1A; IL1; IL1-ALPHA; IL1A; IL1F1,descarte_a_fora_abstract,,
Q1_Super_Populares,16246845,3630,IDDM1; IDDM2; INS,sobreviveu,,
Q1_Super_Populares,17963598,29126,B7-H; B7-H1; B7H1; CD274; PD-L1; PDCD1LG1; PDL1,sobreviveu,,
Q1_Super_Populares,24019906,960,CD44; CD44R; CDw44; CSPG8; ECM-III; H-CAM; HCELL; HUTCH-1; HUTCH-I; Hermes-1; IN; MC56; MDU2; MDU3; MIC4; PGP-1; Pgp1,descarte_b_no_abstract,CD44,The CD44(high) tumorigenic subsets in lung cance
Q1_Super_Populares,15535843,387,ARH12; ARHA; RHOA; RHOH12; Rho12,sobreviveu,,
Q1_Super_Populares,19235843,3690,CD61; GP3A; GPIIIa; ITGB3,descarte_a_fora_abstract,,
Q1_Super_Populares,19338576,23435,ALS10; TARDBP; TDP-43,sobreviveu,,
Q1_Super_Populares,20693286,5595,ERK-1; ERK1; MAPK3; PRKM3; p44erk1; p44mapk,sobreviveu,,
Q1_Super_Populares,29495952,3815,C-Kit; CD117; KIT; PBT; SCFR,sobreviveu,,
Q1_Super_Populares,19152241,3606,IGIF; IL-18; IL-1g; IL18; IL1F4,sobreviveu,,
Q1_Super_Populares,21590492,5747,FADK; FAK; FAK1; PPP1R71; PTK2,sobreviveu,,
Q1_Super_Populares,9632782,4193,HDM2; MDM2; MGC5370,sobreviveu,,
Q1_Super_Populares,30593723,2146,ENX-1; EZH1; EZH2; KMT6; KMT6A,sobreviveu,,
Q1_Super_Populares,12186939,3725,AP-1; JUN; c-Jun,sobreviveu,,
Q1_Super_Populares,25228699,120892,DKFZp434H2111; FLJ45829; LRRK2; PARK8; RIPK7; ROCO2,sobreviveu,,
Q1_Super_Populares,24148764,2064,CD340; ERBB2; HER-2; HER2; MLN-19; NEU; NGL; c-ERB-2; c-ERB2; p185(erbB2),descarte_b_no_abstract,HER2,creens identify microRNAs essential for HER2 positive breast cancer cell growth.   M
Q1_Super_Populares,10640275,3065,GON-10; HD1; HDAC1; KDAC1; RPD3L1,sobreviveu,,
Q1_Super_Populares,18175066,183,AGT; SERPINA8,sobreviveu,,
Q1_Super_Populares,19351365,4288,Ki-67; MIB-1; MKI67; PPP1R105,descarte_b_no_abstract,Ki-67,omparative expression of syndecan-1 and Ki-67 in peripheral and desmoplastic amelobla
Q1_Super_Populares,15569979,2100,ER-beta; ESR2; Erb; NR3A2,sobreviveu,,
Q1_Super_Populares,22631677,355,APO-1; APT1; CD95; FAS; FAS1; TNFRSF6,sobreviveu,,
Q1_Super_Populares,25996949,7316,UBC,descarte_b_no_abstract,ubiquitin C,"ssociation between TRAF1 and the linear ubiquitin chain assembly complex (LUBAC), and stimu"
Q1_Super_Populares,38093209,3383,BB2; CD54; ICAM1,sobreviveu,,
Q1_Super_Populares,40355756,581,BAX; BCL2L4,descarte_a_fora_abstract,,
Q1_Super_Populares,25854163,6774,APRF; STAT3,sobreviveu,,
Q1_Super_Populares,10488148,3725,AP-1; JUN; c-Jun,sobreviveu,,
Q1_Super_Populares,27680698,627,BDNF,descarte_b_no_abstract,BDNF,Autocrine BDNF-TrkB signalling within a single dendrit
Q1_Super_Populares,19051206,3630,IDDM1; IDDM2; INS,sobreviveu,,
Q1_Super_Populares,26671754,1080,ABC35; ABCC7; CF; CFTR; CFTR/MRP; MRP7; TNR-CFTR; dJ760C5.1,sobreviveu,,
Q1_Super_Populares,24739951,581,BAX; BCL2L4,sobreviveu,,
Q1_Super_Populares,14676821,5243,ABC20; ABCB1; CD243; CLCS; GP170; MDR1; P-gp; PGY1; p-170,sobreviveu,,
Q1_Super_Populares,14612430,7124,DIF; TNF; TNF-alpha; TNFA; TNFSF2,sobreviveu,,
Q1_Super_Populares,15699505,3630,IDDM1; IDDM2; INS,sobreviveu,,
Q1_Super_Populares,37858201,5970,NFKB3; RELA; p65,sobreviveu,,
Q1_Super_Populares,21948293,7421,NR1I1; PPP1R163; VDR,sobreviveu,,
Q1_Super_Populares,25059824,1387,CBP; CREBBP; KAT3A; RSTS; RTS,descarte_a_fora_abstract,,
Q1_Super_Populares,38779680,5054,PAI; PAI1; PLANH1; SERPINE1,sobreviveu,,
Q1_Super_Populares,32770964,3162,HMOX1; HO-1; bK286B10,sobreviveu,,
Q1_Super_Populares,26669670,3106,AS; HLA-B,descarte_b_no_abstract,HLA-B,"The HLA-B*35 allele modulates ER stress, inflamma"
Q1_Super_Populares,23494669,332,API4; BIRC5; EPR-1; survivin,descarte_b_no_abstract,survivin,Expression of survivin and its four splice variants in colorec
Q1_Super_Populares,20438716,2033,EP300; KAT3B; p300,sobreviveu,,
Q1_Super_Populares,12950120,183,AGT; SERPINA8,sobreviveu,,
Q1_Super_Populares,24522376,207,AKT; AKT1; PKB; PRKBA; RAC; RAC-alpha,sobreviveu,,
Q1_Super_Populares,27113703,1543,CP11; CYP1; CYP1A1; P1-450; P450-C; P450DX,sobreviveu,,
Q1_Super_Populares,17724596,7099,ARMD10; CD284; TLR-4; TLR4; hToll,sobreviveu,,
Q1_Super_Populares,7694806,3105,HLA-A,descarte_a_fora_abstract,,
Q1_Super_Populares,34576008,10413,YAP-1; YAP1; YAP65,descarte_a_fora_abstract,,
Q1_Super_Populares,15908432,3309,BiP; GRP78; HSPA5,sobreviveu,,
Q1_Super_Populares,20978324,332,API4; BIRC5; EPR-1; survivin,descarte_b_no_abstract,survivin,The survivin -31 snp in human colorectal cancer corr
Q1_Super_Populares,9184207,7852,CD184; CXCR4; D2S201E; HM89; HSY3RR; LESTR; NPY3R; NPYR; NPYY3R; fusin,descarte_a_fora_abstract,,
Q1_Super_Populares,30784360,4790,KBF1; NF-kB1; NF-kappaB; NFKB-p50; NFKB1; NFkappaB; p105; p50,sobreviveu,,
Q1_Super_Populares,27573352,595,BCL1; CCND1; D11S287E; PRAD1; U21B31,descarte_b_no_abstract,cyclin D1,"he level of nuclear PKM2 and suppressed cyclin D1 expression. Collectively, our study rev"
Q1_Super_Populares,24975964,7099,ARMD10; CD284; TLR-4; TLR4; hToll,sobreviveu,,
Q1_Super_Populares,25505069,8878,A170; OSIL; PDB3; SQSTM1; p60; p62; p62B,sobreviveu,,
Q1_Super_Populares,27846285,335,APOA1,sobreviveu,,
Q1_Super_Populares,24043886,6347,CCL2; GDCF-2; HC11; MCAF; MCP-1; MCP1; MGC9434; SCYA2; SMC-CF,descarte_a_fora_abstract,,
Q1_Super_Populares,23514615,920,CD4; Leu-3; T4,sobreviveu,,
Q1_Super_Populares,15831281,332,API4; BIRC5; EPR-1; survivin,descarte_b_no_abstract,survivin,on levels of the inhibitor of apoptosis survivin in testes of patients with normal sperm
Q1_Super_Populares,21811155,9370,ACDC; ACRP30; ADIPOQ; GBP28; adiponectin; apM1,sobreviveu,,
Q1_Super_Populares,17846855,7124,DIF; TNF; TNF-alpha; TNFA; TNFSF2,sobreviveu,,
Q1_Super_Populares,31320454,1234,CC-CKR-5; CCR5; CD195; CKR-5; CKR5; CMKBR5; IDDM22,sobreviveu,,
Q1_Super_Populares,15869582,836,CASP3; CPP32; CPP32B; Yama; apopain,sobreviveu,,
Q1_Super_Populares,11942414,4790,KBF1; NF-kB1; NF-kappaB; NFKB-p50; NFKB1; NFkappaB; p105; p50,sobreviveu,,
Q1_Super_Populares,15060161,1499,CTNNB; CTNNB1; armadillo; beta-catenin,sobreviveu,,
Q1_Super_Populares,41249152,6774,APRF; STAT3,descarte_a_fora_abstract,,
Q1_Super_Populares,19349390,3569,BSF2; HGF; HSF; IFNB2; IL-6; IL6,sobreviveu,,
Q1_Super_Populares,27781293,4524,MTHFR,sobreviveu,,
Q1_Super_Populares,37379210,7157,LFS1; TP53; p53,sobreviveu,,
Q1_Super_Populares,27544800,596,BCL2; Bcl-2; PPP1R50,sobreviveu,,
Q1_Super_Populares,15188025,1027,CDKN1B; KIP1; P27KIP1,descarte_a_fora_abstract,,
Q1_Super_Populares,15853903,3105,HLA-A,sobreviveu,,
Q1_Super_Populares,14758530,3557,ICIL-1RA; IL-1RN; IL1F3; IL1RA; IL1RN; IRAP; MGC10430,sobreviveu,,
Q1_Super_Populares,38015538,3569,BSF2; HGF; HSF; IFNB2; IL-6; IL6,sobreviveu,,
Q1_Super_Populares,17362351,3569,BSF2; HGF; HSF; IFNB2; IL-6; IL6,sobreviveu,,
Q1_Super_Populares,19750329,1543,CP11; CYP1; CYP1A1; P1-450; P450-C; P450DX,sobreviveu,,
Q1_Super_Populares,38159247,4193,HDM2; MDM2; MGC5370,sobreviveu,,
Q1_Super_Populares,22964853,3320,FLJ31884; HSP90AA1; HSP90N; HSPC1; HSPCA; HSPCAL4; Hsp89; Hsp90,sobreviveu,,
Q1_Super_Populares,19337385,114548,AGTAVPRL; AII; AVP; C1orf7; CIAS1; CLR1.1; DFNA34; FCAS; FCU; MWS; NALP3; NLRP3; PYPAF1,sobreviveu,,
Q1_Super_Populares,19074461,4137,DDPAC; FLJ31424; FTDP-17; MAPT; MAPTL; MGC138549; MSTD; MTBT1; MTBT2; PPND; PPP1R103; TAU; Tau-PHF6; tau; tau-40,sobreviveu,,
Q1_Super_Populares,29072241,2944,GST1; GSTM1; H-B; MU,sobreviveu,,
Q1_Super_Populares,9449720,581,BAX; BCL2L4,sobreviveu,,
Q1_Super_Populares,10480607,7450,F8VWF; VWF,sobreviveu,,
Q1_Super_Populares,18959821,5594,ERK; ERK2; MAPK1; MAPK2; PRKM1; PRKM2; p41mapk,sobreviveu,,
Q1_Super_Populares,15241418,4088,HsT17436; JV15-2; MADH3; SMAD3,descarte_b_no_abstract,SMAD3,cell cycle progression at the G1 phase. Smad3 has a key function in mediating the TGF
Q1_Super_Populares,15054398,2153,F5; fV,sobreviveu,,
Q1_Super_Populares,24449884,1499,CTNNB; CTNNB1; armadillo; beta-catenin,descarte_b_no_abstract,beta-catenin,le cell interaction elicit differential beta-catenin phosphorylations and endothelial functi
Q1_Super_Populares,23180530,7316,UBC,descarte_a_fora_abstract,,
Q1_Super_Populares,30585729,4288,Ki-67; MIB-1; MKI67; PPP1R105,descarte_a_fora_abstract,,
Q1_Super_Populares,27813552,4846,ECNOS; NOS3; eNOS,sobreviveu,,
Q1_Super_Populares,28629373,5133,CD279; PD-1; PD1; PDCD1; SLEB2; hSLE1,sobreviveu,,
Q1_Super_Populares,24964035,4088,HsT17436; JV15-2; MADH3; SMAD3,descarte_a_fora_abstract,,
Q1_Super_Populares,19453261,5595,ERK-1; ERK1; MAPK3; PRKM3; p44erk1; p44mapk,descarte_a_fora_abstract,,
Q1_Super_Populares,12722176,1813,D2R; DRD2,sobreviveu,,
Q1_Super_Populares,16359991,3952,LEP; OB; OBS,sobreviveu,,
Q1_Super_Populares,19359599,3688,CD29; FNRB; GPIIA; ITGB1; MDF2; MSK12,descarte_a_fora_abstract,,
Q1_Super_Populares,33771483,29126,B7-H; B7-H1; B7H1; CD274; PD-L1; PDCD1LG1; PDL1,sobreviveu,,
Q1_Super_Populares,21938741,1026,CAP20; CDKN1; CDKN1A; CIP1; P21; SDI1; WAF1; p21; p21CIP1; p21Cip1/Waf1,sobreviveu,,
Q1_Super_Populares,12556231,183,AGT; SERPINA8,sobreviveu,,
Q1_Super_Populares,25222780,3958,GALIG; LGALS2; LGALS3; MAC-2,sobreviveu,,
Q1_Super_Populares,18388244,6714,ASV; SRC; SRC1; c-src,descarte_b_no_abstract,SRC,"Roles of cytosolic phospholipase A2 and Src kinase in the early action of 2,3,7,8-t"
Q1_Super_Populares,20185929,177,AGER; RAGE; SCARJ1; sRAGE,sobreviveu,,
Q1_Super_Populares,26748875,2147,F2,descarte_a_fora_abstract,,
Q1_Super_Populares,18021343,1557,CPCJ; CYP2C; CYP2C19; P450IIC19,sobreviveu,,
Q1_Super_Populares,31370204,7422,VEGF; VEGF-A; VEGFA; VPF,sobreviveu,,
Q1_Super_Populares,24904546,3107,D6S204; HLA-C; HLA-JY3; PSORS1,descarte_a_fora_abstract,,
Q1_Super_Populares,24127926,5970,NFKB3; RELA; p65,sobreviveu,,
Q1_Super_Populares,36807750,5925,OSRC; PPP1R130; RB; RB1,sobreviveu,,
Q1_Super_Populares,36139147,2908,GR; GRL; NR3C1,sobreviveu,,
Q1_Super_Populares,21824286,472,ATA; ATC; ATD; ATDC; ATM; TEL1; TELO1,sobreviveu,,
Q1_Super_Populares,22675930,4318,CLG4B; MMP9,sobreviveu,,
Q1_Super_Populares,31150457,1956,EGFR; ERBB; ERBB1; ERRP,sobreviveu,,
Q1_Super_Populares,36593255,207,AKT; AKT1; PKB; PRKBA; RAC; RAC-alpha,sobreviveu,,
Q1_Super_Populares,28514442,7515,RCC; XRCC1,descarte_a_fora_abstract,,
Q1_Super_Populares,22967500,3630,IDDM1; IDDM2; INS,sobreviveu,,
Q1_Super_Populares,25882767,9370,ACDC; ACRP30; ADIPOQ; GBP28; adiponectin; apM1,sobreviveu,,
Q1_Super_Populares,12356205,1234,CC-CKR-5; CCR5; CD195; CKR-5; CKR5; CMKBR5; IDDM22,sobreviveu,,
Q1_Super_Populares,22650962,1234,CC-CKR-5; CCR5; CD195; CKR-5; CKR5; CMKBR5; IDDM22,sobreviveu,,
Q1_Super_Populares,22035595,9370,ACDC; ACRP30; ADIPOQ; GBP28; adiponectin; apM1,sobreviveu,,
Q1_Super_Populares,19094431,7316,UBC,descarte_a_fora_abstract,,
Q1_Super_Populares,27909050,4851,NOTCH1; TAN1,descarte_b_no_abstract,NOTCH1, Transgenic expression of intracellular NOTCH1 in mice with tubule-specific deletion o
Q1_Super_Populares,27220321,3725,AP-1; JUN; c-Jun,descarte_b_no_abstract,AP-1,ion of MDR1/P-glycoprotein via EGFR/ERK/AP-1 pathway.   Multidrug resistance is one 
Q1_Super_Populares,25592970,1499,CTNNB; CTNNB1; armadillo; beta-catenin,sobreviveu,,
Q1_Super_Populares,23542036,5243,ABC20; ABCB1; CD243; CLCS; GP170; MDR1; P-gp; PGY1; p-170,sobreviveu,,
Q1_Super_Populares,22984553,675,BRCA2; BRCC2; FACD; FAD; FAD1; FANCD; FANCD1; XRCC11,sobreviveu,,
Q1_Super_Populares,23253087,1026,CAP20; CDKN1; CDKN1A; CIP1; P21; SDI1; WAF1; p21; p21CIP1; p21Cip1/Waf1,descarte_b_no_abstract,p21,amage signaling from p53 activation and p21 expression.   The best-established func
Q1_Super_Populares,11956078,1029,ARF; CAI2; CDK4I; CDKN2; CDKN2A; CMM2; INK4; INK4a; MLM; MTS1; P16-INK4A; p14; p14ARF; p16; p16INK4a; p19; p19Arf,descarte_b_no_abstract,INK4a,th aberrant promoter methylation of P16(INK4a) and O(6)-methylguanine-DNA methyltrans
Q1_Super_Populares,15948239,3952,LEP; OB; OBS,sobreviveu,,
Q1_Super_Populares,23086478,4851,NOTCH1; TAN1,sobreviveu,,
Q1_Super_Populares,22747686,5054,PAI; PAI1; PLANH1; SERPINE1,descarte_b_no_abstract,PAI,Plasminogen activator inhibitor type 1 (PAI-1) is the primary inhibitor of urokinas
Q1_Super_Populares,28957360,7099,ARMD10; CD284; TLR-4; TLR4; hToll,sobreviveu,,
Q1_Super_Populares,24036936,4879,NPPB,descarte_a_fora_abstract,,
Q1_Super_Populares,24497847,348,AD2; APOE,sobreviveu,,
Q1_Super_Populares,22619175,2475,FLJ44809; FRAP; FRAP1; FRAP2; MTOR; RAFT1; RAPT1; mTOR,sobreviveu,,
Q1_Super_Populares,7651399,324,APC; DP2; DP2.5; DP3; PPP1R46,descarte_b_no_abstract,APC,te with the adenomatous polyposis coli (APC) tumor suppressor protein in any of the
Q1_Super_Populares,18042801,7015,EST2; TCS1; TERT; TP2; TRT; hEST2,sobreviveu,,
Q1_Super_Populares,19679070,348,AD2; APOE,sobreviveu,,
Q1_Super_Populares,27736875,4851,NOTCH1; TAN1,sobreviveu,,
Q1_Super_Populares,14630914,4088,HsT17436; JV15-2; MADH3; SMAD3,sobreviveu,,
Q1_Super_Populares,9722660,3146,DKFZp686A04236; HMG1; HMG3; HMGB1; SBP-1,descarte_b_no_abstract,HMG1,inal. Here we demonstrate that in vitro HMG1 and 2 can completely replace Ku protein
Q1_Super_Populares,12761501,5970,NFKB3; RELA; p65,descarte_a_fora_abstract,,
Q1_Super_Populares,16446977,64127,BLAU; CARD15; CD; CLR16.3; IBD1; NLRC2; NOD2; PSORAS1,sobreviveu,,
Q1_Super_Populares,30018336,6772,ISGF-3; STAT1; STAT91,descarte_b_no_abstract,STAT1,mmune response by initiating an miR146a-STAT1 feedback loop.   Interferon (IFN)-stimu
Q1_Super_Populares,31038410,672,BRCA1; BRCC1; FANCS; PPP1R53; RNF53,sobreviveu,,
Q1_Super_Populares,23157824,3845,K-Ras4B; KRAS; KRAS1; KRAS2,sobreviveu,,
Q1_Super_Populares,18237245,595,BCL1; CCND1; D11S287E; PRAD1; U21B31,sobreviveu,,
Q1_Super_Populares,17141222,6714,ASV; SRC; SRC1; c-src,sobreviveu,,
Q1_Super_Populares,12673844,3383,BB2; CD54; ICAM1,sobreviveu,,
Q1_Super_Populares,36510980,2064,CD340; ERBB2; HER-2; HER2; MLN-19; NEU; NGL; c-ERB-2; c-ERB2; p185(erbB2),sobreviveu,,
Q1_Super_Populares,12609713,332,API4; BIRC5; EPR-1; survivin,descarte_b_no_abstract,survivin,e effect of ursodeoxycholic acid on the survivin in thapsigargin-induced apoptosis.   En
Q1_Super_Populares,26490262,4000,CMD1A; HGPS; LGMD1B; LMN1; LMNA; LMNL1; MADA; PRO1,sobreviveu,,
Q1_Super_Populares,19284577,177,AGER; RAGE; SCARJ1; sRAGE,sobreviveu,,
Q1_Super_Populares,12807436,6622,NACP; PARK1; PARK4; PD1; SNCA,sobreviveu,,
Q1_Super_Populares,25888059,79068,ALKBH9; FTO; IFEX9; KIAA1752; MGC5149,sobreviveu,,
Q1_Super_Populares,12080444,5468,NR1C3; PPARG; PPARG1; PPARG2; PPARgamma,sobreviveu,,
Q1_Super_Populares,18155264,3105,HLA-A,sobreviveu,,
Q1_Super_Populares,27863403,673,BRAF; BRAF-1; BRAF1,sobreviveu,,
Q1_Super_Populares,34860163,1080,ABC35; ABCC7; CF; CFTR; CFTR/MRP; MRP7; TNR-CFTR; dJ760C5.1,sobreviveu,,
Q1_Super_Populares,12566177,348,AD2; APOE,sobreviveu,,
Q1_Super_Populares,29032501,3091,HIF-1alpha; HIF1; HIF1A; MOP1; PASD8; bHLHe78,descarte_a_fora_abstract,,
Q1_Super_Populares,38364252,1499,CTNNB; CTNNB1; armadillo; beta-catenin,sobreviveu,,
Q1_Super_Populares,30628725,5747,FADK; FAK; FAK1; PPP1R71; PTK2,sobreviveu,,
Q1_Super_Populares,15760907,2475,FLJ44809; FRAP; FRAP1; FRAP2; MTOR; RAFT1; RAPT1; mTOR,sobreviveu,,
Q1_Super_Populares,12135330,1636,ACE; ACE1; CD143; DCP1,sobreviveu,,
Q1_Super_Populares,22378045,6667,SP1,descarte_b_no_abstract,SP1,"iption level and was controlled by HDM2-SP1 interplay, where P14ARF relieved a domi"
Q1_Super_Populares,24030461,4780,NFE2L2; NRF-2; NRF2,sobreviveu,,
Q1_Super_Populares,19889638,207,AKT; AKT1; PKB; PRKBA; RAC; RAC-alpha,sobreviveu,,
Q1_Super_Populares,26321697,673,BRAF; BRAF-1; BRAF1,sobreviveu,,
Q1_Super_Populares,31018945,7450,F8VWF; VWF,sobreviveu,,
Q1_Super_Populares,18547262,595,BCL1; CCND1; D11S287E; PRAD1; U21B31,sobreviveu,,
Q1_Super_Populares,19826003,1387,CBP; CREBBP; KAT3A; RSTS; RTS,sobreviveu,,
Q1_Super_Populares,9660747,2033,EP300; KAT3B; p300,sobreviveu,,
Q1_Super_Populares,30894540,2033,EP300; KAT3B; p300,descarte_a_fora_abstract,,
Q1_Super_Populares,27986563,5728,BZS; MHAM; MMAC1; PTEN; PTEN1; TEP1,sobreviveu,,
Q1_Super_Populares,22044563,3480,CD221; IGF1R; IGFIR; IGFR; JTK13; MGC18216,descarte_a_fora_abstract,,
Q1_Super_Populares,12761493,5925,OSRC; PPP1R130; RB; RB1,sobreviveu,,
Q1_Super_Populares,16199891,183,AGT; SERPINA8,descarte_a_fora_abstract,,
Q1_Super_Populares,27030318,6667,SP1,descarte_b_no_abstract,SP1,"says, the relationship between miR-29b, SP1, and TNF-alpha was examined. RESULTS: D"
Q1_Super_Populares,27320800,177,AGER; RAGE; SCARJ1; sRAGE,sobreviveu,,
Q1_Super_Populares,41611887,7515,RCC; XRCC1,descarte_a_fora_abstract,,
Q1_Super_Populares,23097380,4233,DFNB97; HGFR; MET; RCCP2,descarte_b_no_abstract,MET,Autism risk gene MET variation and cortical thickness in typ
Q1_Super_Populares,19091404,595,BCL1; CCND1; D11S287E; PRAD1; U21B31,sobreviveu,,
Q1_Super_Populares,33060727,3958,GALIG; LGALS2; LGALS3; MAC-2,sobreviveu,,
Q1_Super_Populares,37907567,675,BRCA2; BRCC2; FACD; FAD; FAD1; FANCD; FANCD1; XRCC11,sobreviveu,,
Q1_Super_Populares,1672777,4879,NPPB,sobreviveu,,
Q1_Super_Populares,19834793,3119,CELIAC1; HLA-DQB; HLA-DQB1; IDDM1,descarte_a_fora_abstract,,
Q1_Super_Populares,32646478,6647,ALS; ALS1; IPOA; SOD1,sobreviveu,,
Q1_Super_Populares,20080624,472,ATA; ATC; ATD; ATDC; ATM; TEL1; TELO1,sobreviveu,,
Q1_Super_Populares,24702826,335,APOA1,descarte_a_fora_abstract,,
Q1_Super_Populares,24354620,857,CAV; CAV1,sobreviveu,,
Q1_Super_Populares,29992318,2146,ENX-1; EZH1; EZH2; KMT6; KMT6A,sobreviveu,,
Q1_Super_Populares,17927716,3105,HLA-A,descarte_a_fora_abstract,,
Q1_Super_Populares,14653306,110806262,,descarte_nao_verificavel,,
Q1_Super_Populares,20723587,1543,CP11; CYP1; CYP1A1; P1-450; P450-C; P450DX,descarte_a_fora_abstract,,
Q1_Super_Populares,20932315,2033,EP300; KAT3B; p300,sobreviveu,,
Q1_Super_Populares,27736845,4780,NFE2L2; NRF-2; NRF2,sobreviveu,,
Q1_Super_Populares,17335808,3091,HIF-1alpha; HIF1; HIF1A; MOP1; PASD8; bHLHe78,sobreviveu,,
Q1_Super_Populares,23644699,4312,CLG; MMP1,sobreviveu,,
Q1_Super_Populares,8054685,5747,FADK; FAK; FAK1; PPP1R71; PTK2,descarte_b_no_abstract,FAK,cently described focal adhesion kinase (FAK) has been implicated in signal transduc
Q1_Super_Populares,24745156,1026,CAP20; CDKN1; CDKN1A; CIP1; P21; SDI1; WAF1; p21; p21CIP1; p21Cip1/Waf1,descarte_b_no_abstract,p21,idence of proapoptotic proteins p53 and p21 in epithelial ovarian tumors].   OBJECT
Q1_Super_Populares,25344320,1499,CTNNB; CTNNB1; armadillo; beta-catenin,sobreviveu,,
Q1_Super_Populares,37554278,5747,FADK; FAK; FAK1; PPP1R71; PTK2,sobreviveu,,
Q1_Super_Populares,15562208,9370,ACDC; ACRP30; ADIPOQ; GBP28; adiponectin; apM1,sobreviveu,,
Q1_Super_Populares,28475016,367,AIS; AR; DHTR; HUMARA; NR3C4; SBMA; SMAX1,sobreviveu,,
Q1_Super_Populares,19082441,4288,Ki-67; MIB-1; MKI67; PPP1R105,descarte_b_no_abstract,Ki-67,2) was analysed for immunohistochemical Ki-67 and p53 expression. Labelling indices w
Q1_Super_Populares,16271941,7422,VEGF; VEGF-A; VEGFA; VPF,sobreviveu,,
Q1_Super_Populares,28242758,2146,ENX-1; EZH1; EZH2; KMT6; KMT6A,sobreviveu,,
Q1_Super_Populares,12482669,5595,ERK-1; ERK1; MAPK3; PRKM3; p44erk1; p44mapk,sobreviveu,,
Q1_Super_Populares,19109192,3586,CSIF; IL-10; IL10; IL10A; TGIF,sobreviveu,,
Q1_Super_Populares,35235311,983,CDC2; CDC28A; CDK1,descarte_a_fora_abstract,,
Q1_Super_Populares,26420348,4318,CLG4B; MMP9,sobreviveu,,
Q1_Super_Populares,28402926,6387,CXCL12; PBSF; SCYB12; SDF-1a; SDF-1b; SDF1; SDF1A; SDF1B; TLSF-a; TLSF-b; TPAR1,sobreviveu,,
Q1_Super_Populares,17603900,2952,GSTT1,descarte_a_fora_abstract,,
Q1_Super_Populares,19267073,4524,MTHFR,sobreviveu,,
Q1_Super_Populares,32350255,4193,HDM2; MDM2; MGC5370,sobreviveu,,
Q1_Super_Populares,27502297,3605,CTLA8; IL-17; IL-17A; IL17; IL17A,sobreviveu,,
Q1_Super_Populares,21194879,5728,BZS; MHAM; MMAC1; PTEN; PTEN1; TEP1,sobreviveu,,
Q1_Super_Populares,9443979,1387,CBP; CREBBP; KAT3A; RSTS; RTS,sobreviveu,,
Q1_Super_Populares,22644781,6774,APRF; STAT3,sobreviveu,,
Q1_Super_Populares,11087859,7316,UBC,descarte_a_fora_abstract,,
Q1_Super_Populares,1351056,2064,CD340; ERBB2; HER-2; HER2; MLN-19; NEU; NGL; c-ERB-2; c-ERB2; p185(erbB2),sobreviveu,,
Q1_Super_Populares,19594441,4790,KBF1; NF-kB1; NF-kappaB; NFKB-p50; NFKB1; NFkappaB; p105; p50,sobreviveu,,
Q1_Super_Populares,14999081,4137,DDPAC; FLJ31424; FTDP-17; MAPT; MAPTL; MGC138549; MSTD; MTBT1; MTBT2; PPND; PPP1R103; TAU; Tau-PHF6; tau; tau-40,sobreviveu,,
Q1_Super_Populares,23244138,6696,BNSP; BSPI; ETA-1; OPN; SPP1; lnc-PKD2-2-3,sobreviveu,,
Q1_Super_Populares,23541532,23435,ALS10; TARDBP; TDP-43,sobreviveu,,
Q1_Super_Populares,16893896,3077,HFE; HFE1; HLA-H,sobreviveu,,
Q1_Super_Populares,22344298,4088,HsT17436; JV15-2; MADH3; SMAD3,descarte_a_fora_abstract,,
Q1_Super_Populares,31798581,3565,BCGF-1; BCGF1; BSF1; IL-4; IL4; MGC79402,descarte_b_no_abstract,IL-4,Activation of the IL-4/STAT6 Signaling Pathway Promotes Lung C
Q1_Super_Populares,22068554,3123,HLA-DR1B; HLA-DRB1,sobreviveu,,
Q1_Super_Populares,25311665,6772,ISGF-3; STAT1; STAT91,sobreviveu,,
Q1_Super_Populares,33757513,7422,VEGF; VEGF-A; VEGFA; VPF,sobreviveu,,
Q1_Super_Populares,21816818,7515,RCC; XRCC1,sobreviveu,,
Q1_Super_Populares,24963148,6347,CCL2; GDCF-2; HC11; MCAF; MCP-1; MCP1; MGC9434; SCYA2; SMC-CF,sobreviveu,,
Q1_Super_Populares,26344197,4000,CMD1A; HGPS; LGMD1B; LMN1; LMNA; LMNL1; MADA; PRO1,descarte_a_fora_abstract,,
Q1_Super_Populares,6308458,335,APOA1,sobreviveu,,
Q1_Super_Populares,34927784,7852,CD184; CXCR4; D2S201E; HM89; HSY3RR; LESTR; NPY3R; NPYR; NPYY3R; fusin,sobreviveu,,
Q1_Super_Populares,21035110,3552,IL-1A; IL1; IL1-ALPHA; IL1A; IL1F1,sobreviveu,,
Q1_Super_Populares,25665057,4313,CLG4; CLG4A; MMP-2; MMP2; TBE-1,descarte_a_fora_abstract,,
Q1_Super_Populares,24078094,1027,CDKN1B; KIP1; P27KIP1,sobreviveu,,
Q1_Super_Populares,17189706,5599,JNK; JNK1; MAPK8; PRKM8; SAPK1,sobreviveu,,
Q1_Super_Populares,24842904,4193,HDM2; MDM2; MGC5370,sobreviveu,,
Q1_Super_Populares,29256070,836,CASP3; CPP32; CPP32B; Yama; apopain,sobreviveu,,
Q1_Super_Populares,25147336,3791,CD309; FLK1; KDR; VEGFR; VEGFR2,descarte_a_fora_abstract,,
Q1_Super_Populares,24489103,5970,NFKB3; RELA; p65,descarte_b_no_abstract,RELA,associated OGG1 then enhanced NF-kappaB/RelA binding to cis-elements and facilitated
Q1_Super_Populares,26908058,7421,NR1I1; PPP1R163; VDR,sobreviveu,,
Q1_Super_Populares,25184681,4292,COCA2; FCC2; HNPCC; HNPCC2; MLH-1; MLH1,descarte_a_fora_abstract,,
Q1_Super_Populares,36239545,4288,Ki-67; MIB-1; MKI67; PPP1R105,descarte_b_no_abstract,Ki-67,"Lung carcinoid tumours: histology and Ki-67, the eternal rivalry.   WHO classificat"
Q1_Super_Populares,12687213,3586,CSIF; IL-10; IL10; IL10A; TGIF,sobreviveu,,
Q1_Super_Populares,22389297,50943,AIID; DIETER; FOXP3; IPEX; JM2; PIDX; SCURFIN; XPID,sobreviveu,,
Q1_Super_Populares,23011509,672,BRCA1; BRCC1; FANCS; PPP1R53; RNF53,sobreviveu,,
Q1_Super_Populares,39162859,6622,NACP; PARK1; PARK4; PD1; SNCA,sem_doc,,
Q1_Super_Populares,19076218,355,APO-1; APT1; CD95; FAS; FAS1; TNFRSF6,sobreviveu,,
Q1_Super_Populares,27364547,7097,CD282; TIL4; TLR2,sobreviveu,,
Q1_Super_Populares,38446251,406991,MIR-21; MIR21; MIRN21; hsa-mir-21,descarte_b_no_abstract,MIR-21,The role of telocytes and miR-21-5p in tumorigenicity and metastasis of 
Q1_Super_Populares,15104566,7421,NR1I1; PPP1R163; VDR,sobreviveu,,
Q1_Super_Populares,15537704,5728,BZS; MHAM; MMAC1; PTEN; PTEN1; TEP1,sobreviveu,,
Q1_Super_Populares,21741444,207,AKT; AKT1; PKB; PRKBA; RAC; RAC-alpha,sobreviveu,,
Q1_Super_Populares,1388288,983,CDC2; CDC28A; CDK1,descarte_a_fora_abstract,,
Q1_Super_Populares,26385789,114548,AGTAVPRL; AII; AVP; C1orf7; CIAS1; CLR1.1; DFNA34; FCAS; FCU; MWS; NALP3; NLRP3; PYPAF1,sobreviveu,,
Q1_Super_Populares,37312615,406991,MIR-21; MIR21; MIRN21; hsa-mir-21,sobreviveu,,
Q1_Super_Populares,20437058,3479,IGF; IGF-I; IGF1; IGF1A; IGFI,descarte_a_fora_abstract,,
Q1_Super_Populares,33414168,4292,COCA2; FCC2; HNPCC; HNPCC2; MLH-1; MLH1,sobreviveu,,
Q1_Super_Populares,29150654,2908,GR; GRL; NR3C1,sobreviveu,,
Q1_Super_Populares,28797712,2100,ER-beta; ESR2; Erb; NR3A2,sobreviveu,,
Q1_Super_Populares,34830158,23411,SIR2L1; SIRT1,descarte_a_fora_abstract,,
Q1_Super_Populares,21673190,3309,BiP; GRP78; HSPA5,sobreviveu,,
Q1_Super_Populares,30504723,960,CD44; CD44R; CDw44; CSPG8; ECM-III; H-CAM; HCELL; HUTCH-1; HUTCH-I; Hermes-1; IN; MC56; MDU2; MDU3; MIC4; PGP-1; Pgp1,descarte_b_no_abstract,CD44,Targeting CD44 by CRISPR-Cas9 in Multi-Drug Resistant 
Q1_Super_Populares,17215244,3309,BiP; GRP78; HSPA5,descarte_a_fora_abstract,,
Q1_Super_Populares,25840495,64127,BLAU; CARD15; CD; CLR16.3; IBD1; NLRC2; NOD2; PSORAS1,sobreviveu,,
Q1_Super_Populares,23333300,6774,APRF; STAT3,sobreviveu,,
Q1_Super_Populares,37336816,5133,CD279; PD-1; PD1; PDCD1; SLEB2; hSLE1,descarte_b_no_abstract,PD-1,recreationally active runners: focus on PD-1 expression in Tregs and the IL-6/IL-10 
Q1_Super_Populares,21675959,7157,LFS1; TP53; p53,sobreviveu,,
Q1_Super_Populares,11122213,3565,BCGF-1; BCGF1; BSF1; IL-4; IL4; MGC79402,sobreviveu,,
Q1_Super_Populares,20304822,3725,AP-1; JUN; c-Jun,descarte_b_no_abstract,JUN, ATF3 formed an endogenous complex with JUN in CD4(+) T cells induced to Th1. Chrom
Q1_Super_Populares,12428239,3106,AS; HLA-B,descarte_b_no_abstract,HLA-B,ociation of ankylosing spondylitis with HLA-B*1403 in a West African population.   OB
Q1_Super_Populares,25458044,7124,DIF; TNF; TNF-alpha; TNFA; TNFSF2,sobreviveu,,
Q1_Super_Populares,32546241,3480,CD221; IGF1R; IGFIR; IGFR; JTK13; MGC18216,sobreviveu,,
Q1_Super_Populares,19621391,5743,COX2; PTGS2,sobreviveu,,
Q1_Super_Populares,21667253,4851,NOTCH1; TAN1,descarte_a_fora_abstract,,
Q1_Super_Populares,19904250,1557,CPCJ; CYP2C; CYP2C19; P450IIC19,sobreviveu,,
Q1_Super_Populares,22311343,3479,IGF; IGF-I; IGF1; IGF1A; IGFI,sobreviveu,,
Q1_Super_Populares,20827430,2950,FAEES3; GST3; GSTP; GSTP1,sobreviveu,,
Q1_Super_Populares,24302768,3146,DKFZp686A04236; HMG1; HMG3; HMGB1; SBP-1,descarte_b_no_abstract,HMGB1,Conditional ablation of HMGB1 in mice reveals its protective function
Q1_Super_Populares,25310198,7852,CD184; CXCR4; D2S201E; HM89; HSY3RR; LESTR; NPY3R; NPYR; NPYY3R; fusin,sobreviveu,,
Q1_Super_Populares,34385357,4000,CMD1A; HGPS; LGMD1B; LMN1; LMNA; LMNL1; MADA; PRO1,sobreviveu,,
Q1_Super_Populares,20595916,3557,ICIL-1RA; IL-1RN; IL1F3; IL1RA; IL1RN; IRAP; MGC10430,sobreviveu,,
Q1_Super_Populares,27756891,4609,MYC; MYCC; bHLHe39; c-Myc,sobreviveu,,
Q1_Super_Populares,32135277,3606,IGIF; IL-18; IL-1g; IL18; IL1F4,sobreviveu,,
Q1_Super_Populares,9924018,6714,ASV; SRC; SRC1; c-src,sobreviveu,,
Q1_Super_Populares,37968472,5290,PI3K; PIK3CA,sobreviveu,,
Q1_Super_Populares,27094578,3688,CD29; FNRB; GPIIA; ITGB1; MDF2; MSK12,sobreviveu,,
Q1_Super_Populares,20018238,1234,CC-CKR-5; CCR5; CD195; CKR-5; CKR5; CMKBR5; IDDM22,descarte_a_fora_abstract,,
Q1_Super_Populares,35621728,4869,B23; NPM; NPM1,sobreviveu,,
Q1_Super_Populares,15572666,1026,CAP20; CDKN1; CDKN1A; CIP1; P21; SDI1; WAF1; p21; p21CIP1; p21Cip1/Waf1,sobreviveu,,
Q1_Super_Populares,16166518,59272,ACE2; ACEH,sobreviveu,,
Q1_Super_Populares,26927720,5133,CD279; PD-1; PD1; PDCD1; SLEB2; hSLE1,sobreviveu,,
Q1_Super_Populares,22455686,3553,IL-1B; IL1-BETA; IL1B; IL1F2,sobreviveu,,
Q1_Super_Populares,21316605,6667,SP1,descarte_b_no_abstract,SP1,moter SNP285C/309G haplotype diminishes Sp1 transcription factor binding and reduce
Q1_Super_Populares,11875499,581,BAX; BCL2L4,sobreviveu,,
Q1_Super_Populares,24267414,79068,ALKBH9; FTO; IFEX9; KIAA1752; MGC5149,sobreviveu,,
Q1_Super_Populares,19568851,110806262,,descarte_nao_verificavel,,
Q1_Super_Populares,32463592,207,AKT; AKT1; PKB; PRKBA; RAC; RAC-alpha,sobreviveu,,
Q1_Super_Populares,24732340,4879,NPPB,descarte_a_fora_abstract,,
Q1_Super_Populares,23077289,4780,NFE2L2; NRF-2; NRF2,sobreviveu,,
Q1_Super_Populares,34271894,5133,CD279; PD-1; PD1; PDCD1; SLEB2; hSLE1,sobreviveu,,
Q1_Super_Populares,26852906,1312,COMT,sobreviveu,,
Q1_Super_Populares,23962558,6774,APRF; STAT3,sobreviveu,,
Q1_Super_Populares,19474754,1312,COMT,sobreviveu,,
Q1_Super_Populares,23185298,2932,GSK3B,sobreviveu,,
Q1_Super_Populares,17786964,7421,NR1I1; PPP1R163; VDR,sobreviveu,,
Q1_Super_Populares,16204701,2908,GR; GRL; NR3C1,sobreviveu,,
Q1_Super_Populares,24816252,1557,CPCJ; CYP2C; CYP2C19; P450IIC19,descarte_a_fora_abstract,,
Q1_Super_Populares,32636443,23411,SIR2L1; SIRT1,sobreviveu,,
Q1_Super_Populares,28400509,3845,K-Ras4B; KRAS; KRAS1; KRAS2,sobreviveu,,
Q1_Super_Populares,38441376,1432,CSBP1; CSBP2; CSPB1; MAPK14; Mxi2; PRKM14; PRKM15; p38; p38alpha,sobreviveu,,
Q1_Super_Populares,25687825,4780,NFE2L2; NRF-2; NRF2,sobreviveu,,
Q1_Super_Populares,20869334,472,ATA; ATC; ATD; ATDC; ATM; TEL1; TELO1,sobreviveu,,
Q1_Super_Populares,32296183,5595,ERK-1; ERK1; MAPK3; PRKM3; p44erk1; p44mapk,descarte_a_fora_abstract,,
Q1_Super_Populares,12181570,5879,RAC1; Rac-1; TC-25; p21-Rac1,sobreviveu,,
Q1_Super_Populares,22290228,5728,BZS; MHAM; MMAC1; PTEN; PTEN1; TEP1,sobreviveu,,
Q1_Super_Populares,25461680,355,APO-1; APT1; CD95; FAS; FAS1; TNFRSF6,sobreviveu,,
Q1_Super_Populares,32283711,59272,ACE2; ACEH,sobreviveu,,
Q1_Super_Populares,34081760,1956,EGFR; ERBB; ERBB1; ERRP,sobreviveu,,
Q1_Super_Populares,24994675,3690,CD61; GP3A; GPIIIa; ITGB3,sobreviveu,,
Q1_Super_Populares,33436551,3091,HIF-1alpha; HIF1; HIF1A; MOP1; PASD8; bHLHe78,sobreviveu,,
Q1_Super_Populares,38104911,3146,DKFZp686A04236; HMG1; HMG3; HMGB1; SBP-1,sobreviveu,,
Q1_Super_Populares,25451254,335,APOA1,sobreviveu,,
Q1_Super_Populares,16781717,335,APOA1,sobreviveu,,
Q1_Super_Populares,33737203,4312,CLG; MMP1,sobreviveu,,
Q1_Super_Populares,32795556,114548,AGTAVPRL; AII; AVP; C1orf7; CIAS1; CLR1.1; DFNA34; FCAS; FCU; MWS; NALP3; NLRP3; PYPAF1,sobreviveu,,
Q1_Super_Populares,36640339,472,ATA; ATC; ATD; ATDC; ATM; TEL1; TELO1,sobreviveu,,
Q1_Super_Populares,20399384,3557,ICIL-1RA; IL-1RN; IL1F3; IL1RA; IL1RN; IRAP; MGC10430,sobreviveu,,
Q1_Super_Populares,27015844,335,APOA1,sobreviveu,,
Q1_Super_Populares,11487538,1543,CP11; CYP1; CYP1A1; P1-450; P450-C; P450DX,descarte_a_fora_abstract,,
Q1_Super_Populares,25624455,3717,JAK2; JTK10,sobreviveu,,
Q1_Super_Populares,16638855,5747,FADK; FAK; FAK1; PPP1R71; PTK2,sobreviveu,,
Q1_Super_Populares,25010932,7124,DIF; TNF; TNF-alpha; TNFA; TNFSF2,sobreviveu,,
Q1_Super_Populares,12782302,3576,3-10C; AMCF-I; CXCL8; GCP-1; GCP1; IL-8; IL8; K60; LECT; LUCT; LYNAP; MDNCF; MONAP; NAF; NAP-1; NAP1; SCYB8; TSG-1; b-ENAP,sobreviveu,,
Q1_Super_Populares,19843326,675,BRCA2; BRCC2; FACD; FAD; FAD1; FANCD; FANCD1; XRCC11,sobreviveu,,
Q1_Super_Populares,15863794,6532,5-HTT; HTT; OCD1; SERT1; SLC6A4,sobreviveu,,
Q1_Super_Populares,31213647,7015,EST2; TCS1; TERT; TP2; TRT; hEST2,descarte_a_fora_abstract,,
Q1_Super_Populares,12881616,1080,ABC35; ABCC7; CF; CFTR; CFTR/MRP; MRP7; TNR-CFTR; dJ760C5.1,descarte_b_no_abstract,CF,nt clinical profile of cystic fibrosis (CF) in Indian children and the prevalence 
Q1_Super_Populares,8756624,1026,CAP20; CDKN1; CDKN1A; CIP1; P21; SDI1; WAF1; p21; p21CIP1; p21Cip1/Waf1,descarte_b_no_abstract,p21CIP1,otifs are essential for the function of p21CIP1.   The cyclin-dependent kinase (Cdk) in
Q1_Super_Populares,19959759,3952,LEP; OB; OBS,sobreviveu,,
Q1_Super_Populares,20438394,3690,CD61; GP3A; GPIIIa; ITGB3,descarte_a_fora_abstract,,
Q1_Super_Populares,15115913,1565,CPD6; CYP2D; CYP2D6; CYP2D7AP; CYP2D7BP; CYP2D7P2; CYP2D8P2; CYP2DL1; P450-DB1; P450C2D,sobreviveu,,
Q1_Super_Populares,21915265,1401,CRP; PTX1,sobreviveu,,
Q1_Super_Populares,23293110,3791,CD309; FLK1; KDR; VEGFR; VEGFR2,sobreviveu,,
Q1_Super_Populares,36271031,10413,YAP-1; YAP1; YAP65,sobreviveu,,
Q1_Super_Populares,24824777,5925,OSRC; PPP1R130; RB; RB1,descarte_b_no_abstract,RB,"of the retinoblastoma tumor suppressor (RB) pathway, which is lost at relatively h"
Q1_Super_Populares,35504883,960,CD44; CD44R; CDw44; CSPG8; ECM-III; H-CAM; HCELL; HUTCH-1; HUTCH-I; Hermes-1; IN; MC56; MDU2; MDU3; MIC4; PGP-1; Pgp1,descarte_b_no_abstract,CD44,ess of breast cancer stem cells through CD44 variant splicing isoforms.   Alternativ
Q1_Super_Populares,31240317,2908,GR; GRL; NR3C1,sobreviveu,,
Q1_Super_Populares,24700253,4851,NOTCH1; TAN1,sobreviveu,,
Q1_Super_Populares,34270831,406991,MIR-21; MIR21; MIRN21; hsa-mir-21,descarte_b_no_abstract,MIR21,Postoperative changes in plasma miR21-5p as a novel biomarker for colorectal 
Q1_Super_Populares,18790046,6647,ALS; ALS1; IPOA; SOD1,sobreviveu,,
Q1_Super_Populares,30471768,5743,COX2; PTGS2,sobreviveu,,
Q1_Super_Populares,8889548,3958,GALIG; LGALS2; LGALS3; MAC-2,descarte_a_fora_abstract,,
Q1_Super_Populares,24107629,857,CAV; CAV1,descarte_a_fora_abstract,,
Q1_Super_Populares,12477932,675,BRCA2; BRCC2; FACD; FAD; FAD1; FANCD; FANCD1; XRCC11,descarte_a_fora_abstract,,
Q1_Super_Populares,33355370,5594,ERK; ERK2; MAPK1; MAPK2; PRKM1; PRKM2; p41mapk,descarte_a_fora_abstract,,
Q1_Super_Populares,16155381,4318,CLG4B; MMP9,sobreviveu,,
Q1_Super_Populares,25512514,920,CD4; Leu-3; T4,sobreviveu,,
Q1_Super_Populares,34265288,3091,HIF-1alpha; HIF1; HIF1A; MOP1; PASD8; bHLHe78,sobreviveu,,
Q1_Super_Populares,17719742,64127,BLAU; CARD15; CD; CLR16.3; IBD1; NLRC2; NOD2; PSORAS1,sobreviveu,,
Q1_Super_Populares,29111166,857,CAV; CAV1,sobreviveu,,
Q1_Super_Populares,14671106,5595,ERK-1; ERK1; MAPK3; PRKM3; p44erk1; p44mapk,sobreviveu,,
Q1_Super_Populares,19029633,2147,F2,sobreviveu,,
Q1_Super_Populares,9361003,836,CASP3; CPP32; CPP32B; Yama; apopain,sobreviveu,,
Q1_Super_Populares,25600648,6696,BNSP; BSPI; ETA-1; OPN; SPP1; lnc-PKD2-2-3,sobreviveu,,
Q1_Super_Populares,28492540,7015,EST2; TCS1; TERT; TP2; TRT; hEST2,descarte_a_fora_abstract,,
Q1_Super_Populares,26937962,2944,GST1; GSTM1; H-B; MU,sobreviveu,,
Q1_Super_Populares,11751905,3688,CD29; FNRB; GPIIA; ITGB1; MDF2; MSK12,sobreviveu,,
Q1_Super_Populares,26457672,6714,ASV; SRC; SRC1; c-src,sobreviveu,,
Q1_Super_Populares,22628023,3586,CSIF; IL-10; IL10; IL10A; TGIF,sobreviveu,,
Q1_Super_Populares,31609157,1493,CD; CD152; CELIAC3; CTLA-4; CTLA4; GSE; IDDM12,sobreviveu,,
Q1_Super_Populares,28798204,3479,IGF; IGF-I; IGF1; IGF1A; IGFI,descarte_b_no_abstract,IGF-I,Imaging IGF-I uptake in growth plate cartilage using 
Q1_Super_Populares,20578265,1493,CD; CD152; CELIAC3; CTLA-4; CTLA4; GSE; IDDM12,sobreviveu,,
Q1_Super_Populares,26172389,857,CAV; CAV1,sobreviveu,,
Q1_Super_Populares,21242961,1026,CAP20; CDKN1; CDKN1A; CIP1; P21; SDI1; WAF1; p21; p21CIP1; p21Cip1/Waf1,descarte_b_no_abstract,p21,hSSB1 binds and protects p21 from ubiquitin-mediated degradation and
Q1_Super_Populares,31629819,23411,SIR2L1; SIRT1,sobreviveu,,
Q1_Super_Populares,12525641,983,CDC2; CDC28A; CDK1,descarte_a_fora_abstract,,
Q1_Super_Populares,39079530,8878,A170; OSIL; PDB3; SQSTM1; p60; p62; p62B,descarte_b_no_abstract,p62,"sion classes, including neuroprotective p62-positive inclusions versus dynamic and "
Q1_Super_Populares,22533435,6622,NACP; PARK1; PARK4; PD1; SNCA,sobreviveu,,
Q1_Super_Populares,34780565,3569,BSF2; HGF; HSF; IFNB2; IL-6; IL6,sobreviveu,,
Q1_Super_Populares,25810340,4088,HsT17436; JV15-2; MADH3; SMAD3,sobreviveu,,
Q1_Super_Populares,27136911,2100,ER-beta; ESR2; Erb; NR3A2,sobreviveu,,
Q1_Super_Populares,9605856,110806262,,descarte_nao_verificavel,,
Q1_Super_Populares,33625078,3077,HFE; HFE1; HLA-H,sobreviveu,,
Q1_Super_Populares,21485219,4318,CLG4B; MMP9,sobreviveu,,
Q1_Super_Populares,36073783,4292,COCA2; FCC2; HNPCC; HNPCC2; MLH-1; MLH1,sobreviveu,,
Q1_Super_Populares,9485454,2950,FAEES3; GST3; GSTP; GSTP1,descarte_a_fora_abstract,,
Q1_Super_Populares,26521100,1557,CPCJ; CYP2C; CYP2C19; P450IIC19,sobreviveu,,
Q1_Super_Populares,21245296,3077,HFE; HFE1; HLA-H,sobreviveu,,
Q1_Super_Populares,22213089,472,ATA; ATC; ATD; ATDC; ATM; TEL1; TELO1,descarte_b_no_abstract,ATM,Presence of ATM protein and residual kinase activity co
Q1_Super_Populares,16782382,5743,COX2; PTGS2,sobreviveu,,
Q1_Super_Populares,22673037,3569,BSF2; HGF; HSF; IFNB2; IL-6; IL6,sobreviveu,,
Q1_Super_Populares,34091499,672,BRCA1; BRCC1; FANCS; PPP1R53; RNF53,sobreviveu,,
Q1_Super_Populares,29648472,3606,IGIF; IL-18; IL-1g; IL18; IL1F4,sobreviveu,,
Q1_Super_Populares,20602615,348,AD2; APOE,descarte_a_fora_abstract,,
Q4_Cauda_Longa,30605069,100302170,MIR1206; MIRN1206; hsa-mir-1206,sobreviveu,,
Q4_Cauda_Longa,12909339,441666,,descarte_nao_verificavel,,
Q4_Cauda_Longa,31200545,151484,GCSIR; Lnc-ITM2C-1,sobreviveu,,
Q4_Cauda_Longa,9545639,6114,,sobreviveu,,
Q4_Cauda_Longa,38811828,122526782,CYDAER; RP11-295G20.2; TSNAX-DT,descarte_b_no_abstract,RP11-295G20.2,ature and the tumor-suppressive role of RP11-295G20.2 knockdown in lung adenocarcinoma.   End
Q4_Cauda_Longa,20843316,205147,AMER3; FAM123C; FLJ38377,sobreviveu,,
Q4_Cauda_Longa,36700469,100289410,MCF2L-AS1,sobreviveu,,
Q4_Cauda_Longa,36770940,100616121,MIR1268B; hsa-mir-1268b,sobreviveu,,
Q4_Cauda_Longa,7511052,105371807,BTR; SKAP1-AS2,descarte_b_no_abstract,BTR,"splicing to a novel sequence designated BTR for ""BT474 transcribed rearrangement."" "
Q4_Cauda_Longa,10777671,100918,,descarte_nao_verificavel,,
Q4_Cauda_Longa,31282173,129293,C2orf89; TIKI1; TRABD2A,sobreviveu,,
Q4_Cauda_Longa,28635424,317668,,sobreviveu,,
Q4_Cauda_Longa,29046333,144093370,,descarte_nao_verificavel,,
Q4_Cauda_Longa,1612607,236,AKR1B1P2; ALDRP,descarte_a_fora_abstract,,
Q4_Cauda_Longa,9116028,2500,FTH1P7; FTHL7,descarte_a_fora_abstract,,
Q4_Cauda_Longa,35616822,730091,LINC00886,sobreviveu,,
Q4_Cauda_Longa,24312300,391533,FLT1P1; LOC391533,descarte_b_no_abstract,LOC391533,"nship between lncRNAs and preeclampsia. LOC391533, LOC284100, and CEACAMP8 were evaluated"
Q4_Cauda_Longa,27160062,401296,LNCRI; lnc-RI,descarte_b_no_abstract,lnc-RI,Long noncoding RNA lnc-RI is a new regulator of mitosis via targe
Q4_Cauda_Longa,15203209,349633,C11orf34; PLET1,sobreviveu,,
Q4_Cauda_Longa,26476537,103752588,PACER; PACERR; PTGS2-AS1,descarte_b_no_abstract,PACER,P50-associated COX-2 extragenic RNA (PACER) overexpression promotes proliferation 
Q4_Cauda_Longa,38070791,79854,FLJ22639; LINC00115; NCRNA00115,sobreviveu,,
Q4_Cauda_Longa,31791845,100616262,MIR4701; hsa-mir-4701,descarte_a_fora_abstract,,
Q4_Cauda_Longa,25092925,104472848,IGF1R-AS; IGF1R-AS1; IRAIN,sobreviveu,,
Q4_Cauda_Longa,27918561,550643,LINC01420; NBDY; NoBody,descarte_b_no_abstract,NoBody,otated P-body dissociating polypeptide (NoBody). NoBody interacts with mRNA decapping 
Q4_Cauda_Longa,6948764,6420,,descarte_nao_verificavel,,
Q4_Cauda_Longa,32673063,100616136,MIR4430; hsa-mir-4430,sobreviveu,,
Q4_Cauda_Longa,34651202,100873942,,sobreviveu,,
Q4_Cauda_Longa,24501229,728448,PPIEL; PPIEP1,sobreviveu,,
Q4_Cauda_Longa,18794853,399716,LINC02656,descarte_a_fora_abstract,,
Q4_Cauda_Longa,23085571,100379323,ERVW-2; ERVWE2; NTrenv,descarte_a_fora_abstract,,
Q4_Cauda_Longa,10092845,285189,PLGLA; PLGLA1; PLGP2,sobreviveu,,
Q4_Cauda_Longa,1676982,1157,CKBP1,descarte_a_fora_abstract,,
Q4_Cauda_Longa,33414518,118421,C21orf100; HORAS5; LINC00161; NCRNA00161,sobreviveu,,
Q4_Cauda_Longa,17114284,554226,ANKRD30BL; ANKRD30BP3; NCRNA00164,descarte_a_fora_abstract,,
Q4_Cauda_Longa,32572918,101101772,LINC00601,sobreviveu,,
Q4_Cauda_Longa,19089165,108281111,,descarte_nao_verificavel,,
Q4_Cauda_Longa,7798271,507,ATP5BL1; ATP5BP1; ATP5F1BP1; ATPMBL1; ATPSBL1,descarte_a_fora_abstract,,
Q4_Cauda_Longa,14871852,404663,CT49; LINC01194; TAG,descarte_b_no_abstract,TAG,"ivity to melanoma.   Multiple isoforms (TAG-1, TAG-2a, TAG-2b, and TAG-2c) of a nov"
Q4_Cauda_Longa,32392798,100506779,BZRAP1-AS1; TSPOAP1-AS1,descarte_b_no_abstract,TSPOAP1-AS1,Hypermethylation of the TSPOAP1-AS1 Promoter May Be Associated with Obesity
Q4_Cauda_Longa,19915186,120126,UBTFL2,descarte_a_fora_abstract,,
Q4_Cauda_Longa,32969152,119545628,RENO1,descarte_b_no_abstract,RENO1,nt in mouse embryonic stem cells by the Reno1/Bahcc1 locus.   Mammalian genomes encod
Q4_Cauda_Longa,17098703,171559,HMGA1L2; HMGA1P2; HMGIYL2,sobreviveu,,
Q4_Cauda_Longa,37545364,100287559,ADPGK-AS1,sobreviveu,,
Q4_Cauda_Longa,23926254,100507003,GFY; Goofy,descarte_b_no_abstract,Goofy,Goofy coordinates the acuity of olfactory sig
Q4_Cauda_Longa,35127520,124905036,HEPFAL; KB-68A7.1; LINC03038,descarte_b_no_abstract,KB-68A7.1,KB-68A7.1 Inhibits Hepatocellular Carcinoma Devel
Q4_Cauda_Longa,1740338,4182,CD46P; CD46P1; MCPL,descarte_a_fora_abstract,,
Q4_Cauda_Longa,9524820,50612,CXCL1P; CXCL1P1; GRO1P; GROP; MGSAP; SCYB1P,descarte_a_fora_abstract,,
Q4_Cauda_Longa,2969697,2231,ADXP1; FDX1P1; FDXP1,descarte_a_fora_abstract,,
Q4_Cauda_Longa,30177389,100616240,MIR4496; hsa-mir-4496,sobreviveu,,
Q4_Cauda_Longa,31251699,100313781,MIR718; hsa-mir-718,sobreviveu,,
Q4_Cauda_Longa,21895886,100847006,MIR5571; hsa-mir-5571,descarte_a_fora_abstract,,
Q4_Cauda_Longa,34925460,125177376,AC093797.1; RP11-301L8.2; SORBS2-AS1,descarte_b_no_abstract,AC093797.1,AC093797.1 as a Potential Biomarker to Indicate th
Q4_Cauda_Longa,30317552,101928931,SEMA3B-AS1,sobreviveu,,
Q4_Cauda_Longa,23583979,144360,C12orf67; FAM191B; FLJ32894; LINC00477,descarte_a_fora_abstract,,
Q4_Cauda_Longa,11340635,84366,C17orf92; PRAC; PRAC1,sobreviveu,,
Q4_Cauda_Longa,36523161,401720,FIGNL2,sobreviveu,,
Q4_Cauda_Longa,9689108,729816,DHFRP2,descarte_a_fora_abstract,,
Q4_Cauda_Longa,29101731,100422945,MIR4326; hsa-mir-4326,sobreviveu,,
Q4_Cauda_Longa,34859848,100422841,MIR3174; hsa-mir-3174,sobreviveu,,
Q4_Cauda_Longa,10441517,23574,,descarte_nao_verificavel,,
Q4_Cauda_Longa,30733230,574029,DUSP5P; DUSP5P1; FLJ34941,descarte_b_no_abstract,DUSP5P1, Metastasis by Directly Inducing lncRNA DUSP5P1 and Associates with Patient Outcomes.  
Q4_Cauda_Longa,31718630,100507086,DLG1-AS1,descarte_b_no_abstract,DLG1-AS1,Altered expression of DLG1-AS1 distinguished papillary thyroid carcino
Q4_Cauda_Longa,6276389,28947,IGKJ4,descarte_a_fora_abstract,,
Q4_Cauda_Longa,30120975,101926947,C8orf23; LINC01617; NCRNA00249; XLOC_006844,sobreviveu,,
Q4_Cauda_Longa,31702994,102465141,MIR6165; hsa-mir-6165,sobreviveu,,
Q4_Cauda_Longa,34427876,100507206,LINC00943,sobreviveu,,
Q4_Cauda_Longa,15173246,724074,,descarte_nao_verificavel,,
Q4_Cauda_Longa,30707326,100847006,MIR5571; hsa-mir-5571,descarte_a_fora_abstract,,
Q4_Cauda_Longa,11352565,260331,,descarte_nao_verificavel,,
Q4_Cauda_Longa,16488878,285888,CNPY1,descarte_b_no_abstract,CNPY1,"e report the identification of Canopy1 (Cnpy1), a novel MHB-specific, Saposin-related"
Q4_Cauda_Longa,34662402,132090437,,descarte_nao_verificavel,,
Q4_Cauda_Longa,35364057,101927167,GATA2-AS1; GATA2AS,descarte_b_no_abstract,GATA2-AS1,LncRNA GATA2-AS1 suppresses esophageal squamous cell car
Q4_Cauda_Longa,11125144,64851,,descarte_nao_verificavel,,
Q4_Cauda_Longa,33425728,105379407,AP000439.2; AP000439.3; CUPID2; LINC02747,descarte_b_no_abstract,LINC02747,Long Non-Coding RNA LINC02747 Promotes the Proliferation of Clear Cel
Q4_Cauda_Longa,15616553,728888,NPIPB11,descarte_a_fora_abstract,,
Q4_Cauda_Longa,35707591,441670,OR4M1,sobreviveu,,
Q4_Cauda_Longa,9334239,108663984,,descarte_nao_verificavel,,
Q4_Cauda_Longa,11566096,55999,NXF4,sobreviveu,,
Q4_Cauda_Longa,35399640,125177374,AF178030.2; TRPS1-AS1,descarte_b_no_abstract,AF178030.2,ed by the Interaction between TRPS1 and AF178030.2 in Triple-Negative Breast Cancer.   Pac
Q4_Cauda_Longa,22067224,100862688,ERVK-11; N8.4; c3_E,descarte_a_fora_abstract,,
Q4_Cauda_Longa,32083134,4576,LIMM; MT-TT; MTTT; trnT,descarte_a_fora_abstract,,
Q4_Cauda_Longa,9344655,144847,ESRRAP; ESRRAP1,descarte_a_fora_abstract,,
Q4_Cauda_Longa,20463046,440895,,descarte_nao_verificavel,,
Q4_Cauda_Longa,31488171,100616387,MIR3064; hsa-mir-3064,sobreviveu,,
Q4_Cauda_Longa,11932999,3341,,descarte_nao_verificavel,,
Q4_Cauda_Longa,32894549,100126303,MIR890; MIRN890; hsa-mir-890,sobreviveu,,
Q4_Cauda_Longa,32857606,693127,MIR548A3; MIRN548A3; hsa-mir-548a-3,sobreviveu,,
Q4_Cauda_Longa,35657686,148756,LINC01131; OVAAL; OVAL; RMEL2,sobreviveu,,
Q4_Cauda_Longa,34644545,641455,ACT; P704P; POTE14beta; POTEM,descarte_a_fora_abstract,,
Q4_Cauda_Longa,8938448,6395,,descarte_nao_verificavel,,
Q4_Cauda_Longa,21173776,101929380,,descarte_nao_verificavel,,
Q4_Cauda_Longa,29630094,100616189,MIR4421; hsa-mir-4421,sobreviveu,,
Q4_Cauda_Longa,41444079,100507475,IADMP; IDH1-AS1,sobreviveu,,
Q4_Cauda_Longa,11882782,1918,EEF1A1P43; EEF1A3,descarte_a_fora_abstract,,
Q4_Cauda_Longa,17114178,7954,,descarte_nao_verificavel,,
Q4_Cauda_Longa,29700843,100130988,C7orf72; SPATA48; SPMIP7,sobreviveu,,
Q4_Cauda_Longa,39197579,574463,MIR519E; MIRN519E; hsa-mir-519e,descarte_a_fora_abstract,,
Q4_Cauda_Longa,34731149,196047,EMX2-AS1; EMX2OS; NCRNA00045,sobreviveu,,
Q4_Cauda_Longa,7818533,100049076,GUSBP17,descarte_a_fora_abstract,,
Q4_Cauda_Longa,35166026,102465449,MIR6751; hsa-mir-6751,descarte_a_fora_abstract,,
Q4_Cauda_Longa,21909106,389641,LOC389641; PLACT1; TNFRSF10A-DT,descarte_b_no_abstract,LOC389641,"ility loci for exudative AMD: TNFRSF10A-LOC389641 on chromosome 8p21 (rs13278062, combine"
Q4_Cauda_Longa,25144376,101929664,HORMAD2-AS1; MTMR3-AS1; NONHSAG033653,descarte_a_fora_abstract,,
Q4_Cauda_Longa,27617395,100271698,,descarte_nao_verificavel,,
Q4_Cauda_Longa,8761437,856,CATR1,sobreviveu,,
Q4_Cauda_Longa,19851445,653639,APT; LYPLA2L; LYPLA2P1; dJ570F3.6,descarte_a_fora_abstract,,
Q4_Cauda_Longa,9837827,50975,,sobreviveu,,
Q4_Cauda_Longa,38880921,90204,C20orf162; ZSWIM1; dJ337O18.5,sobreviveu,,
Q4_Cauda_Longa,24594601,103021164,CARLo-2; CASC21; LINC01244,descarte_a_fora_abstract,,
Q4_Cauda_Longa,26467040,110599571,,descarte_nao_verificavel,,
Q4_Cauda_Longa,18282519,110740348,,descarte_nao_verificavel,,
Q4_Cauda_Longa,34076996,693199,MIR614; MIRN614; hsa-mir-614,sobreviveu,,
Q4_Cauda_Longa,27076786,101926975,,sobreviveu,,
Q4_Cauda_Longa,27434588,111082987,BGas; CFTR-AS1,sobreviveu,,
Q4_Cauda_Longa,34777698,100616234,MIR4454; hsa-mir-4454,sobreviveu,,
Q4_Cauda_Longa,12923069,127481,S100A7L3; S100A7P1; s100a7d,descarte_a_fora_abstract,,
Q4_Cauda_Longa,38017487,101929328,KCNMA1-AS1,sobreviveu,,
Q4_Cauda_Longa,22258142,100861504,LINC00538; PROX1UT; Yiya,sobreviveu,,
Q4_Cauda_Longa,2883200,1157,CKBP1,descarte_a_fora_abstract,,
Q4_Cauda_Longa,2559024,485,ATP1B1P1; ATP1BL1,sobreviveu,,
Q4_Cauda_Longa,15689435,100996465,L1CAM-AS1; LCA10,descarte_a_fora_abstract,,
Q4_Cauda_Longa,32188348,221241,C18orf20; HsT1235; LINC00305; MGC39571; NCRNA00305,sobreviveu,,
Q4_Cauda_Longa,28102759,109729182,DM1-AS,descarte_b_no_abstract,DM1-AS,ic significance of this antisense gene (DM1-AS) are largely unknown. Via a combinatori
Q4_Cauda_Longa,7635484,6466,SHC1P2; SHCL1,descarte_a_fora_abstract,,
Q4_Cauda_Longa,14602913,692235,SNORD103B; U103B,descarte_a_fora_abstract,,
Q4_Cauda_Longa,34931960,100616211,MIR4709; hsa-mir-4709,descarte_a_fora_abstract,,
Q4_Cauda_Longa,31582214,103352670,LINC01419; PRLH1; TCONS_00014497,sobreviveu,,
Q4_Cauda_Longa,34378327,104326057,AC096655.1-002; GACAT1; LINC00876,sobreviveu,,
Q4_Cauda_Longa,33504453,147664,ENVV1; ERVV-1; FLJ32214; HERV-V1,sobreviveu,,
Q4_Cauda_Longa,32046432,100422876,MIR3148; hsa-mir-3148,sobreviveu,,
Q4_Cauda_Longa,35116115,105375674,LINC03044; Lnc524369,descarte_b_no_abstract,Lnc524369,Lnc524369 promotes hepatocellular carcinoma progr
Q4_Cauda_Longa,30341249,100885798,LINC00210; NCRNA00210; RP11-72L13.1,sobreviveu,,
Q4_Cauda_Longa,30670568,693135,MIR551A; MIRN551A; hsa-mir-551a,sobreviveu,,
Q4_Cauda_Longa,14639526,100996259,FAM106B,descarte_a_fora_abstract,,
Q4_Cauda_Longa,25294924,104502417,MGAT3-AS1; TapSAKI,sobreviveu,,
Q4_Cauda_Longa,33509226,100302209,MIR1185-2; MIRN1185-2; hsa-mir-1185-2,descarte_a_fora_abstract,,
Q4_Cauda_Longa,29507293,128598892,,descarte_nao_verificavel,,
Q4_Cauda_Longa,32841458,100885798,LINC00210; NCRNA00210; RP11-72L13.1,sobreviveu,,
Q4_Cauda_Longa,15760889,730013,ABCC6P2,descarte_a_fora_abstract,,
Q4_Cauda_Longa,12809671,2973,,descarte_nao_verificavel,,
Q4_Cauda_Longa,17110384,283093,OR4C12,descarte_a_fora_abstract,,
Q4_Cauda_Longa,21408207,81328,OR4A15,descarte_a_fora_abstract,,
Q4_Cauda_Longa,20301693,4575,MT-TS2; MTTS2; RP8; TRNS2,descarte_b_no_abstract,MT-TS2,"i>, <i>MT-TP</i>, <i>MT-TS1</i>, and <i>MT-TS2</i> have also been described in a subse"
Q4_Cauda_Longa,9730612,440366,HERC2P8,descarte_a_fora_abstract,,
Q4_Cauda_Longa,20363979,108169209,,descarte_nao_verificavel,,
Q4_Cauda_Longa,30528231,102723465,ELF3-AS1; ENST00000415582; SCAT7,descarte_b_no_abstract,ELF3-AS1,The lncRNA ELF3-AS1 promotes bladder cancer progression by 
Q4_Cauda_Longa,6201125,5185,PEPE,sobreviveu,,
Q4_Cauda_Longa,26050227,101927096,CLMAT3; SPARC-AS1,descarte_b_no_abstract,CLMAT3,"NA-CLMAT1-3, were verified. High lncRNA-CLMAT3 expression strongly correlated with liv"
Q4_Cauda_Longa,34516362,104797538,KCNMB2-AS1; RP11-385J1.2,descarte_b_no_abstract,KCNMB2-AS1,Long noncoding RNA KCNMB2-AS1 promotes the development of esophageal 
Q4_Cauda_Longa,16625320,111089947,,descarte_nao_verificavel,,
Q4_Cauda_Longa,22085899,100151657,RNU7-62P; U7.62,descarte_a_fora_abstract,,
Q4_Cauda_Longa,12753399,107988038,,descarte_nao_verificavel,,
Q4_Cauda_Longa,33318505,113839520,MIR3085; hsa-mir-3085,descarte_a_fora_abstract,,
Q4_Cauda_Longa,16446976,100037266,,descarte_nao_verificavel,,
Q4_Cauda_Longa,30951563,100616241,MIR4717; hsa-mir-4717,sobreviveu,,
Q4_Cauda_Longa,37059803,26806,RNU44; SNORD44; U44,descarte_a_fora_abstract,,
Q4_Cauda_Longa,31168873,110806308,GPC3-AS1,descarte_b_no_abstract,GPC3-AS1,ELK1-activated GPC3-AS1/GPC3 axis promotes the proliferation an
Q4_Cauda_Longa,8326501,4933,,descarte_nao_verificavel,,
Q4_Cauda_Longa,36576714,100652853,LINC01023,sobreviveu,,
Q4_Cauda_Longa,18293391,100359401,,descarte_nao_verificavel,,
Q4_Cauda_Longa,20424473,27093,KCNMB2L; KCNMB3L; KCNMB3L1; KCNMB3P1; KCNMBLP,descarte_a_fora_abstract,,
Q4_Cauda_Longa,19111610,1156,,descarte_nao_verificavel,,
Q4_Cauda_Longa,1310151,26832,RNU5B; RNU5B-1; U5B1,descarte_a_fora_abstract,,
Q4_Cauda_Longa,1446828,111216290,,descarte_nao_verificavel,,
Q4_Cauda_Longa,15047173,497189,TIFAB,sobreviveu,,
Q4_Cauda_Longa,36647631,283663,LINC00926,sobreviveu,,
Q4_Cauda_Longa,9716664,390586,,descarte_nao_verificavel,,
Q4_Cauda_Longa,33237828,100506115,GCRL1; LINC01272; PELATON; SMIM25,sobreviveu,,
Q4_Cauda_Longa,1581364,390221,FOLR1P; FOLR1P1,descarte_a_fora_abstract,,
Q4_Cauda_Longa,26960425,339977,LRRC66,descarte_a_fora_abstract,,
Q4_Cauda_Longa,16141793,54580,UGT1A2P; UGT1BP,descarte_a_fora_abstract,,
Q4_Cauda_Longa,25140149,283089,WDR11-AS1; WDR11-DT,descarte_b_no_abstract,WDR11-AS1,rodegeneration. A transcript variant of WDR11-AS1 gene (rs12261764) modified the associat
Q4_Cauda_Longa,16717440,23723,,sobreviveu,,
Q4_Cauda_Longa,11087823,105980073,,descarte_nao_verificavel,,
Q4_Cauda_Longa,33015776,102466911,MIR6785; hsa-mir-6785,descarte_a_fora_abstract,,
Q4_Cauda_Longa,31870402,100874363,HOXC-AS1,sobreviveu,,
Q4_Cauda_Longa,23449627,651302,ZKSCAN8P1; ZNF192P1; ZNF389; ZNF389P; dJ265C24.4,descarte_a_fora_abstract,,
Q4_Cauda_Longa,12355400,337895,,descarte_nao_verificavel,,
Q4_Cauda_Longa,22500510,106635531,SNORA99,descarte_a_fora_abstract,,
Q4_Cauda_Longa,11343300,117190,,descarte_nao_verificavel,,
Q4_Cauda_Longa,24578380,100507392,FLI1-AS1; SENCR,sobreviveu,,
Q4_Cauda_Longa,1718857,7495,XBP1; XBP1P1; XBPP1,descarte_a_fora_abstract,,
Q4_Cauda_Longa,35163581,100996732,LINC02802,descarte_b_no_abstract,LINC02802,Long Non-Coding RNA LINC02802 Regulates In Vitro Sprouting Angiogenes
Q4_Cauda_Longa,31722199,391769,H3.Y; H3.Y.1; H3Y1,descarte_b_no_abstract,H3.Y,DUX4-Induced Histone Variants H3.X and H3.Y Mark DUX4 Target Genes for Expression. 
Q4_Cauda_Longa,26527144,647309,GEMC1; GMNC,sobreviveu,,
Q4_Cauda_Longa,17178844,284759,PTPN1L; PTPNS1L3; SIRPB2; dJ776F14.2,descarte_a_fora_abstract,,
Q4_Cauda_Longa,34707111,100499227,THY1-AS1; USP2-AS1; gLINC,descarte_b_no_abstract,USP2-AS1,c-Myc-activated USP2-AS1 suppresses senescence and promotes tumo
Q4_Cauda_Longa,15570621,105373450,ZPAXP; ZPX1P,descarte_a_fora_abstract,,
Q4_Cauda_Longa,8005606,418,ART1P; ART2P; ARTC2AP; RT6,sobreviveu,,
Q4_Cauda_Longa,35296991,100616451,MIR4471; hsa-mir-4471,descarte_a_fora_abstract,,
Q4_Cauda_Longa,27535846,780906,,sobreviveu,,
Q4_Cauda_Longa,35196185,100500813,MIR3646; hsa-mir-3646,sobreviveu,,
Q4_Cauda_Longa,2788608,281,AMY2P; AMYP1,sobreviveu,,
Q4_Cauda_Longa,26360614,100033411,DUXB,sobreviveu,,
Q4_Cauda_Longa,23472165,100287015,MCPH1-DT,descarte_a_fora_abstract,,
Q4_Cauda_Longa,22650316,286436,H2BFM; H2BM; H2BW2,descarte_a_fora_abstract,,
Q4_Cauda_Longa,33464477,100302136,MIR1252; MIRN1252; hsa-mir-1252,descarte_a_fora_abstract,,
Q4_Cauda_Longa,28000886,693216,MIR631; MIRN631; hsa-mir-631,sobreviveu,,
Q4_Cauda_Longa,12514748,149830,M8; PRNT,sobreviveu,,
Q4_Cauda_Longa,26158411,101927953,C5orf66-AS1; CTC-276P9.1; EPIST; Epist; XLH-36,sobreviveu,,
Q4_Cauda_Longa,20855565,135948,OR2F2; OR7-1,descarte_a_fora_abstract,,
Q4_Cauda_Longa,33135346,105375368,DDX3ILA1; TCONS_00012883,descarte_b_no_abstract,TCONS_00012883,TCONS_00012883 promotes proliferation and metastasis v
Q4_Cauda_Longa,7479755,4611,MYCL1P1; MYCL2; MYCLP1,descarte_a_fora_abstract,,
Q4_Cauda_Longa,38848293,151009,FLJ38359; LINC01106,sobreviveu,,
Q4_Cauda_Longa,21261979,388996,OTOP1P1,descarte_a_fora_abstract,,
Q4_Cauda_Longa,37840133,100505692,FTO-IT1,sobreviveu,,
Q4_Cauda_Longa,30617187,100505666,DCST1-AS1; RP11-307C12.11,descarte_b_no_abstract,DCST1-AS1,LncRNA DCST1-AS1 functions as a competing endogenous RNA
Q4_Cauda_Longa,10728827,11223,D1F15S1A; MSPL-7; MSPL7; MST1L; MST1P; MST1P7; MSTP7; MSTP9,sobreviveu,,
Q4_Cauda_Longa,19077264,105373381,ECMXP,descarte_a_fora_abstract,,
Q4_Cauda_Longa,26487511,100526739,APITD1-CORT; CENPS-CORT,descarte_a_fora_abstract,,
Q4_Cauda_Longa,12935778,246750,,sobreviveu,,
Q4_Cauda_Longa,25303483,101928337,PTCSC2,sobreviveu,,
Q4_Cauda_Longa,8307579,2942,GSTA6P; GSTAP1,descarte_a_fora_abstract,,
Q4_Cauda_Longa,26595768,112590798,,sobreviveu,,
Q4_Cauda_Longa,34732716,79919,C2orf54; FLJ22671; MAB21L4,descarte_a_fora_abstract,,
Q4_Cauda_Longa,33393726,101928687,A-ROD; LINC01468; LNCAROD; lnc-MBL2-4,descarte_b_no_abstract,LNCAROD, Polymorphism and the Intergenic Region LNCAROD/DKK1 With Behcet's Disease.   OBJECTIVE
Q4_Cauda_Longa,24324551,286059,DR5-AS; TNFRSF10B-AS1,descarte_a_fora_abstract,,
Q4_Cauda_Longa,40068798,389158,PLSCR5,sobreviveu,,
Q4_Cauda_Longa,15302935,90233,DKFZp686H1038; ZNF551,descarte_a_fora_abstract,,
Q4_Cauda_Longa,21768215,101928231,CT69,descarte_a_fora_abstract,,
Q4_Cauda_Longa,21326906,113664107,,descarte_nao_verificavel,,
Q4_Cauda_Longa,3133445,28395,IGHV4-34,descarte_a_fora_abstract,,
Q4_Cauda_Longa,7759099,5088,PBX2; PBX2P1; PBXP1,descarte_b_no_abstract,PBX2,"jor histocompatibility complex, encodes PBX2, a homeodomain-containing protein.   Re"
Q4_Cauda_Longa,29593321,102724571,GUARDIN; LINC01759; LNCTAM34A; TP53LC18,descarte_a_fora_abstract,,
Q4_Cauda_Longa,22581228,100861550,HI-LNC71; PDX1-AS1; PLUT; PLUTO,descarte_a_fora_abstract,,
Q4_Cauda_Longa,28415780,101978785,PCAT14,sobreviveu,,
Q4_Cauda_Longa,36118523,100499466,CALA; LINC00674,sobreviveu,,
Q4_Cauda_Longa,19182517,107080552,,descarte_nao_verificavel,,
Q4_Cauda_Longa,7539809,6085,RNY3; hY3,descarte_a_fora_abstract,,
Q4_Cauda_Longa,34935307,338758,ATP2B1-AS1; LINC00936,descarte_b_no_abstract,ATP2B1-AS1,Long non-coding ribonucleic acid ATP2B1-AS1 modulates endothelial permeability thro
Q4_Cauda_Longa,31138789,90827,KR19; ZNF479,sobreviveu,,
Q4_Cauda_Longa,36190397,100302196,MIR1234; MIRN1234; hsa-mir-1234,sobreviveu,,
Q4_Cauda_Longa,32980991,100505495,LINC01190; LOC100505495; PCAT19,sobreviveu,,
Q4_Cauda_Longa,26856702,110121290,,descarte_nao_verificavel,,
Q4_Cauda_Longa,35050429,100616293,MIR4510; hsa-mir-4510,sobreviveu,,
Q4_Cauda_Longa,31504670,735301,DKFZp686N06141; NCRNA00062; SNHG9,sobreviveu,,
Q4_Cauda_Longa,22934245,106728414,,sobreviveu,,
Q4_Cauda_Longa,7085778,100529141,LGTN,sobreviveu,,
Q4_Cauda_Longa,33089970,728190,FAM22A-AS1; NUTM2A-AS1,descarte_b_no_abstract,NUTM2A-AS1,LncRNA NUTM2A-AS1 positively modulates TET1 and HIF-1A to
Q4_Cauda_Longa,32468015,117981787,MAP3K4-AS1,descarte_a_fora_abstract,,
Q4_Cauda_Longa,27517498,115891964,MIR223HG; linc-223,sobreviveu,,
Q4_Cauda_Longa,15452352,493862,,descarte_nao_verificavel,,
Q4_Cauda_Longa,30657560,693195,MIR610; MIRN610; hsa-mir-610,sobreviveu,,
Q4_Cauda_Longa,16701883,108251801,,descarte_nao_verificavel,,
Q4_Cauda_Longa,21206914,102725023,,descarte_nao_verificavel,,
Q4_Cauda_Longa,23034410,102465695,MIR7160; hsa-mir-7160,descarte_a_fora_abstract,,
Q4_Cauda_Longa,17668008,107275224,,descarte_nao_verificavel,,
Q4_Cauda_Longa,20494980,114041,B3GALT5-AS1; C21orf88,descarte_a_fora_abstract,,
Q4_Cauda_Longa,35064892,100506599,PPP1R26-AS1,descarte_b_no_abstract,PPP1R26-AS1,Clinical Potential of lncRNA PPP1R26-AS1 in Breast Cancer and Its Contribution t
Q4_Cauda_Longa,8838795,391013,PLA2G2C; UBXN10-AS1,sobreviveu,,
Q4_Cauda_Longa,20942798,109286556,,descarte_nao_verificavel,,
Q4_Cauda_Longa,33578848,122867,COX4I1P1; COX4L1; COX4P1,descarte_a_fora_abstract,,
Q4_Cauda_Longa,21280222,100131294,,descarte_nao_verificavel,,
Q4_Cauda_Longa,36338996,128193290,AC093001.1; TM4SF18-AS1,descarte_a_fora_abstract,,
Q4_Cauda_Longa,22267201,102723403,,descarte_nao_verificavel,,
Q4_Cauda_Longa,1937579,3128,HLA-DRB6,descarte_a_fora_abstract,,
Q4_Cauda_Longa,39433793,101929549,GALNT8-DT; GAU1,descarte_b_no_abstract,GAU1,Peptidylprolyl isomerase A guides SENP5/GAU1 DNA-lncRNA triplex generation for drivi
Q4_Cauda_Longa,8661144,729944,ZNF75C; ZNF75CP,sobreviveu,,
Q4_Cauda_Longa,24488769,101929329,LAMP5-AS1,descarte_a_fora_abstract,,
Q4_Cauda_Longa,23166209,101928596,,descarte_nao_verificavel,,
Q4_Cauda_Longa,17416744,100302114,MIR513C; MIRN513C; hsa-mir-513c,descarte_a_fora_abstract,,
Q4_Cauda_Longa,19204726,728450,C20orf61; LINC00687; dJ1012F16.1,descarte_a_fora_abstract,,
Q4_Cauda_Longa,31983094,101927034,ROR1-AS1,descarte_b_no_abstract,ROR1-AS1,Long noncoding RNA ROR1-AS1 enhances lung adenocarcinoma metastasis
Q4_Cauda_Longa,8586424,27002,LIS2P; PAFAH1B1P2; PAFAH1P2,sobreviveu,,
Q4_Cauda_Longa,7642109,140623,FAU1P; FAUP1,sobreviveu,,
Q4_Cauda_Longa,18093280,57824,HB-1; HB-1Y; HMHB1,sobreviveu,,
Q4_Cauda_Longa,6775818,28947,IGKJ4,descarte_a_fora_abstract,,
Q4_Cauda_Longa,36242728,728190,FAM22A-AS1; NUTM2A-AS1,descarte_b_no_abstract,NUTM2A-AS1,LncRNA NUTM2A-AS1 aggravates the progression of hepatocel
Q4_Cauda_Longa,36577835,101928820,LINC02535,descarte_b_no_abstract,LINC02535,LncRNA LINC02535 Induces Colorectal Adenocarcinoma Progr
Q4_Cauda_Longa,19486942,646300,COL6A4; COL6A4P2,descarte_b_no_abstract,COL6A4,some 3p24.3 is the 5' part of the split COL6A4 gene.   In a recent study the DVWA gene
Q4_Cauda_Longa,34914965,401472,GASAL1; GASL1,descarte_b_no_abstract,GASAL1,LncRNA GASAL1 promotes hepatocellular carcinoma progr
Q4_Cauda_Longa,17943142,317782,,descarte_nao_verificavel,,
Q4_Cauda_Longa,28334377,345193,CSNB1F; FIGLER4; FLJ44691; LRIT3,sobreviveu,,
Q4_Cauda_Longa,33818282,100616494,MIR1269B; hsa-mir-1269b,sobreviveu,,
Q4_Cauda_Longa,29855537,112840934,NGF-AS1; RP4-663N10.1,descarte_b_no_abstract,RP4-663N10.1," = 1.1 x 10-19) and was associated with RP4-663N10.1 expression, a putative lncRNA enhancer "
Q4_Cauda_Longa,41184298,136288,C7orf57; FCAP33,descarte_a_fora_abstract,,
Q4_Cauda_Longa,10631146,27038,,descarte_nao_verificavel,,
Q4_Cauda_Longa,35748872,90113,DKFZp761K032; LOC90113; VWA5B2,descarte_a_fora_abstract,,
Q4_Cauda_Longa,25144775,7693,ZNF134; pHZ-15,sobreviveu,,
Q4_Cauda_Longa,28422318,342908,ZNF404,sobreviveu,,
Q4_Cauda_Longa,12690205,285941,C7orf71; LINC02860,descarte_a_fora_abstract,,
Q4_Cauda_Longa,10444326,11147,ANKRD13C-DT; HHLA3,sobreviveu,,
Q4_Cauda_Longa,34500373,102465525,MIR6870; hsa-mir-6870,descarte_a_fora_abstract,,
Q4_Cauda_Longa,9724777,203569,CT16.4; GAGEC2; MGC62094; PAGE-2; PAGE2,descarte_a_fora_abstract,,
Q4_Cauda_Longa,36217030,113230,MISP3,descarte_a_fora_abstract,,
Q4_Cauda_Longa,36806387,100996570,NFIA-AS2,sobreviveu,,
Q4_Cauda_Longa,20944657,90768,TENM3-AS1; TENM3-AS2,descarte_a_fora_abstract,,
Q4_Cauda_Longa,6672765,3844,KRAS1P; KRASP1,sobreviveu,,
Q4_Cauda_Longa,29757368,283875,G029442; GREP1; LINC00514,sobreviveu,,
Q4_Cauda_Longa,12133958,28392,IGHV4-59,descarte_a_fora_abstract,,
Q4_Cauda_Longa,34445801,100113381,SNORD19B,descarte_a_fora_abstract,,
Q4_Cauda_Longa,9122200,127898564,,descarte_nao_verificavel,,
Q4_Cauda_Longa,36267809,102465487,MIR6812; hsa-mir-6812,sobreviveu,,
Q4_Cauda_Longa,37694278,102465486,MIR6811; hsa-mir-6811,descarte_a_fora_abstract,,
Q4_Cauda_Longa,37248547,220906,WAC-AS1,sobreviveu,,
Q4_Cauda_Longa,20889312,100528017,SAA2-SAA4,descarte_a_fora_abstract,,
Q4_Cauda_Longa,32811869,645212,EIF3J-AS1; EIF3J-DT,sobreviveu,,
Q4_Cauda_Longa,20691427,80831,APOL5; APOLV,descarte_a_fora_abstract,,
Q4_Cauda_Longa,26740941,107275223,,descarte_nao_verificavel,,
Q4_Cauda_Longa,20532037,100500801,MIR3659; hsa-mir-3659,descarte_a_fora_abstract,,
Q4_Cauda_Longa,15175115,5003,BWR1B; BWSCR1B; ORCTL2S; SLC22A18-AS1; SLC22A18AS; SLC22A1LS; SLC67A1-AS; p27-BWR1B,sobreviveu,,
Q4_Cauda_Longa,1988024,7451,F8VWFL; F8VWFP; VWFP; VWFP1,descarte_b_no_abstract,von Willebrand factor pseudogene,omosome 22q11-13. The structures of the von Willebrand factor pseudogene and corresponding segment of the gene w
Q4_Cauda_Longa,28701355,100616438,MIR4632; hsa-mir-4632,sobreviveu,,
Q4_Cauda_Longa,12957386,117307478,,descarte_nao_verificavel,,
Q4_Cauda_Longa,38136338,100131138,LINC01405; MASCC1; RP1-46F2.2; VHRT,descarte_b_no_abstract,MASCC1,A Novel LncRNA MASCC1 Regulates the Progression and Metastasi
Q4_Cauda_Longa,32279128,100422840,MIR4317; hsa-mir-4317,sobreviveu,,
Q4_Cauda_Longa,31298313,100132159,CALML3-AS1,descarte_b_no_abstract,CALML3-AS1,Upregulation of lncRNA CALML3-AS1 promotes cell proliferation and metasta
Q4_Cauda_Longa,20357257,390667,C16orf38; PTX4,sobreviveu,,
Q4_Cauda_Longa,28087599,100188953,LINC00092; NCRNA00092; bA346B7.1,sobreviveu,,
Q4_Cauda_Longa,34508303,283050,ZMIZ1-AS1,descarte_b_no_abstract,ZMIZ1-AS1,Long non-coding RNA ZMIZ1-AS1 promotes osteosarcoma progression by st
Q4_Cauda_Longa,28184924,100126321,MIR922; MIRN922; hsa-mir-922,sobreviveu,,
Q4_Cauda_Longa,18604220,101054525,AT1; AT2; AT3; PGR-AS1,descarte_a_fora_abstract,,
Q4_Cauda_Longa,1386335,897,CCND3P; CCND3P1,descarte_a_fora_abstract,,
Q4_Cauda_Longa,16303764,497231,,sobreviveu,,
Q4_Cauda_Longa,24886442,103344928,KIAA1614-AS1; RP11-46A10.4,sobreviveu,,
Q4_Cauda_Longa,30448060,727701,AP001505.9; C21orf135; LINC00165; NCRNA00165; NLC1-B,sobreviveu,,
Q4_Cauda_Longa,3031613,440926,H3F3AP4; H3P6; p13,descarte_a_fora_abstract,,
Q4_Cauda_Longa,7633418,7885,,descarte_nao_verificavel,,
Q4_Cauda_Longa,31601776,619351,C8orf75; LINC00589; TSLNC8,descarte_b_no_abstract,TSLNC8,sive Role of lncRNA on Chromosome 8p12 (TSLNC8) Inhibits Tumor Metastasis and Promotes
Q4_Cauda_Longa,10417283,120766137,HRURF; U2HR,descarte_a_fora_abstract,,
Q4_Cauda_Longa,1424230,1913,,descarte_nao_verificavel,,
Q4_Cauda_Longa,33299853,100422986,MIR3125; hsa-mir-3125,sobreviveu,,
Q4_Cauda_Longa,33509158,128266844,AL929472.2; INPP5B-AS1,descarte_b_no_abstract,AL929472.2,"lncRNAs such as AC007032.1, AC037198.2, AL929472.2, and SLED1 were highly co-expressed wit"
Q4_Cauda_Longa,16216074,2761,GM2AP; GM2AP1,descarte_b_no_abstract,GM2AP,lase activity.   GM2-activator protein (GM2AP) is a lysosomal lipid transfer protein 
Q4_Cauda_Longa,20975707,100130009,HMGA1-p; HMGA1P8,sobreviveu,,
Q4_Cauda_Longa,32066912,100616409,MIR4711; hsa-mir-4711,descarte_a_fora_abstract,,
Q4_Cauda_Longa,40783783,111082994,CTD-2316B1; LINC02488; MYRACL; uc.163,descarte_b_no_abstract,MYRACL,The LncRNA MYRACL Regulates Human Oligodendrocyte Maturat
Q4_Cauda_Longa,15197164,101928611,LINC01413,descarte_a_fora_abstract,,
Q4_Cauda_Longa,11369687,252842,,sobreviveu,,
Q4_Cauda_Longa,4033658,200575,CCL; CRYG5; CRYGEP; CRYGEP1; G2,descarte_a_fora_abstract,,
Q4_Cauda_Longa,22993228,101929352,LINC02664,descarte_a_fora_abstract,,
Q4_Cauda_Longa,32537885,100616245,MIR4661; hsa-mir-4661,sobreviveu,,
Q4_Cauda_Longa,19658160,126123,C19orf41; IZUMO2; MGC33947; SCRL,sobreviveu,,
Q4_Cauda_Longa,20723759,100151642,ATG12P; ATG12P1,descarte_a_fora_abstract,,
Q4_Cauda_Longa,24337577,401036,ASB18,descarte_a_fora_abstract,,
Q4_Cauda_Longa,21757650,221416,C6orf223; LINC03040; MGC45491,descarte_a_fora_abstract,,
Q4_Cauda_Longa,2451124,400578,KRT16P2,descarte_a_fora_abstract,,
Q4_Cauda_Longa,1831224,938,CD24L4; CD24P4; lnc-HSFY2-10:1,descarte_a_fora_abstract,,
Q4_Cauda_Longa,38933868,137805487,,descarte_nao_verificavel,,
Q4_Cauda_Longa,20802447,2112,,sobreviveu,,
Q4_Cauda_Longa,36602957,100188954,DNMBP-AS1; FLJ40792; NCRNA00093; bA287G8.2,sobreviveu,,
Q4_Cauda_Longa,24068947,100507472,,descarte_nao_verificavel,,
Q4_Cauda_Longa,35996500,100505812,AC008392.1; CARD8-AS1; LOC100505812,descarte_b_no_abstract,CARD8-AS1,Identification of LncRNA CARD8-AS1 as a Potential Prognostic Biomarker Ass
Q4_Cauda_Longa,26694250,101929983,PRAMEF27,descarte_a_fora_abstract,,
Q4_Cauda_Longa,30612741,116268454,,descarte_nao_verificavel,,
Q4_Cauda_Longa,26505675,414328,C9orf103; IDNK; bA522I20.2; hGntK,descarte_a_fora_abstract,,
Q4_Cauda_Longa,34362795,100288077,WTAPP1,sobreviveu,,
Q4_Cauda_Longa,35905044,4523,MTHFD1P1; MTHFDL1; MTHFDP1,sobreviveu,,
Q4_Cauda_Longa,36335471,100506411,MAP3K9-DT; lincNMR,descarte_b_no_abstract,MAP3K9-DT,"etabolism regulator, also identified as MAP3K9-DT) was induced by TGF-beta in various cel"
Q4_Cauda_Longa,19525953,285830,HLA-F-AS1,descarte_a_fora_abstract,,
Q4_Cauda_Longa,19359275,728410,DUX4L2,descarte_a_fora_abstract,,
Q4_Cauda_Longa,21252223,375757,C9orf119; SAE3; SWI5; bA395P17.9,sobreviveu,,
Q4_Cauda_Longa,33756228,338758,ATP2B1-AS1; LINC00936,sobreviveu,,
Q4_Cauda_Longa,10332034,440253,WHAMML2; WHAMMP2; WHDC1L2,descarte_a_fora_abstract,,
Q4_Cauda_Longa,31215650,115409987,AC073284.4; LINC02862,descarte_b_no_abstract,AC073284.4,Long noncoding RNA AC073284.4 suppresses epithelial-mesenchymal trans
Q4_Cauda_Longa,2115572,28829,IGLJ5,descarte_a_fora_abstract,,
Q4_Cauda_Longa,37690472,132591089,ALDOC-AS1,descarte_b_no_abstract,lncRNA 585189,Inhibition of the lncRNA 585189 prevents podocyte injury and mitochondr
Q4_Cauda_Longa,20855956,153770,PLAC8L1,descarte_a_fora_abstract,,
Q4_Cauda_Longa,281540,8105,,descarte_nao_verificavel,,
Q4_Cauda_Longa,31736153,101927193,CHL1-AS1,sobreviveu,,
Q4_Cauda_Longa,24898979,100846993,MIR5009; hsa-mir-5009,descarte_a_fora_abstract,,
Q4_Cauda_Longa,9758624,50966,,descarte_nao_verificavel,,
Q4_Cauda_Longa,29270239,147947,DKFZp686B2197; ZNF542; ZNF542P,sobreviveu,,
Q4_Cauda_Longa,6608795,281,AMY2P; AMYP1,descarte_a_fora_abstract,,
Q4_Cauda_Longa,37258679,202500,D6S46; DRC5; FAP155; MGC33600; TCTE1,descarte_a_fora_abstract,,
Q4_Cauda_Longa,36527092,101927777,SATB1-AS1; uc.113; uc.114,descarte_a_fora_abstract,,
Q4_Cauda_Longa,31137016,100616368,MIR4688; hsa-mir-4688,sobreviveu,,
Q4_Cauda_Longa,19752191,100310785,,sobreviveu,,
Q4_Cauda_Longa,32298923,390205,LRRC10B,sobreviveu,,
Q4_Cauda_Longa,34224057,149047,,sobreviveu,,
Q4_Cauda_Longa,3340558,790951,TRNAS4; TRS-AGA3-1; TRS4; tRNA-Ser-AGA-3-1,descarte_a_fora_abstract,,
Q4_Cauda_Longa,23263164,107126360,AOH1; AOX3P,sobreviveu,,
Q4_Cauda_Longa,28767188,84931,FLJ14816; LINC01101,sobreviveu,,
Q4_Cauda_Longa,37597476,124906046,AC103563.8; MAL-AS1,descarte_b_no_abstract,AC103563.8,ate the role of the long non-coding RNA-AC103563.8 (lncRNA) in promoting oral squamous cel
Q4_Cauda_Longa,24709545,347487,CXorf66; RP11-35F15.2; SGPX,sobreviveu,,
Q4_Cauda_Longa,3856276,3129,HLA-DRB7,descarte_a_fora_abstract,,
Q4_Cauda_Longa,3840162,646362,FTH1P13; FTHL13; FTHP3,descarte_a_fora_abstract,,
Q4_Cauda_Longa,23650840,62,ACTBP2,descarte_a_fora_abstract,,
Q4_Cauda_Longa,15474306,160824,SP3P,descarte_a_fora_abstract,,
Q4_Cauda_Longa,29656893,112441434,AC008560.1; CTC-534A2.2; FLJ26957; RINN1; SHLD3,sobreviveu,,
Q4_Cauda_Longa,39080630,100616366,MIR4743; hsa-mir-4743,descarte_b_no_abstract,hsa-mir-4743," stage, overexpression of hsa-miR-4505, hsa-miR-4743-5p, hsa-miR-6846-5p, and down-regulatio"
Q4_Cauda_Longa,11220620,731716,PRKRAP1,descarte_a_fora_abstract,,
Q4_Cauda_Longa,23966204,100533464,,descarte_nao_verificavel,,
Q4_Cauda_Longa,36457025,102723465,ELF3-AS1; ENST00000415582; SCAT7,descarte_b_no_abstract,ELF3-AS1,LncRNA ELF3-AS1 inhibits gastric cancer by forming a ne
Q4_Cauda_Longa,32125767,100616420,MIR4744; hsa-mir-4744,sobreviveu,,
Q4_Cauda_Longa,35711945,123706506,AC011511.5; ICAM4-AS1; ICR; LncRNA-ECM,descarte_b_no_abstract,AC011511.5,Identification of a lncRNA AC011511.5- Mediated Competitive Endogenous RNA Ne
Q4_Cauda_Longa,24393131,134466,ZNF300P1,sobreviveu,,
Q4_Cauda_Longa,33634971,100874268,E2F3-IT1; RBAT1,descarte_b_no_abstract,E2F3-IT1,etwork analysis identifies novel lncRNA E2F3-IT1 for rheumatoid arthritis.   
Q4_Cauda_Longa,16083424,100996435,CA15P1,descarte_a_fora_abstract,,
Q4_Cauda_Longa,28405738,100422851,MIR4316; hsa-mir-4316,sobreviveu,,
Q4_Cauda_Longa,15671291,619404,,descarte_nao_verificavel,,
Q4_Cauda_Longa,32211330,117134601,IRF2-DT,descarte_a_fora_abstract,,
Q4_Cauda_Longa,21307942,100533182,1/2-SBSRNA4; SEC24B-AS1,descarte_a_fora_abstract,,
Q4_Cauda_Longa,31363184,390748,PABPN1L; ePABP2,descarte_b_no_abstract,PABPN1L,"ng protein nuclear 1 like, cytoplasmic (PABPN1L) showed suggestive significance in the "
Q4_Cauda_Longa,24133439,100505761,C10orf95-AS1; RPARP-AS1,descarte_a_fora_abstract,,
Q4_Cauda_Longa,9152839,109580097,,descarte_nao_verificavel,,
Q4_Cauda_Longa,11743521,1714,CATCH22; DGCR,descarte_a_fora_abstract,,
Q4_Cauda_Longa,20194426,338391,H2BP2; HIST2H2BB,descarte_a_fora_abstract,,
Q4_Cauda_Longa,2682663,603,,descarte_nao_verificavel,,
Q4_Cauda_Longa,23677057,101927078,KCNN2-AS1,descarte_a_fora_abstract,,
Q4_Cauda_Longa,20375350,100286963,DEFB109C,descarte_a_fora_abstract,,
Q4_Cauda_Longa,25653177,642597,AKAIN1; C18orf42,sobreviveu,,
Q4_Cauda_Longa,29422543,120766137,HRURF; U2HR,descarte_a_fora_abstract,,
Q4_Cauda_Longa,35267457,100996569,NAMA; STX17-AS1; STX17-DT,descarte_a_fora_abstract,,
Q4_Cauda_Longa,1327965,319098,COX7A2P1; COX7A3P; COX7AP1,descarte_a_fora_abstract,,
Q4_Cauda_Longa,38587325,284751,LINC01270,sobreviveu,,
Q4_Cauda_Longa,32094911,129663029,,descarte_nao_verificavel,,
Q4_Cauda_Longa,10329000,64433,C7orf4; LINC00244; NCRNA00244,sobreviveu,,
Q4_Cauda_Longa,33150676,284757,C20orf197; LINC02910; MIR646HG,descarte_a_fora_abstract,,
Q4_Cauda_Longa,6186397,109616983,RNU3P2; SNORD3F; SNORD3P2; U3; U3.2,descarte_b_no_abstract,U3,Pseudogenes for human small nuclear RNA U3 appear to arise by integration of self-
Q4_Cauda_Longa,10048485,23366,KIAA0895; MATCAP2; TMCP2,descarte_a_fora_abstract,,
Q4_Cauda_Longa,9325057,5280,PIGCP1,sobreviveu,,
Q4_Cauda_Longa,21912690,340900,EBLN1,sobreviveu,,
Q4_Cauda_Longa,8185623,2942,GSTA6P; GSTAP1,descarte_a_fora_abstract,,
Q4_Cauda_Longa,20512923,377047,PRSS45; PRSS45P; TESPL; TESSP5,descarte_b_no_abstract,TESPL,nteracting serine protease-like protein TESPL in mouse testis.   We identified a test
Q4_Cauda_Longa,20697350,326594,MORF4L1P2; MORF4LP2,descarte_a_fora_abstract,,
Q4_Cauda_Longa,38221658,100462981,MTRNR2L2,sobreviveu,,
Q4_Cauda_Longa,30244253,100616389,MIR4463; hsa-mir-4463,sobreviveu,,
Q4_Cauda_Longa,28695742,100529097,RPL36A-HNRNPH2,descarte_a_fora_abstract,,
Q4_Cauda_Longa,35137449,550112,LOC550112; UBA6-AS1; UBA6-DT,sobreviveu,,
Q4_Cauda_Longa,28388653,389432,SAMD5; dJ875H10.1,sobreviveu,,
Q4_Cauda_Longa,33391355,105369549,AP001007.1; PKNOX2-AS1,descarte_b_no_abstract,AP001007.1,"sens. Five immune gene-related lncRNAs (AP001007.1, LBX-AS1, MIR155HG, MAPT-AS1, and LINC0"
Q4_Cauda_Longa,30539011,100616170,MIR4739; hsa-mir-4739,sobreviveu,,
Q4_Cauda_Longa,22078386,100506897,DAPK1-IT1,descarte_a_fora_abstract,,
Q4_Cauda_Longa,11376937,170688,NUDT4P2,descarte_a_fora_abstract,,
Q4_Cauda_Longa,26600424,25854,DKFZP564J102; FAM149A; MST119; MSTP119,sobreviveu,,
Q4_Cauda_Longa,24388749,104326055,APOA1-AS,descarte_b_no_abstract,APOA1-AS,"noncoding natural antisense transcript, APOA1-AS, which acts as a negative transcription"
Q4_Cauda_Longa,38781195,102466270,MIR6741; hsa-mir-6741,descarte_a_fora_abstract,,
Q4_Cauda_Longa,12488959,442338,IRS3L; IRS3P,sobreviveu,,
Q4_Cauda_Longa,6261953,7212,TRM1; TRMI1; TRNAM2; TRNAMI1; TRX-CAT2-1; tRNA-iMet-CAT-2-1,descarte_a_fora_abstract,,
Q4_Cauda_Longa,41309966,401463,BHLHE22-AS1; uc.240,descarte_a_fora_abstract,,
Q4_Cauda_Longa,20607803,111162620,,descarte_nao_verificavel,,
Q4_Cauda_Longa,25036637,100131997,FAM27E3; MGC42630,descarte_a_fora_abstract,,
Q4_Cauda_Longa,17672825,81993,COX17P; COX17P1,descarte_a_fora_abstract,,
Q4_Cauda_Longa,31492481,693211,MIR626; MIRN626; hsa-mir-626,sobreviveu,,
Q4_Cauda_Longa,24216476,100313772,MIR548M; MIRN548M; hsa-mir-548m,descarte_a_fora_abstract,,
Q4_Cauda_Longa,4215080,100290481,,descarte_nao_verificavel,,
Q4_Cauda_Longa,32196587,400456,LETR1; LINC01197,sobreviveu,,
Q4_Cauda_Longa,32127022,100422864,MIR544B; hsa-mir-544b,descarte_a_fora_abstract,,
Q4_Cauda_Longa,8872162,28568,TCRBV17S1A1T; TCRBV19S1; TRBV19,descarte_a_fora_abstract,,
Q4_Cauda_Longa,35011680,284546,C1orf185; FLJ27485,sobreviveu,,
Q4_Cauda_Longa,30874550,9597,DAMS; SMAD5-AS1; SMAD5OS,descarte_b_no_abstract,SMAD5-AS1,Lnc SMAD5-AS1 as ceRNA inhibit proliferation of diffu
Q4_Cauda_Longa,35605650,440508,CLEC4GP1,sobreviveu,,
Q4_Cauda_Longa,25411163,100506444,,descarte_nao_verificavel,,
Q4_Cauda_Longa,36346578,100506436,SPAG5-AS1,descarte_b_no_abstract,SPAG5-AS1,Long Non-coding RNA SPAG5-AS1 Attenuates Diabetic Retinal Vascular Dy
Q4_Cauda_Longa,36284435,692214,HBII-82; SNORD111,sobreviveu,,
Q4_Cauda_Longa,37955780,100874016,LncFASA; SYNPR-AS1,descarte_b_no_abstract,LncFASA,LncFASA promotes cancer ferroptosis via modulat
Q4_Cauda_Longa,26990986,220885,LAMR1P15; LAMRL5; RPSAP15,descarte_a_fora_abstract,,
Q4_Cauda_Longa,36660950,100302148,MIR1263; MIRN1263; hsa-mir-1263,sobreviveu,,
Q4_Cauda_Longa,11821432,317751,MEST-AS1; MEST-IT1; MESTIT1; NCRNA00040,sobreviveu,,
Q4_Cauda_Longa,3103603,28809,IGLV3-1,descarte_a_fora_abstract,,
Q4_Cauda_Longa,11713263,125168,,sobreviveu,,
Q4_Cauda_Longa,3922855,28395,IGHV4-34,descarte_a_fora_abstract,,
Q4_Cauda_Longa,18602769,389633,FAM90A25P,descarte_a_fora_abstract,,
Q4_Cauda_Longa,38065939,105369635,MIR200CHG; U47924.27,descarte_b_no_abstract,MIR200CHG,LncRNA MIR200CHG inhibits EMT in gastric cancer by stabi
Q4_Cauda_Longa,28367099,125775239,LNCHR1; lncHR1,descarte_b_no_abstract,lncHR1,"entified a novel human specific lncRNA, lncHR1, as a negative regulator of SREBP-1c ex"
Q4_Cauda_Longa,26800519,100506688,LINC02982,descarte_a_fora_abstract,,
Q4_Cauda_Longa,35081869,100302219,MIR1245; MIR1245A; MIRN1245; hsa-mir-1245,sobreviveu,,
Q4_Cauda_Longa,34767727,100506994,PTPRG-AS1,sobreviveu,,
Q4_Cauda_Longa,8852668,4387,,sobreviveu,,
Q4_Cauda_Longa,32964971,100506080,HMGA1P4,sobreviveu,,
Q4_Cauda_Longa,28123636,100505771,MHENCR,descarte_b_no_abstract,MHENCR,Long noncoding RNA MHENCR promotes melanoma progression via regul
Q4_Cauda_Longa,32240638,104457406,LINC02595; Lnc-Ang362; MIR222HG,descarte_b_no_abstract,Lnc-Ang362,Lnc-Ang362 is a pro-fibrotic long non-coding RNA p
Q4_Cauda_Longa,26926603,339768,ESPNL; FLJ42568,descarte_b_no_abstract,ESPNL,". Furthermore, we show that espin-like (ESPNL), primarily present in developing stere"
Q4_Cauda_Longa,12671736,731716,PRKRAP1,descarte_a_fora_abstract,,
Q4_Cauda_Longa,40210679,26855,RNU2-2; RNU2-2P; RNU2B; U2,sobreviveu,,
Q4_Cauda_Longa,8565703,100287735,,sobreviveu,,
Q4_Cauda_Longa,17086198,106029238,,descarte_nao_verificavel,,
Q4_Cauda_Longa,9205111,171423,GRP58P; PDIA3P; PDIA3P1,sobreviveu,,
Q4_Cauda_Longa,28660502,100126304,MIR891B; MIRN891B; hsa-mir-891b,sobreviveu,,
Q4_Cauda_Longa,33982765,693220,MIR635; MIRN635; hsa-mir-635,sobreviveu,,
Q4_Cauda_Longa,10812081,56286,DAD-R; DAD1L; DAD1P1,sobreviveu,,
Q4_Cauda_Longa,29974883,728132,TSPY9; TSPY9P,descarte_a_fora_abstract,,
Q4_Cauda_Longa,30082910,348094,ANKDD1A; FLJ25870,sobreviveu,,
Q4_Cauda_Longa,27911315,100422826,MIR4274; hsa-mir-4274,sobreviveu,,
Q4_Cauda_Longa,18154640,286043,MRPS18CP2,sobreviveu,,
Q4_Cauda_Longa,21460840,643680,MS4A4E,sobreviveu,,
Q4_Cauda_Longa,27683121,285456,FLJ37673; RP11-462C24.1; RPL34-AS1; RPL34-DT,sobreviveu,,
Q4_Cauda_Longa,25238782,109280162,FRA10A,descarte_a_fora_abstract,,
Q4_Cauda_Longa,31358735,100190940,LINC02418,descarte_b_no_abstract,LINC02418,Long noncoding RNA LINC02418 regulates MELK expression by acting as 
Q4_Cauda_Longa,26016667,111089947,,descarte_nao_verificavel,,
Q4_Cauda_Longa,34007244,102465524,MIR6869; hsa-mir-6869,descarte_a_fora_abstract,,
Q4_Cauda_Longa,16517731,6960,TCRBV11O; TCRBV11S2O; TCRBV25S2; TRBV25/OR9-2; TRBV25OR9-2,descarte_a_fora_abstract,,
Q4_Cauda_Longa,21909109,643909,SPDYE9; SPDYE9P,descarte_a_fora_abstract,,
Q4_Cauda_Longa,37498069,641364,ENST00000512786; SLC7A11-AS1,descarte_b_no_abstract,SLC7A11-AS1,LncRNA SLC7A11-AS1 promotes the progression of hepatocellu
Q4_Cauda_Longa,20190752,441915,SLC25A38P1,descarte_a_fora_abstract,,
Q4_Cauda_Longa,10453739,10789,NUDCP2,descarte_a_fora_abstract,,
Q4_Cauda_Longa,32329849,387978,C14orf23; LINC01551,sobreviveu,,
Q4_Cauda_Longa,19197348,283440,CACNA1C-AS1; CACNA1C-AS2; ITFG2-AS1,descarte_a_fora_abstract,,
Q4_Cauda_Longa,22126752,641339,MRX92; ZNF673B; ZNF674,sobreviveu,,
Q4_Cauda_Longa,15716091,203430,FLJ38865; Mar3; Mart3; RTL3; SIRH9; ZCCHC5; ZHC5,descarte_a_fora_abstract,,
Q4_Cauda_Longa,30203366,219428,OR4C16,descarte_a_fora_abstract,,
Q4_Cauda_Longa,22247754,23359,ENTREP2; FAM189A1; KIAA0574; TMEM228,descarte_a_fora_abstract,,
Q4_Cauda_Longa,36635268,103344929,BGL3; BGLT3; LINC01083; lncRNA-BGL3,sobreviveu,,
Q4_Cauda_Longa,36825759,100616434,MIR4755; hsa-mir-4755,descarte_a_fora_abstract,,
Q4_Cauda_Longa,18606680,28922,IGKV2-26,descarte_a_fora_abstract,,
Q4_Cauda_Longa,16328886,100130958,MRP2; SYCE1L,descarte_a_fora_abstract,,
Q4_Cauda_Longa,1985270,7502,XIC,descarte_b_no_abstract,XIC, existence of an X-inactivation centre (XIC) required in cis for inactivation to oc
Q4_Cauda_Longa,28041957,100861550,HI-LNC71; PDX1-AS1; PLUT; PLUTO,sobreviveu,,
Q4_Cauda_Longa,17588759,653544,DUX4L6,descarte_a_fora_abstract,,
Q4_Cauda_Longa,33037865,100289410,MCF2L-AS1,sobreviveu,,
Q4_Cauda_Longa,26393913,105376036,LINC01627; RP11-397D12.4,sobreviveu,,
Q4_Cauda_Longa,28879717,111216284,BNC2-AS1; RP11-62F24.2,descarte_b_no_abstract,RP11-62F24.2,reased Expression of Long Noncoding RNA RP11-62F24.2 in Gastric Cancer and Its Clinical Sign
Q4_Cauda_Longa,27023521,340900,EBLN1,sobreviveu,,
Q4_Cauda_Longa,9827627,2112,,sobreviveu,,
Q4_Cauda_Longa,10575211,7845,LIS2; PAFAH1B1P1; PAFAH1P1,sobreviveu,,
Q4_Cauda_Longa,3927006,28890,IGKV2D-10,descarte_a_fora_abstract,,
Q4_Cauda_Longa,35322763,102723775,C22orf32-1; LINC01315; lnc-C22orf32-1,sobreviveu,,
Q4_Cauda_Longa,12384783,282552,,descarte_nao_verificavel,,
Q4_Cauda_Longa,7789980,1624,DBIL2; DBIP1,sobreviveu,,
Q4_Cauda_Longa,36410635,100874043,TPRG1-AS1,descarte_b_no_abstract,TPRG1-AS1,arcinoma via a novel long noncoding RNA TPRG1-AS1/DNMT3A/CRTAC1 axis.   BACKGROUND: Overe
Q4_Cauda_Longa,31132669,400657,LINC00909; ZNF407-AS1,sobreviveu,,
Q4_Cauda_Longa,7990150,1197,CLK2P; CLK2P1,descarte_a_fora_abstract,,
Q4_Cauda_Longa,22139419,692076,SNORD7; Z30; mgU6-47,descarte_a_fora_abstract,,
Q4_Cauda_Longa,24895164,130406855,TRIB1AL; TRIBAL,descarte_b_no_abstract,TRIBAL,"mpasses a gene, TRIB1-associated locus (TRIBAL), composed of a well-conserved promoter"
Q4_Cauda_Longa,36631436,389895,HAPSTR2,descarte_b_no_abstract,HAPSTR2,The HAPSTR2 retrogene buffers stress signaling and 
Q4_Cauda_Longa,37014032,100507027,LINC00948; Linc-RAM; M1; MLN; MRLN; MUSER1,sobreviveu,,
Q4_Cauda_Longa,8678981,91316,GUSBP11,descarte_a_fora_abstract,,
Q4_Cauda_Longa,29018959,28659,TRAV24,descarte_a_fora_abstract,,
Q4_Cauda_Longa,19535463,4555,MT-TD; MTTD; trnD,descarte_a_fora_abstract,,
Q4_Cauda_Longa,24799664,100526820,CAHM; LINC00468,sobreviveu,,
Q4_Cauda_Longa,11150526,56903,PAPOLB; PAPT,sobreviveu,,
Q4_Cauda_Longa,7999069,642546,HK2P; HK2P1,descarte_a_fora_abstract,,
Q4_Cauda_Longa,17903296,729862,LSP1P3,descarte_a_fora_abstract,,
Q4_Cauda_Longa,29510730,100874041,MACC1-AS1,sobreviveu,,
Q4_Cauda_Longa,15358244,148713,ESP; OST-PTP; PTPRV; PTPRVP,sobreviveu,,
Q4_Cauda_Longa,18046012,105373450,ZPAXP; ZPX1P,descarte_a_fora_abstract,,
Q4_Cauda_Longa,17641261,647275,PNPP1,descarte_a_fora_abstract,,
Q4_Cauda_Longa,35067783,54064,C21orf52; LINC00160; NCRNA00160,sobreviveu,,
Q4_Cauda_Longa,35404750,677779,C3orf66; FLJ41232; LINC00488,sobreviveu,,
Q4_Cauda_Longa,17258408,644444,CDC50C; CDC50CP; TMEM30C; TMEM30CP,sobreviveu,,
Q4_Cauda_Longa,36806685,28643,TCRAV14S1; TRAV38-2/DV8; TRAV38-2DV8; TRAV382DV8; hADV38S2,descarte_a_fora_abstract,,
Q4_Cauda_Longa,1833775,1817,DRD5P1,descarte_a_fora_abstract,,
Q4_Cauda_Longa,16084724,100130097,KIF28P; KLP-6,descarte_a_fora_abstract,,
Q4_Cauda_Longa,32574189,84808,C1orf170; MGC13275; PERM1; RP11-54O7.8,sobreviveu,,
Q4_Cauda_Longa,31373842,100126324,MIR934; MIRN934; hsa-mir-934,sobreviveu,,
Q4_Cauda_Longa,31604679,100847004,MIR5188; hsa-mir-5188,sobreviveu,,
Q4_Cauda_Longa,9425221,390831,PMM2P1,descarte_a_fora_abstract,,
Q4_Cauda_Longa,8072544,3403,,descarte_nao_verificavel,,
Q4_Cauda_Longa,35764883,100506068,DACT3-AS1,descarte_b_no_abstract,DACT3-AS1,Hypoxia-induced LncRNA DACT3-AS1 upregulates PKM2 to promote metastasis 
Q4_Cauda_Longa,3502690,5233,PGK1P2,descarte_a_fora_abstract,,
Q4_Cauda_Longa,33336752,100506380,C7orf13; LINC01006; MY040; RNF32-DT,descarte_a_fora_abstract,,
Q4_Cauda_Longa,19077231,654816,NCF1B; SH3PXD1B,descarte_a_fora_abstract,,
Q4_Cauda_Longa,26188586,642776,DANT2,sobreviveu,,
Q4_Cauda_Longa,20386566,145858,C15orf32; FLJ32831,descarte_a_fora_abstract,,
Q4_Cauda_Longa,32495869,148645,C1orf211; ICMT-DT; LINC00337; MGC40168; NCRNA00337,sobreviveu,,
Q4_Cauda_Longa,29261648,646719,NIPBL-AS; NIPBL-AS1; NIPBL-DT,sobreviveu,,
Q4_Cauda_Longa,27910778,100422987,MIR3202-1; hsa-mir-3202-1,descarte_a_fora_abstract,,
Q4_Cauda_Longa,31364107,102465872,MIR8073; hsa-mir-8073,sobreviveu,,
Q4_Cauda_Longa,23876241,116179,TGM7; TGMZ,sobreviveu,,
Q4_Cauda_Longa,20463881,257203,DSCR9; NCRNA00038,sobreviveu,,
Q4_Cauda_Longa,33261009,146547,FLJ90661; PRSS36,descarte_a_fora_abstract,,
Q4_Cauda_Longa,25875936,90592,DKFZp434I1610; ZNF700,sobreviveu,,
Q4_Cauda_Longa,1551402,28926,IGKV2-18,descarte_a_fora_abstract,,
Q4_Cauda_Longa,23985325,110740341,,descarte_nao_verificavel,,
Q4_Cauda_Longa,11745384,28801,IGLV3-13,descarte_a_fora_abstract,,
Q4_Cauda_Longa,30874288,100422903,MIR4288; hsa-mir-4288,sobreviveu,,
Q4_Cauda_Longa,22479202,101928022,LINC01214,descarte_a_fora_abstract,,
Q4_Cauda_Longa,15358107,100526830,SLX1A-SULT1A3,descarte_a_fora_abstract,,
Q4_Cauda_Longa,17885627,1556,CYP2B; CYP2B7P; CYP2B7P1,descarte_a_fora_abstract,,
Q4_Cauda_Longa,10780787,100419029,NF1L4; NF1P4,descarte_a_fora_abstract,,
Q4_Cauda_Longa,35266110,100129794,SLC25A21-AS1,descarte_b_no_abstract,SLC25A21-AS1,Gliomas with Downregulation of lncRNA SLC25A21-AS1 Carry a Dismal Prognosis and an Acceler
Q4_Cauda_Longa,11337751,4416,,sobreviveu,,
Q4_Cauda_Longa,10801852,7495,XBP1; XBP1P1; XBPP1,descarte_a_fora_abstract,,
Q4_Cauda_Longa,16195351,387849,RAB15EP; REP15,sobreviveu,,
Q4_Cauda_Longa,12112072,140907,,sobreviveu,,
Q4_Cauda_Longa,3175763,8373,G13P1; IFI56P; IFIT1P; IFIT1P1; II56P,descarte_a_fora_abstract,,
Q4_Cauda_Longa,33147570,100507632,LINC00968,sobreviveu,,
Q4_Cauda_Longa,23657505,28689,TCRAV20S1; TCRAV4S1; TRAV4,sobreviveu,,
Q4_Cauda_Longa,27531668,102723619,ATXN2-AS,descarte_b_no_abstract,ATXN2-AS,"ATXN2-AS, a gene antisense to ATXN2, is associat"
Q4_Cauda_Longa,22541069,100419743,DBE-T; DBET; DUX4L30,sobreviveu,,
Q4_Cauda_Longa,24152035,254786,OR6C3; OST709,descarte_a_fora_abstract,,
Q4_Cauda_Longa,2676726,7236,TRNAT1; TRT-TGT6-1; TRT1; tRNA-Thr-TGT-6-1,descarte_a_fora_abstract,,
Q4_Cauda_Longa,36261031,100500808,MIR3917; hsa-mir-3917,sobreviveu,,
Q4_Cauda_Longa,37300672,401109,LINC00885; PARylator,sobreviveu,,
Q4_Cauda_Longa,31949211,167555,FAM151B; UNQ9217,sobreviveu,,
Q4_Cauda_Longa,29955039,2616,GAPDHL2; GAPDHP1; GAPDL2; GAPDP1,descarte_a_fora_abstract,,
Q4_Cauda_Longa,32558485,126806670,,descarte_nao_verificavel,,
Q4_Cauda_Longa,24002674,100147773,TMCO1-AS1,descarte_a_fora_abstract,,
Q4_Cauda_Longa,28396580,109245082,PRAL; lncRNA-PRAL,sobreviveu,,
Q4_Cauda_Longa,37469237,100533619,TMPOP2,sobreviveu,,
Q4_Cauda_Longa,34584454,105369611,AC007207.2; LINC03141,descarte_b_no_abstract,AC007207.2,lncRNA AC007207.2 Promotes Malignant Properties of Osteos
Q4_Cauda_Longa,11298326,28890,IGKV2D-10,descarte_a_fora_abstract,,
Q4_Cauda_Longa,416441,28420,IGHV3-53,descarte_a_fora_abstract,,
Q4_Cauda_Longa,814163,28776,IGLV7-43,descarte_a_fora_abstract,,
Q4_Cauda_Longa,31309112,105375014,LINC02570; XXbac-BPG27H4.8,descarte_a_fora_abstract,,
Q4_Cauda_Longa,35331737,285382,C3orf70,descarte_a_fora_abstract,,
Q4_Cauda_Longa,31334828,105373813,CAVIN2-AS1; LOC105373813,sobreviveu,,
Q4_Cauda_Longa,33211221,693202,MIR617; MIRN617; hsa-mir-617,sobreviveu,,
Q4_Cauda_Longa,33753211,105373869,LCAL4; LINC01614; TCONS_00003105,sobreviveu,,
Q4_Cauda_Longa,23226537,102466866,MIR7853; hsa-mir-7853,descarte_a_fora_abstract,,
Q4_Cauda_Longa,34061329,693205,MIR620; MIRN620; hsa-mir-620,descarte_a_fora_abstract,,
Q4_Cauda_Longa,11902138,29768,SDHDP6,descarte_a_fora_abstract,,
Q4_Cauda_Longa,27225868,105373377,PNMA6BL; PNMA6F,descarte_b_no_abstract,PNMA6BL,"ng gene"" translation. The novel protein PNMA6BL specifically expressed in the brain is "
Q4_Cauda_Longa,33001357,253264,ZNF503-AS1; uc.286,descarte_b_no_abstract,ZNF503-AS1,LncRNA ZNF503-AS1 acts as a tumor suppressor in bladder c
Q4_Cauda_Longa,15307048,553192,,descarte_nao_verificavel,,
Q4_Cauda_Longa,29917192,100423026,MIR4299; hsa-mir-4299,sobreviveu,,
Q4_Cauda_Longa,19026782,677778,ACA45; SCARNA15,sobreviveu,,
Q4_Cauda_Longa,39242532,111216283,POLH-AS1; RP3-337H4.8,sobreviveu,,
Q4_Cauda_Longa,18974790,440278,CATSPER2B; CATSPER2P1,descarte_a_fora_abstract,,
Q4_Cauda_Longa,27813118,693234,MIR649; MIRN649; hsa-mir-649,sobreviveu,,
Q4_Cauda_Longa,37460467,403340,,sobreviveu,,
Q4_Cauda_Longa,15782160,55025,,descarte_nao_verificavel,,
Q4_Cauda_Longa,9039502,641298,SMG1P1,descarte_a_fora_abstract,,
Q4_Cauda_Longa,33270518,100885782,MYO16-AS1,descarte_b_no_abstract,MYO16-AS1, 8-lncRNA Prognostic Signature Identify MYO16-AS1 as an Oncogenic lncRNA in Bladder Cance
Q4_Cauda_Longa,29700321,101928847,NCAM1-AS2; RP11-629G13.1,descarte_a_fora_abstract,,
Q4_Cauda_Longa,28426283,348825,FLJ35107; TPRX3P; TPRXL,descarte_a_fora_abstract,,
Q4_Cauda_Longa,19754311,100130801,,descarte_nao_verificavel,,
Q4_Cauda_Longa,21254220,101752400,CAPN10-AS1; CAPN10-DT; locus959,descarte_a_fora_abstract,,
Q4_Cauda_Longa,31066051,100874366,HOXC-AS5; HOXC13-AS,descarte_b_no_abstract,HOXC13-AS,HOXC13-AS promotes breast cancer cell growth thro
Q4_Cauda_Longa,16261168,387573,,descarte_nao_verificavel,,
Q4_Cauda_Longa,23009292,4096,,descarte_nao_verificavel,,
Q4_Cauda_Longa,24376456,149047,,descarte_nao_verificavel,,
Q4_Cauda_Longa,19795399,390037,OR52I1,descarte_a_fora_abstract,,
Q4_Cauda_Longa,17786280,613212,CTXN3,sobreviveu,,
Q4_Cauda_Longa,36656640,100498859,LINC00881; LIPTER,sobreviveu,,
Q4_Cauda_Longa,29311158,101929517,ETS1-AS1; pancEts-1,descarte_a_fora_abstract,,
Q4_Cauda_Longa,31102367,103752554,MYCNUN; MYCNUT; lncUSMycN,sobreviveu,,
Q4_Cauda_Longa,1562593,107063610,,descarte_nao_verificavel,,
Q4_Cauda_Longa,9630250,26821,RNU19; SNORA74A; U19,sobreviveu,,
Q4_Cauda_Longa,28138801,768214,MIR668; MIRN668; hsa-mir-668,sobreviveu,,
Q4_Cauda_Longa,30536379,104797537,GACAT3; LINC01458; lncRNA-AC130710,sobreviveu,,
Q4_Cauda_Longa,18976687,353000,,descarte_nao_verificavel,,
Q4_Cauda_Longa,31575973,644139,PIRT,sobreviveu,,
Q4_Cauda_Longa,9391893,25812,POM121L1; POM121L1P,descarte_a_fora_abstract,,
Q4_Cauda_Longa,30898713,100500858,MIR3622A; hsa-mir-3622a,sobreviveu,,
Q4_Cauda_Longa,30839115,105375914,IL7AS; MITA1; hNAIL,descarte_b_no_abstract,MITA1,"Metabolism-induced tumor activator 1 (MITA1), an Energy Stress-Inducible Long Nonco"
Q4_Cauda_Longa,9817916,9431,OR3.6; OR6DG; OR7E22P,descarte_a_fora_abstract,,
Q4_Cauda_Longa,38279424,401014,DKFZp686O1327; LINC00953; TEX41,sobreviveu,,
Q4_Cauda_Longa,16478971,440044,FLJ16331; Oat6; SLC22A20; SLC22A20P,descarte_b_no_abstract,SLC22A20,"e novel organic anion transporter Oat6 (Slc22a20).   Recently, a novel Slc22 gene family"
Q4_Cauda_Longa,28420705,347516,DC3; DGAT2L6; FLJ25989,descarte_a_fora_abstract,,
Q4_Cauda_Longa,35334070,100616206,MIR4652; hsa-mir-4652,descarte_a_fora_abstract,,
Q4_Cauda_Longa,12616531,107181288,,descarte_nao_verificavel,,
Q4_Cauda_Longa,35791074,100302118,MIR1286; MIRN1286; hsa-mir-1286,sobreviveu,,
Q4_Cauda_Longa,20460270,100505933,ADD3-AS1,descarte_a_fora_abstract,,
Q4_Cauda_Longa,35278131,29779,,sobreviveu,,
Q4_Cauda_Longa,22780124,401491,VLDLR-AS1; lincRNA-VLDLR,descarte_a_fora_abstract,,
Q4_Cauda_Longa,14516435,107966124,,descarte_nao_verificavel,,
Q4_Cauda_Longa,34097121,503627,TPRX2; TPRX2P; TPRX2P1,descarte_b_no_abstract,TPRX2,itive selection and show that TPRX1 and TPRX2 have been the subject of repeated gene 
Q4_Cauda_Longa,22876581,3719,,descarte_nao_verificavel,,
Q4_Cauda_Longa,12970787,107105350,,descarte_nao_verificavel,,
Q4_Cauda_Longa,37167062,653226,SRP9L1; SRP9P1,descarte_a_fora_abstract,,
Q4_Cauda_Longa,33204302,100188949,LINC00426,sobreviveu,,
Q4_Cauda_Longa,41199745,107984262,KAZALD1-DT; Lnc-PDZD7-3,descarte_b_no_abstract,Lnc-PDZD7-3,A newly discovered Lnc-PDZD7-3 increased metastatic and proliferative 
Q4_Cauda_Longa,10899139,110599586,,descarte_nao_verificavel,,
Q4_Cauda_Longa,37605580,100302118,MIR1286; MIRN1286; hsa-mir-1286,descarte_a_fora_abstract,,
Q4_Cauda_Longa,17567994,110091775,C21orf77; CFAP298-TCP10L; FLJ10932; LINC00846,descarte_a_fora_abstract,,
Q4_Cauda_Longa,36105081,388182,FLJ42289; HSD47; SPATA41,sobreviveu,,
Q4_Cauda_Longa,20818382,107522039,,descarte_nao_verificavel,,
Q4_Cauda_Longa,20981099,107832855,,descarte_nao_verificavel,,
Q4_Cauda_Longa,10708521,113633874,,descarte_nao_verificavel,,
Q4_Cauda_Longa,11106375,100033426,HBII-85-14; SNORD116-14,descarte_a_fora_abstract,,
Q4_Cauda_Longa,31262262,101928734,WWC2-AS1,sobreviveu,,
Q4_Cauda_Longa,37271897,64150,C14orf134; DIO3-AS1; DIO3OS; NCRNA00041,sobreviveu,,
Q4_Cauda_Longa,11279517,117187,,descarte_nao_verificavel,,
Q4_Cauda_Longa,34105888,84847,LINC00525,sobreviveu,,
Q4_Cauda_Longa,33378013,100500884,MIR3681; hsa-mir-3681,descarte_a_fora_abstract,,
Q4_Cauda_Longa,11017077,401720,FIGNL2,descarte_a_fora_abstract,,
Q4_Cauda_Longa,36471281,84657,C3orf42; GHRL-AS2; GHRLOS2; LINC00852; NAG73,descarte_b_no_abstract,LINC00852,The LINC00852/miR-29a-3p/JARID2 axis regulates the pr
Q4_Cauda_Longa,33263282,146562,C16orf71; DKFZp686H2240; DNAAF8; Daap1; FLJ43261,descarte_b_no_abstract,C16orf71,"r dynein arms. Among these, we identify C16orf71/Daap1 as a novel axonemal dynein regula"
Q4_Cauda_Longa,35255492,105371450,THBS3-AS1,descarte_a_fora_abstract,,
Q4_Cauda_Longa,1916762,406214,,descarte_nao_verificavel,,
Q4_Cauda_Longa,17619138,645652,MT1XP1; MTL1,descarte_a_fora_abstract,,
Q4_Cauda_Longa,7695643,100526830,SLX1A-SULT1A3,descarte_a_fora_abstract,,
Q4_Cauda_Longa,21810643,100128714,LINC02346,descarte_a_fora_abstract,,
Q4_Cauda_Longa,35624327,28736,TRAJ19,sobreviveu,,
Q4_Cauda_Longa,30518158,728606,LINC01092; PCAT18,sobreviveu,,
Q4_Cauda_Longa,32226304,100507244,MAMDC2-AS1; SMC5-DT,descarte_b_no_abstract,MAMDC2-AS1,ysis identifies host long noncoding RNA MAMDC2-AS1 as a co-factor for HSV-1 nuclear transp
Q4_Cauda_Longa,1464612,111089942,,descarte_nao_verificavel,,
Q4_Cauda_Longa,37725640,340393,C8orfK29; CATSPERQ; TMEM249,descarte_b_no_abstract,TMEM249,"perm flagella. Here, we report that the Tmem249-encoded transmembrane (TM) domain-conta"
Q4_Cauda_Longa,20087950,100196916,,descarte_nao_verificavel,,
Q4_Cauda_Longa,31652445,100616495,MIR2392; hsa-mir-2392,sobreviveu,,
Q4_Cauda_Longa,12408966,337875,H2BP1; HIST2H2BA,descarte_a_fora_abstract,,
Q4_Cauda_Longa,37298284,100422841,MIR3174; hsa-mir-3174,descarte_a_fora_abstract,,
Q4_Cauda_Longa,31152661,7526,D22S670; SYR; YES1P1; YES2; YESP,descarte_a_fora_abstract,,
Q4_Cauda_Longa,23263487,171472,FUSIP1P2; SFRS13AP2; SRSF10P2,descarte_a_fora_abstract,,
Q4_Cauda_Longa,19107232,286494,BRAF2; BRAFP1; BRAFPS2,descarte_a_fora_abstract,,
Q4_Cauda_Longa,24696066,106146144,,descarte_nao_verificavel,,
Q4_Cauda_Longa,16385451,399833,FLJ44653; SPRNP1,descarte_a_fora_abstract,,
Q4_Cauda_Longa,396131,5183,PEPC,descarte_a_fora_abstract,,
Q4_Cauda_Longa,1684376,28618,TCRBV3S2; TCRBV9S2A2PT; TRBV3-2; TRBV32,descarte_a_fora_abstract,,
Q4_Cauda_Longa,30485693,101929447,IATPR; TCONS_00018476; linc-ITGB1,descarte_b_no_abstract,linc-ITGB1,Knockdown of long non-coding RNA linc-ITGB1 inhibits cancer stemness and epithelial
Q4_Cauda_Longa,35788729,127379750,AC004784.1; CTC-490G23.6; PSG11-AS1,descarte_a_fora_abstract,,
Q4_Cauda_Longa,23689137,113633877,,descarte_nao_verificavel,,
Q4_Cauda_Longa,27925372,110386949,,descarte_nao_verificavel,,
Q4_Cauda_Longa,32458152,26776,RNU71B; SNORA71B; U71b,sobreviveu,,
Q4_Cauda_Longa,31642395,693144,MIR559; MIRN559; hsa-mir-559,sobreviveu,,
Q4_Cauda_Longa,36546321,105378020,LINC02528; SIMALR,descarte_b_no_abstract,SIMALR,"crophage Long Intergenic Noncoding RNA, SIMALR, Suppresses Inflammatory Macrophage Apo"
Q4_Cauda_Longa,36385489,101927459,LINC01608; TCONS_00015136,sobreviveu,,
Q4_Cauda_Longa,1279380,81850,KAP1.3; KRTAP1-3,descarte_a_fora_abstract,,
Q4_Cauda_Longa,23328707,101928638,C9orf141; LINC02692; PRR31,descarte_a_fora_abstract,,
Q4_Cauda_Longa,15974297,5177,,sobreviveu,,
Q4_Cauda_Longa,11347906,84503,KIAA1829; ZNF527,descarte_a_fora_abstract,,
Q4_Cauda_Longa,23239821,110386949,,descarte_nao_verificavel,,
Q4_Cauda_Longa,24550385,100271357,RPS15AP21,descarte_a_fora_abstract,,
Q4_Cauda_Longa,18371374,645682,Oct4-pg4; POU5F1P4; POU5FLC1,descarte_a_fora_abstract,,
Q4_Cauda_Longa,37744336,28636,TCRBD2; TRBD2,sobreviveu,,
Q4_Cauda_Longa,31210304,101929328,KCNMA1-AS1,descarte_b_no_abstract,KCNMA1-AS1,KCNMA1-AS1 attenuates apoptosis of epithelial ovar
Q4_Cauda_Longa,30710292,170591,Gm625; S100-zeta; S100Z,sobreviveu,,
Q4_Cauda_Longa,22923026,101929081,IRX4-DT,descarte_a_fora_abstract,,
Q4_Cauda_Longa,25857697,110599588,ASDURF; ASNSD1-SEP,descarte_a_fora_abstract,,
Q4_Cauda_Longa,34664678,100506755,ALOX12-AS1; MIR195HG; MIR497HG,descarte_b_no_abstract,MIR497HG,miR-497/MIR497HG inhibits glioma cell proliferation by t
Q4_Cauda_Longa,3240863,6219,RPS17A; RPS17L1; RPS17P2,descarte_a_fora_abstract,,
Q4_Cauda_Longa,35156780,255193,C19orf34; CSNK1G2-AS1; MGC39696,descarte_a_fora_abstract,,
Q4_Cauda_Longa,12358933,100124696,,descarte_nao_verificavel,,
Q4_Cauda_Longa,31804951,101928062,CNOT2-DT; LINC01481; PRANCR,descarte_b_no_abstract,PRANCR,noncoding RNA CRISPRi screen identifies PRANCR as a novel regulator of epidermal homeo
Q4_Cauda_Longa,14627680,338411,,descarte_nao_verificavel,,
Q4_Cauda_Longa,16581810,58531,PRM3,descarte_a_fora_abstract,,
Q4_Cauda_Longa,41678334,124903065,RP11-46H11.3; SFSPAT; SPAT,descarte_b_no_abstract,RP11-46H11.3,"g proteins (RBPs), we found that lncRNA RP11-46H11.3 translocates into mitochondria via bind"
Q4_Cauda_Longa,33052350,118966792,,descarte_nao_verificavel,,
Q4_Cauda_Longa,31709617,645212,EIF3J-AS1; EIF3J-DT,sobreviveu,,
Q4_Cauda_Longa,12370301,2964,GTF2F2L; GTF2F2P1; TFIIF,descarte_b_no_abstract,TFIIF,"sociated with transcription factor IIF (TFIIF), and the elongation effects of TFIIF a"
Q4_Cauda_Longa,12728256,100129354,NRADDP,descarte_a_fora_abstract,,
Q4_Cauda_Longa,38735373,100616245,MIR4661; hsa-mir-4661,descarte_a_fora_abstract,,
Q4_Cauda_Longa,16322561,337875,H2BP1; HIST2H2BA,descarte_a_fora_abstract,,
Q4_Cauda_Longa,23022100,84546,RNU35B; SNORD35B; U35B,descarte_a_fora_abstract,,
Q4_Cauda_Longa,15980214,664780,,descarte_nao_verificavel,,
Q4_Cauda_Longa,38357893,100506776,TRG-AS1,sobreviveu,,
Q4_Cauda_Longa,3923830,7926,,descarte_nao_verificavel,,
Q4_Cauda_Longa,31033124,727830,DKFZp434B204; FAM75A3; OTTHUMG00000013164; SPATA31A3,sobreviveu,,
Q4_Cauda_Longa,21447600,101448070,,sobreviveu,,
Q4_Cauda_Longa,22331267,9299,RNU30; SNORD30; U30,sobreviveu,,
Q4_Cauda_Longa,36823542,132946,ARL9,sobreviveu,,
Q4_Cauda_Longa,16792503,388610,C1orf225; TRNP; TRNP1,descarte_b_no_abstract,TRNP,trnp: A conserved mammalian gene encoding a 
Q4_Cauda_Longa,38099337,100131434,EOLA1-DT; LINC00893; lnc-CPLC,sobreviveu,,
Q4_Cauda_Longa,30394665,100506394,FLJ44054; GAS6-AS2; GAS6-DT,sobreviveu,,
Q4_Cauda_Longa,11042152,29075,HSPC072; LINC00652,descarte_a_fora_abstract,,
Q4_Cauda_Longa,9673985,100505381,,descarte_nao_verificavel,,
Q4_Cauda_Longa,32278547,349408,TLR8-AS1,descarte_b_no_abstract,TLR8-AS1,LncRNA TLR8-AS1 promotes metastasis and chemoresistance
Q4_Cauda_Longa,15063128,103539957,ERVK-26,descarte_a_fora_abstract,,
Q4_Cauda_Longa,30468482,100271722,LINC00899,sobreviveu,,
Q4_Cauda_Longa,16175500,108251802,,descarte_nao_verificavel,,
Q4_Cauda_Longa,9736780,9030,ERDA1,sobreviveu,,
Q4_Cauda_Longa,19060906,102724968,,descarte_nao_verificavel,,
Q4_Cauda_Longa,20445134,100873924,HLX-AS1,descarte_a_fora_abstract,,
Q4_Cauda_Longa,9434883,110599579,,descarte_nao_verificavel,,
Q4_Cauda_Longa,35870795,400618,FLJ37644; SOX9-AS1,descarte_b_no_abstract,SOX9-AS1,Impact of lncRNA SOX9-AS1 overexpression on the prognosis and pro
Q4_Cauda_Longa,34054851,152225,LINC02085; RDUR,descarte_b_no_abstract,RDUR,"RDUR, a lncRNA, Promotes Innate Antiviral Re"
Q4_Cauda_Longa,37222961,102466720,MIR6720; hsa-mir-6720,sobreviveu,,
Q4_Cauda_Longa,12620387,2414,D7S486; FRA7G,sobreviveu,,
Q4_Cauda_Longa,29547645,340441,A26A1; CT104.3; POTE-8; POTE8; POTEA,sobreviveu,,
Q4_Cauda_Longa,36576700,128266837,RP11-162G10.5; ZNF248-AS1,descarte_b_no_abstract,RP11-162G10.5,cetylation activated long noncoding RNA RP11-162G10.5 promotes breast cancer progression via 
Q4_Cauda_Longa,31163018,100500824,MIR3650; hsa-mir-3650,sobreviveu,,
Q4_Cauda_Longa,35224516,127894021,,descarte_nao_verificavel,,
Q4_Cauda_Longa,18060868,10172,BMZF-3; ZNF256,sobreviveu,,
Q4_Cauda_Longa,10986044,59081,,descarte_nao_verificavel,,
Q4_Cauda_Longa,16339511,105369219,SIRPB3P,descarte_a_fora_abstract,,
Q4_Cauda_Longa,3036367,28749,TRAJ6,descarte_a_fora_abstract,,
Q4_Cauda_Longa,34006929,100422867,MIR378C; hsa-mir-378c,sobreviveu,,
Q4_Cauda_Longa,7133118,4503,MT2P1,descarte_a_fora_abstract,,
Q4_Cauda_Longa,31278033,100302289,MIR1251; MIRN1251; hsa-mir-1251,descarte_a_fora_abstract,,
Q4_Cauda_Longa,22423221,100533975,,descarte_nao_verificavel,,
Q4_Cauda_Longa,17558447,728931,AMD1P3,descarte_a_fora_abstract,,
Q4_Cauda_Longa,27114614,83697,AE4; SLC4A9,sobreviveu,,
Q4_Cauda_Longa,32165673,401172,CTC; FLJ33360; LINC02145,descarte_b_no_abstract,CTC,Long Noncoding RNA CTC Inhibits Proliferation and Invasion by 
Q4_Cauda_Longa,27959439,441376,AARD; C8orf85; LOC441376,descarte_b_no_abstract,AARD,"rginine rich domain containing protein, Aard, is directly regulated by androgen rece"
Q4_Cauda_Longa,26857419,283888,IL21R-AS1,descarte_b_no_abstract,IL21R-AS1,"ly three lncRNAs (CoroMarker, BAT5, and IL21R-AS1) remained as candidate CAD biomarkers. "
Q4_Cauda_Longa,2821803,646362,FTH1P13; FTHL13; FTHP3,descarte_a_fora_abstract,,
Q4_Cauda_Longa,24055526,389073,C2orf80; GONDA1; LOC389073,sobreviveu,,
Q4_Cauda_Longa,8910373,4888,NPY1RL; NPY6R; NPY6RP; PP2,sobreviveu,,
Q4_Cauda_Longa,35048477,100302121,MIR1276; MIRN1276; hsa-mir-1276,sobreviveu,,
Q4_Cauda_Longa,19503096,574459,MIR512-2; MIRN512-2; hsa-mir-512-2,descarte_a_fora_abstract,,
Q4_Cauda_Longa,19068116,5369,PMCHL1,sobreviveu,,
Q4_Cauda_Longa,37309595,100508120,GMDS-AS1; GMDS-DT,sobreviveu,,
Q4_Cauda_Longa,32769488,360132,FKBP9L; FKBP9P1; MGC20531,sobreviveu,,
Q4_Cauda_Longa,8733139,3407,,sobreviveu,,
Q4_Cauda_Longa,38225865,100131138,LINC01405; MASCC1; RP1-46F2.2; VHRT,sobreviveu,,
Q4_Cauda_Longa,31041888,100423025,MIR3198; MIR3198-1; hsa-mir-3198-1,sobreviveu,,
Q4_Cauda_Longa,32419112,100302190,MIR1976; hsa-mir-1976,sobreviveu,,
Q4_Cauda_Longa,22197932,284382,ACTL9; MGC33407,sobreviveu,,
Q4_Cauda_Longa,37106379,100616185,MIR371B; hsa-mir-371b,descarte_a_fora_abstract,,
Q4_Cauda_Longa,33528791,101929688,LINC01251; UBE2R2-AS1,descarte_b_no_abstract,UBE2R2-AS1,UBE2R2-AS1 Inhibits Xenograft Growth in Nude Mice 
Q4_Cauda_Longa,24768205,103752589,RP11-893F2.9; TCONS_00025237; TMEM92-AS1; lncRNA-508851,descarte_a_fora_abstract,,
Q4_Cauda_Longa,11527984,348249,CCL15-CCL14,descarte_a_fora_abstract,,
Q4_Cauda_Longa,34944551,148003,LGALS16,sobreviveu,,
Q4_Cauda_Longa,16913423,5382,PMS2L4; PMS2P4; PMS6,descarte_a_fora_abstract,,
Q4_Cauda_Longa,15862963,158160,HSD17B7; HSD17B7P2; bA291L22.1,descarte_a_fora_abstract,,
Q4_Cauda_Longa,11024286,122888,PTBP1P,descarte_a_fora_abstract,,
Q4_Cauda_Longa,26938303,149086,LDC1P; LINC01225; SEELA1,sobreviveu,,
Q4_Cauda_Longa,11239429,120237,DBX1,descarte_b_no_abstract,DBX1,d by the progenitor homeodomain protein Dbx1.   Spinal interneurons help to coordina
Q4_Cauda_Longa,24112054,110013311,,descarte_nao_verificavel,,
Q4_Cauda_Longa,1906174,3466,IFNR,descarte_a_fora_abstract,,
Q4_Cauda_Longa,28475008,100302183,MIR1825; MIRN1825; hsa-mir-1825,sobreviveu,,
Q4_Cauda_Longa,17344846,646643,SBK2; SGK069,descarte_a_fora_abstract,,
Q4_Cauda_Longa,28418939,100616169,MIR378D2; hsa-mir-378d-2,sobreviveu,,
Q4_Cauda_Longa,35667653,106660612,LINC00680,sobreviveu,,
Q4_Cauda_Longa,23936387,162282,ANKFN1; FLJ38335,descarte_a_fora_abstract,,
Q4_Cauda_Longa,22000014,101154644,LINC-MD1; LINCMD1; MIR133BHG,sobreviveu,,
Q4_Cauda_Longa,24530685,401494,Em:AL662879.1; HACD4; OTTHUMG00000021016; PTPLAD2,sobreviveu,,
Q4_Cauda_Longa,17114936,425057,NCRNA00132; TTTY9B,descarte_a_fora_abstract,,
Q4_Cauda_Longa,34453123,100616384,MIR548AC; hsa-mir-548ac,sobreviveu,,
Q4_Cauda_Longa,3038573,105373767,EPCART; PCAT-2-180961; PRCAT122; TPCAT-2-180961,descarte_a_fora_abstract,,
Q4_Cauda_Longa,6410398,28424,IGHV3-48,descarte_a_fora_abstract,,
Q4_Cauda_Longa,7612929,2510,FTH1P21; FTHL21; FTHP2,descarte_a_fora_abstract,,
Q4_Cauda_Longa,12077311,116255,DGAT2L; DGAT2L1; MGAT1; MOGAT1,descarte_b_no_abstract,MGAT1,"Identification of a gene encoding MGAT1, a monoacylglycerol acyltransferase.   "
Q4_Cauda_Longa,27849024,146880,ARHGAP27P1; loc146880,sobreviveu,,
Q4_Cauda_Longa,1346390,1940,,descarte_nao_verificavel,,
Q4_Cauda_Longa,7958862,8327,E4TF1; E4TF1B; GABPAP; GABPAP1; GABPB1,descarte_a_fora_abstract,,
Q4_Cauda_Longa,23358633,125931,CEACAM20; UNQ9366,sobreviveu,,
Q4_Cauda_Longa,21527035,55314,FLJ11155; SLC35G7; TMEM144,descarte_b_no_abstract,TMEM144,the orphan 10-transmembrane transporter TMEM144 in the biology of GPR54/kisspeptin func
Q4_Cauda_Longa,38503887,162655,FLJ36809; HsT2362; ZNF519,sobreviveu,,
Q4_Cauda_Longa,20301569,112268198,,descarte_nao_verificavel,,
Q4_Cauda_Longa,32176498,101927318,AC025154.2; AQP5-AS1; MIAC,descarte_b_no_abstract,MIAC,Micropeptide MIAC Inhibits HNSCC Progression by Interacti
Q4_Cauda_Longa,11054531,388533,KDAP; KRTDAP; UNQ467,sobreviveu,,
Q4_Cauda_Longa,3122211,3541,IGLC; IGLC5,descarte_a_fora_abstract,,
Q4_Cauda_Longa,30819403,147727,ILF3-AS1; ILF3-DT,descarte_b_no_abstract,ILF3-AS1,SP1-mediated upregulation of lncRNA ILF3-AS1 functions a ceRNA for miR-212 to contri
Q4_Cauda_Longa,31635804,100505783,OSER1-AS1; OSER1-DT,descarte_b_no_abstract,OSER1-AS1,lncRNA OSER1-AS1 acts as a ceRNA to promote tumorigenesi
Q4_Cauda_Longa,30362153,100302225,MIR2053; hsa-mir-2053,sobreviveu,,
Q4_Cauda_Longa,8065368,107063610,,descarte_nao_verificavel,,
Q4_Cauda_Longa,37975233,693191,MIR606; MIRN606; hsa-mir-606,sobreviveu,,
Q4_Cauda_Longa,31289104,100302131,MIR302F; MIRN302F; hsa-mir-302f,sobreviveu,,
Q4_Cauda_Longa,25720405,100463498,MTRNR2L12,sobreviveu,,
Q4_Cauda_Longa,37759778,100862697,ERVK3-2; HML6-c14,sobreviveu,,
Q4_Cauda_Longa,2307464,2509,FTH1P5; FTHL5; FTHP1,descarte_a_fora_abstract,,
Q4_Cauda_Longa,37009826,388789,LINC00493; LOC388789; SMIM26,sobreviveu,,
Q4_Cauda_Longa,35099534,114483833,H2BE1; H2BK1,descarte_a_fora_abstract,,
Q4_Cauda_Longa,28328537,100129148,,sobreviveu,,
Q4_Cauda_Longa,15611570,100126825,GJA6P,descarte_a_fora_abstract,,
Q4_Cauda_Longa,11696981,170522,GLRXP; GLRXP1; bA425M5.1,descarte_a_fora_abstract,,
Q4_Cauda_Longa,2470007,109115964,,descarte_nao_verificavel,,
Q4_Cauda_Longa,16940173,7908,,descarte_nao_verificavel,,
Q4_Cauda_Longa,4377261,2988,GUK2,descarte_a_fora_abstract,,
Q4_Cauda_Longa,18261224,645312,GLTPP1,descarte_a_fora_abstract,,
Q4_Cauda_Longa,20506354,108783648,,descarte_nao_verificavel,,
Q4_Cauda_Longa,24056535,55780,C6orf70; ERMARD; FLJ11152; dJ266L20.3,sobreviveu,,
Q4_Cauda_Longa,8896565,3378,,descarte_nao_verificavel,,
Q4_Cauda_Longa,25102180,100129940,HMGA2-AS1; RP11-366L20.2,descarte_a_fora_abstract,,
Q4_Cauda_Longa,33177288,100616330,MIR4491; hsa-mir-4491,sobreviveu,,
Q4_Cauda_Longa,24204828,647077,,descarte_nao_verificavel,,
Q4_Cauda_Longa,27889102,401546,C9orf152; bA470J20.2,sobreviveu,,
Q4_Cauda_Longa,22268729,26820,RNU24; SNORD24; U24,descarte_a_fora_abstract,,
Q4_Cauda_Longa,31054777,103689844,LINC01288; TCONS_00014671,sobreviveu,,
Q4_Cauda_Longa,34337719,106480431,,sobreviveu,,
Q4_Cauda_Longa,25332235,728622,SKP1B; SKP1P2; p19B,descarte_a_fora_abstract,,
Q4_Cauda_Longa,7959766,647187,IGHV3/OR16-6; IGHV3OR16-6,descarte_a_fora_abstract,,
Q4_Cauda_Longa,24391514,339168,MGC129793; TMEM95; UNQ9390,descarte_b_no_abstract,TMEM95,A nonsense mutation in TMEM95 encoding a nondescript transmembrane pr
Q4_Cauda_Longa,25719193,730094,ATTHOG; BC030336; C16orf52; MOSMO,descarte_a_fora_abstract,,
Q4_Cauda_Longa,35935583,102577424,HI-LNC12; LINC01574; TCONS_00009551,sobreviveu,,
Q4_Cauda_Longa,2066114,7208,TRL-TAG1-1; TRL2; TRNAL2; tRNA-Leu-TAG-1-1,descarte_a_fora_abstract,,
Q4_Cauda_Longa,8938427,140660,RPL21P4,descarte_a_fora_abstract,,
Q4_Cauda_Longa,16915236,768097,HAR1B; HAR1R; LINC00065; NCRNA00065,descarte_a_fora_abstract,,
Q4_Cauda_Longa,22219177,154907,C7orf66; LINC02903,descarte_a_fora_abstract,,
Q4_Cauda_Longa,24509480,641384,FLJ36105; LINC02912; TMEM75,descarte_a_fora_abstract,,
Q4_Cauda_Longa,10918069,386593,CHKB-CPT1B,descarte_a_fora_abstract,,
Q4_Cauda_Longa,34185402,100423033,MIR3158-2; hsa-mir-3158-2,descarte_a_fora_abstract,,
Q4_Cauda_Longa,36929224,125704,C18orf51; DIPK1C; FAM69C,descarte_b_no_abstract,FAM69C,FAM69C functions as a kinase for eIF2alpha and
Q4_Cauda_Longa,22062548,102464817,MIR5787; hsa-mir-5787,sobreviveu,,
Q4_Cauda_Longa,11157489,28926,IGKV2-18,descarte_a_fora_abstract,,
Q4_Cauda_Longa,38273714,339803,,sobreviveu,,
Q4_Cauda_Longa,38054797,100131733,USP30-AS1,descarte_b_no_abstract,USP30-AS1,Prognostic role of long non-coding RNA USP30-AS1 in ovarian cancer: insights into immune
Q4_Cauda_Longa,40961095,648691,LL22NC03-63E9.3; PRAME-AS,descarte_b_no_abstract,PRAME-AS,"PRAME-AS lncRNA, regulated by MZF1, modulates PR"
Q4_Cauda_Longa,11955599,28454,IGHV2-70,descarte_a_fora_abstract,,
Q4_Cauda_Longa,33314669,100505648,RAD51-AS1; TODRA,sobreviveu,,
Q4_Cauda_Longa,22895184,645811,C16orf29; CCDC154; LOC645811,sobreviveu,,
Q4_Cauda_Longa,35831855,146310,RNF151,descarte_b_no_abstract,RNF151, 148 (Rnf148); RING finger protein 151 (Rnf151); and Zinc finger SWIM-type containing 
Q4_Cauda_Longa,24025145,728979,RPL10AP9,descarte_a_fora_abstract,,
Q4_Cauda_Longa,32052021,28309,IGHV3/OR16-7; IGHV3OR16-7,descarte_a_fora_abstract,,
Q4_Cauda_Longa,28380328,100616119,MIR4697; hsa-mir-4697,sobreviveu,,
Q4_Cauda_Longa,36470425,339970,GCOM2; GLURR2; GRINL1B; POLR2MP1,descarte_a_fora_abstract,,
Q4_Cauda_Longa,8812489,1416,CRYB2B; CRYBB2P1,sobreviveu,,
Q4_Cauda_Longa,28049826,101928337,PTCSC2,sobreviveu,,
Q4_Cauda_Longa,15475466,109279841,,descarte_nao_verificavel,,
Q4_Cauda_Longa,31391242,203076,C8orf74,descarte_a_fora_abstract,,
Q4_Cauda_Longa,6308667,3051,HBZ-T2; HBZ2; HBZ2P; HBZP; HBZP1,descarte_a_fora_abstract,,
Q4_Cauda_Longa,29913236,401164,LINC01060,sobreviveu,,
Q4_Cauda_Longa,17671180,108254684,,descarte_nao_verificavel,,
Q4_Cauda_Longa,35874989,440078,FAM66C,sobreviveu,,
Q4_Cauda_Longa,27716615,110231149,PANCR; RP11-380D23.2,descarte_b_no_abstract,PANCR,PITX2 and PANCR DNA methylation predicts overall surviv
Q4_Cauda_Longa,26472337,285382,C3orf70,descarte_a_fora_abstract,,
Q4_Cauda_Longa,35357586,100505875,LINC01088,sobreviveu,,
Q4_Cauda_Longa,35883699,103695436,HNSCAT1; LINC01269; PARLncRNA-1; lncRNA-RP6-65G23.1,descarte_b_no_abstract,PARLncRNA-1,"t, we measured the expression levels of PARLncRNA-1, a down-regulated lncRNA of hyperreacti"
Q4_Cauda_Longa,30619325,100506860,AC016831.7; LINC00513,descarte_b_no_abstract,LINC00513,Identification of LncRNA Linc00513 Containing Lupus-Associated Genetic Var
Q4_Cauda_Longa,33622275,101926941,AC005592.2; LINC01844; SPRY4-AS1; THCAT68,descarte_b_no_abstract,AC005592.2,-enhancer-associated long noncoding RNA AC005592.2 promotes tumor progression by regulatin
Q4_Cauda_Longa,31221094,401089,C3orf72; FLJ43329; FOXL2NB,descarte_a_fora_abstract,,
Q4_Cauda_Longa,23851940,108004544,,descarte_nao_verificavel,,
Q4_Cauda_Longa,24309999,109280161,,descarte_nao_verificavel,,
Q4_Cauda_Longa,31781973,106614088,MIR34AHG; lnc34a,descarte_a_fora_abstract,,
Q4_Cauda_Longa,34560189,386597,GRASLND; RNF144A-AS1,descarte_b_no_abstract,RNF144A-AS1,RNF144A-AS1 promotes the development of glioma cell
Q4_Cauda_Longa,35391932,245937,DEFB-24; DEFB124,descarte_a_fora_abstract,,
Q4_Cauda_Longa,33194618,644338,RPL37AP8,descarte_a_fora_abstract,,
Q4_Cauda_Longa,32878637,283197,C11orf64; LINC00301; MGC39681; NCRNA00301,sobreviveu,,
Q4_Cauda_Longa,11581315,28401,IGHV4-4,descarte_a_fora_abstract,,
Q4_Cauda_Longa,32352014,144571,A2M-AS1,sobreviveu,,
Q4_Cauda_Longa,22863734,4963,,descarte_nao_verificavel,,
Q4_Cauda_Longa,36553541,100359395,,sobreviveu,,
Q4_Cauda_Longa,30936463,102723475,,sobreviveu,,
Q4_Cauda_Longa,25634023,100009667,Oct4-pg5; POU5F1P5,sobreviveu,,
Q4_Cauda_Longa,19901119,149281,C1orf184; HOMT1B; METTL11B; NTMT2,descarte_a_fora_abstract,,
Q4_Cauda_Longa,19456325,106728414,,descarte_nao_verificavel,,
Q4_Cauda_Longa,23223008,101410537,MAGEA8-AS1; RP5-869M20.2,descarte_a_fora_abstract,,
Q4_Cauda_Longa,1686016,6719,SRD5A1P1; SRD5AP1,sobreviveu,,
Q4_Cauda_Longa,16543360,107546778,,descarte_nao_verificavel,,
Q4_Cauda_Longa,24556642,645206,LINC00693,descarte_a_fora_abstract,,
Q4_Cauda_Longa,31847890,79667,FLJ13197; KLF3-AS1,sobreviveu,,
Q4_Cauda_Longa,25854761,223075,CCDC129; FLJ38344; ITPRID1,sobreviveu,,
Q4_Cauda_Longa,38625739,401115,C4orf48; NICOL; NICOL1,descarte_b_no_abstract,C4orf48,The secreted micropeptide C4orf48 enhances renal fibrosis via an RNA-bind
Q4_Cauda_Longa,7545941,1987,EIF5AP3,descarte_a_fora_abstract,,
Q4_Cauda_Longa,33364785,100132707,PAXIP1-AS2; PAXIP1OS,descarte_a_fora_abstract,,
Q4_Cauda_Longa,9169142,6459,CNSA-P2; SH3GL1P2; SH3GLP2,descarte_a_fora_abstract,,
Q4_Cauda_Longa,21399635,730109,LINC01100,descarte_a_fora_abstract,,
Q4_Cauda_Longa,10854409,105373377,PNMA6BL; PNMA6F,descarte_a_fora_abstract,,
Q4_Cauda_Longa,11896452,83656,C8orf12; FAM167A-AS1,descarte_a_fora_abstract,,
Q4_Cauda_Longa,8065311,6082,RNU20; SNORD20; U20,sobreviveu,,
Q4_Cauda_Longa,17534374,4965,,sobreviveu,,
Q4_Cauda_Longa,34626132,100506649,EyeLinc4; PXN-AS1,sobreviveu,,
Q4_Cauda_Longa,24001895,101927845,,descarte_nao_verificavel,,
Q4_Cauda_Longa,34983308,100506881,MKLN1-AS; MKLN1-AS2,descarte_b_no_abstract,MKLN1-AS,noncoding RNA muskelin 1 antisense RNA (MKLN1-AS) acted as an oncogenic regulator in hep
Q4_Cauda_Longa,38263248,105378853,LINC02609,descarte_b_no_abstract,LINC02609,HIF-2alpha/LINC02609/APOL1-mediated lipid storage promotes e
Q4_Cauda_Longa,24677629,102724001,AC104041.1; LINC01418,descarte_a_fora_abstract,,
Q4_Cauda_Longa,21700879,280644,PSMD10P2,descarte_a_fora_abstract,,
Q4_Cauda_Longa,24670763,108281162,,descarte_nao_verificavel,,
Q4_Cauda_Longa,30274775,388906,OGFRP1,sobreviveu,,
Q4_Cauda_Longa,19789318,693147,MIR562; MIRN562; hsa-mir-562,sobreviveu,,
Q4_Cauda_Longa,31653868,101928527,PIGBOS1,descarte_a_fora_abstract,,
Q4_Cauda_Longa,9503025,728519,BIRC; NAIP1B; NAIPP2,descarte_a_fora_abstract,,
Q4_Cauda_Longa,28082678,100431172,KLRF2; NKp65,sobreviveu,,
Q4_Cauda_Longa,32727980,55853,C10orf110; Em:AC022536.4; HT009; IDI2-AS; IDI2-AS1,sobreviveu,,
Q4_Cauda_Longa,21156761,391370,RPS12P4,sobreviveu,,
Q4_Cauda_Longa,23105016,401124,DTHD1; FLJ16686,sobreviveu,,
Q4_Cauda_Longa,32592116,133491,C5orf47; LOC133491,sobreviveu,,
Q4_Cauda_Longa,34067766,100129570,PEBP1P3,sobreviveu,,
Q4_Cauda_Longa,28005267,439915,KRTAP5-11; KRTAP5-5; KRTAP5.5,descarte_a_fora_abstract,,
Q4_Cauda_Longa,25556246,28404,IGHV3-38-3; IGHV3-D; IGHV3-d,descarte_a_fora_abstract,,
Q4_Cauda_Longa,12086618,57108,KMT5AP1; SET07p; SETD8P1,descarte_a_fora_abstract,,
Q4_Cauda_Longa,17120046,100101424,,descarte_nao_verificavel,,
Q4_Cauda_Longa,36196456,220832,FABP5L3; FABP5P3; TCAG_1781704,descarte_b_no_abstract,FABP5P3,Long non-coding RNA FABP5P3/miR-22 axis improves TGFbeta1-induced f
Q4_Cauda_Longa,12475935,100287399,POTEB2,descarte_a_fora_abstract,,
Q4_Cauda_Longa,35042534,26818,RNU33; SNORD33; U33,sobreviveu,,
Q4_Cauda_Longa,33476473,112488748,S100A15A,descarte_a_fora_abstract,,
Q4_Cauda_Longa,38059912,100616282,MIR4738; hsa-mir-4738,descarte_a_fora_abstract,,
Q4_Cauda_Longa,39026221,100302283,MIR1227; MIRN1227; hsa-mir-1227,descarte_a_fora_abstract,,
Q4_Cauda_Longa,15108280,442131,ALG3P1,descarte_a_fora_abstract,,
Q4_Cauda_Longa,28410200,26802,RNU47; SNORD47; U47,sobreviveu,,
Q4_Cauda_Longa,28280357,102724047,RP11-190D6.2; WWOX-AS1,descarte_a_fora_abstract,,
Q4_Cauda_Longa,28076325,440993,ENST00000453324; LINC00969; MIR570HG,descarte_a_fora_abstract,,
Q4_Cauda_Longa,35984699,100616241,MIR4717; hsa-mir-4717,descarte_a_fora_abstract,,
Q4_Cauda_Longa,37757977,100422920,MIR548X; hsa-mir-548x,descarte_a_fora_abstract,,
Q4_Cauda_Longa,34593639,65122,FLJ43580; PRAMEF2,sobreviveu,,
Q4_Cauda_Longa,9070470,406216,,descarte_nao_verificavel,,
Q4_Cauda_Longa,1701012,254958,GOR; REXO1L1; REXO1L1P,sobreviveu,,
Q4_Cauda_Longa,26694754,339862,BALR-6; BALR6,descarte_b_no_abstract,BALR-6,BALR-6 regulates cell growth and cell survival
Q4_Cauda_Longa,32145912,105374527,AC092834.1; PPARGC1A-AS1,descarte_b_no_abstract,AC092834.1,"A novel long noncoding RNA, AC092834.1, regulates the adipogenic differentiati"
Q4_Cauda_Longa,30219035,359794,TUSC2P; TUSC2P1,sobreviveu,,
Q4_Cauda_Longa,2349949,122,,descarte_nao_verificavel,,
Q4_Cauda_Longa,1649122,387867,LAMR1P12; LAMRL2; LAMRP2; RPSAP12,sobreviveu,,
Q4_Cauda_Longa,35196197,664615,MIR376A2; MIRN376A2; hsa-mir-376a-2,descarte_a_fora_abstract,,
Q4_Cauda_Longa,27727196,110806273,RP1-90G24.10; SLC5A4-AS1,descarte_b_no_abstract,RP1-90G24.10,"fic lncRNAs, 5 lncRNAs (CTD-2616J11.14, RP1-90G24.10, RP11-150O12.3, RP11-1149O23.2, and MLK"
Q4_Cauda_Longa,10417286,100917,,descarte_nao_verificavel,,
Q4_Cauda_Longa,29763634,100505887,LINC01672; NMR,descarte_b_no_abstract,NMR,Novel long noncoding RNA NMR promotes tumor progression via NSUN2 an
Q4_Cauda_Longa,16582587,107048984,,descarte_nao_verificavel,,
Q4_Cauda_Longa,30549996,111216284,BNC2-AS1; RP11-62F24.2,descarte_b_no_abstract,BNC2-AS1,"Effect of lncRNA BNC2-AS1 on the Proliferation, Migration and Inv"
Q4_Cauda_Longa,22045503,108783648,,descarte_nao_verificavel,,
Q4_Cauda_Longa,9141499,344657,LRRC64; LRRIQ4,descarte_a_fora_abstract,,
Q4_Cauda_Longa,25116943,80078,LCAL1; onco-lncRNA-27,sobreviveu,,
Q4_Cauda_Longa,37025072,102465836,MIR7846; hsa-mir-7846,descarte_a_fora_abstract,,
Q4_Cauda_Longa,32738890,735301,DKFZp686N06141; NCRNA00062; SNHG9,sobreviveu,,
Q4_Cauda_Longa,17618283,100188841,,descarte_nao_verificavel,,
Q4_Cauda_Longa,11896456,83597,LTM1; RTP3; TMEM7; Z3CXXC3,sobreviveu,,
Q4_Cauda_Longa,34186245,100134938,UPK3BL; UPK3BL1; UPLP,descarte_a_fora_abstract,,
Q4_Cauda_Longa,38261743,100616376,MIR4492; hsa-mir-4492,descarte_a_fora_abstract,,
Q4_Cauda_Longa,2247610,692084,RNU13; SNORD13; SNORD13A; U13,descarte_a_fora_abstract,,
Q4_Cauda_Longa,22581709,643332,ECRP; RNASE2CP,descarte_a_fora_abstract,,
Q4_Cauda_Longa,16712704,780922,,sobreviveu,,
Q4_Cauda_Longa,38630521,401236,FLJ23152; STMND1,sobreviveu,,
Q4_Cauda_Longa,18256213,153745,FAM71B; GARI-L3; GARIN3; MGC26988,descarte_a_fora_abstract,,
Q4_Cauda_Longa,23782819,1866,,descarte_nao_verificavel,,
Q4_Cauda_Longa,38309317,100505967,LINC00645,sobreviveu,,
Q4_Cauda_Longa,31253658,115409980,NR4A1-AS1; NR4A1AS; RP11-1100L3.8; lncMMPA,descarte_b_no_abstract,NR4A1AS,A novel lncRNA NR4A1AS up-regulates orphan nuclear receptor NR
Q4_Cauda_Longa,24375959,108004531,,descarte_nao_verificavel,,
Q4_Cauda_Longa,16501916,100359407,,descarte_nao_verificavel,,
Q4_Cauda_Longa,10684929,692233,SNORD117; U83,sobreviveu,,
Q4_Cauda_Longa,17952380,54573,UGT1A12P; UGT1L,descarte_a_fora_abstract,,
Q4_Cauda_Longa,35382692,100616388,MIR4723; hsa-mir-4723,descarte_b_no_abstract,hsa-mir-4723," and statistical analysis, and verified hsa-mir-4723-5p by Quantitative Real-time polymerase"
Q4_Cauda_Longa,38084631,100507463,PSMB8-AS1; TAP1-AS1; TAPSAR1; XXbac-BPG246D15.8,sobreviveu,,
Q4_Cauda_Longa,34048322,100616273,MIR451B; hsa-mir-451b,descarte_a_fora_abstract,,
Q4_Cauda_Longa,33318478,106144598,FARSA-AS1,descarte_b_no_abstract,FARSA-AS1,"SOX9-activated FARSA-AS1 predetermines cell growth, stemness, an"
Q4_Cauda_Longa,24332808,388344,RPL13P12,descarte_a_fora_abstract,,
Q4_Cauda_Longa,19956766,105274310,,descarte_nao_verificavel,,
Q4_Cauda_Longa,15914615,497188,,sobreviveu,,
Q4_Cauda_Longa,36465614,121838,LINC00284; NCRNA00284; NRAD1,descarte_b_no_abstract,NRAD1,"idate genes. Three feature genes, SEZ6, NRAD1, and LPAR4, were identified by machine "
Q4_Cauda_Longa,19255778,105377321,SCPPPQ1,descarte_a_fora_abstract,,
Q4_Cauda_Longa,16478472,2761,GM2AP; GM2AP1,descarte_b_no_abstract,GM2AP,r protein.   The GM2-activator protein (GM2AP) is an essential cofactor for the lysos
Q4_Cauda_Longa,34115333,503538,A1BG-AS; A1BG-AS1; A1BGAS; FLJ23569; NCRNA00181,sobreviveu,,
Q4_Cauda_Longa,26276270,401375,GTF2IRD2P; GTF2IRD2P1,sobreviveu,,
Q4_Cauda_Longa,3860845,927,CD8B2; CD8BP,descarte_a_fora_abstract,,
Q4_Cauda_Longa,28212545,677841,SNORA74B; U19-2,sobreviveu,,
Q4_Cauda_Longa,35220878,100506710,EBLN3; EBLN3P; LOC100506710,sobreviveu,,
Q4_Cauda_Longa,28666385,26824,RNU11; RNU11-1; U11,sobreviveu,,
Q4_Cauda_Longa,18951430,360159,CYCSP6; HCP6,descarte_a_fora_abstract,,
Q4_Cauda_Longa,880069,4156,,descarte_nao_verificavel,,
Q4_Cauda_Longa,33658057,693176,MIR591; MIRN591; hsa-mir-591,sobreviveu,,
Q4_Cauda_Longa,1916814,1980,EIF4EL2; EIF4EP1; dJ1022P6.3,sobreviveu,,
Q4_Cauda_Longa,23455426,109286569,,descarte_nao_verificavel,,
Q4_Cauda_Longa,31514068,100507274,LINC01210,sobreviveu,,
Q4_Cauda_Longa,11702225,171560,TXNP6,descarte_a_fora_abstract,,
Q4_Cauda_Longa,38760378,26843,RNU3P3; SNORD3P3; U3; U3.5; u3.7,descarte_b_no_abstract,U3,U3 snoRNA inter-regulates with DDX21 in th
Q4_Cauda_Longa,28455792,122525,C14orf28; DORIP1; DRIP-1; DRIP1,sobreviveu,,
Q4_Cauda_Longa,10066802,6260,JTK5; JTK5B; RYKL1; RYKP; RYKP1,descarte_a_fora_abstract,,
Q4_Cauda_Longa,17075716,100124414,,descarte_nao_verificavel,,
Q4_Cauda_Longa,31012177,693152,MIR567; MIRN567; hsa-mir-567,sobreviveu,,
Q4_Cauda_Longa,20026329,171221,DNAJB1P; DNAJB1P1; psiHSP40,sobreviveu,,
